,Administrative,Administrative_Duration,Informational,Informational_Duration,ProductRelated,ProductRelated_Duration,BounceRates,ExitRates,PageValues,SpecialDay,Month,OperatingSystems,Browser,Region,TrafficType,VisitorType,Weekend,Revenue,real_identifier
0,1.0,120.0,0.0,0.0,30.0,1800.0,0.025,0.045,0.0,0.0,2.0,1.0,3.0,5.0,8.0,2.0,0.0,0.0,0
1,0.0,0.0,1.0,25.0,45.0,2250.0,0.01,0.02,0.0,0.0,3.0,2.0,1.0,2.0,5.0,2.0,1.0,0.0,0
2,2.0,90.0,0.0,0.0,20.0,1500.0,0.03,0.05,0.0,0.0,11.0,2.0,4.0,7.0,1.0,2.0,0.0,0.0,0
3,0.0,0.0,0.0,0.0,5.0,250.0,0.15,0.17,0.0,0.0,4.0,3.0,2.0,6.0,12.0,2.0,0.0,0.0,0
4,5.0,200.0,1.0,100.0,40.0,1900.0,0.01,0.03,0.0,0.0,8.0,2.0,5.0,3.0,3.0,0.0,1.0,0.0,0
5,0.0,0.0,0.0,0.0,2.0,10.0,0.25,0.25,0.0,0.0,9.0,1.0,1.0,2.0,10.0,2.0,0.0,0.0,0
6,3.0,150.0,0.0,0.0,35.0,1750.0,0.02,0.04,0.0,0.0,10.0,2.0,3.0,5.0,6.0,2.0,0.0,1.0,0
7,0.0,0.0,1.0,30.0,60.0,3000.0,0.005,0.01,0.0,0.0,1.0,2.0,2.0,4.0,4.0,2.0,0.0,0.0,0
8,4.0,240.0,1.0,60.0,30.0,1400.0,0.015,0.025,0.0,0.0,7.0,2.0,6.0,8.0,7.0,0.0,1.0,0.0,0
9,0.0,0.0,0.0,0.0,10.0,500.0,0.12,0.13,0.0,0.0,6.0,1.0,1.0,3.0,15.0,2.0,0.0,0.0,0
10,1.0,112.3,0.0,0.0,15.0,450.25,0.0217,0.0312,0.0,0.0,4.0,1.0,2.0,4.0,2.0,2.0,0.0,0.0,0
11,0.0,0.0,0.0,0.0,14.0,482.625,0.0123,0.0456,0.0,0.0,10.0,3.0,1.0,2.0,1.0,2.0,0.0,0.0,0
12,5.0,200.7,1.0,12.0,32.0,1295.4167,0.0078,0.0193,0.0,0.0,8.0,2.0,3.0,5.0,4.0,2.0,0.0,0.0,0
13,3.0,144.0,0.0,0.0,20.0,646.75,0.0054,0.0379,0.0,0.0,3.0,1.0,2.0,6.0,2.0,2.0,1.0,0.0,0
14,0.0,0.0,0.0,0.0,9.0,312.4,0.0301,0.0526,0.0,0.0,11.0,2.0,4.0,3.0,3.0,2.0,1.0,0.0,0
15,4.0,160.5,2.0,180.0,40.0,1376.8333,0.0,0.0067,15.3214,0.0,7.0,3.0,5.0,4.0,2.0,0.0,1.0,0.0,0
16,2.0,102.0,0.0,0.0,12.0,380.75,0.0189,0.0244,0.0,0.0,9.0,1.0,3.0,7.0,1.0,2.0,0.0,0.0,0
17,0.0,0.0,0.0,0.0,5.0,185.0,0.0,0.0612,0.0,0.0,12.0,1.0,2.0,3.0,4.0,2.0,1.0,0.0,0
18,6.0,240.0,1.0,30.0,50.0,1642.5,0.0,0.0123,18.4567,0.0,2.0,2.0,6.0,1.0,3.0,2.0,0.0,1.0,0
19,1.0,89.0,3.0,260.0,65.0,1430.4167,0.0,0.0045,130.8214,0.0,6.0,4.0,2.0,3.0,3.0,2.0,1.0,1.0,0
20,2.0,150.0,1.0,200.0,150.0,3500.0,0.005,0.02,5.0,0.0,3.0,1.0,3.0,4.0,1.0,2.0,0.0,0.0,0
21,5.0,250.0,0.0,0.0,200.0,5000.0,0.003,0.015,8.0,0.0,4.0,2.0,1.0,2.0,3.0,2.0,1.0,0.0,0
22,0.0,0.0,3.0,400.0,100.0,2500.0,0.0,0.01,10.0,0.0,8.0,3.0,4.0,6.0,2.0,2.0,0.0,1.0,0
23,3.0,180.0,2.0,150.0,120.0,3000.0,0.004,0.025,0.0,0.0,9.0,2.0,5.0,3.0,4.0,2.0,0.0,0.0,0
24,0.0,0.0,1.0,100.0,50.0,1200.0,0.0,0.03,15.0,0.0,10.0,1.0,2.0,7.0,1.0,2.0,1.0,1.0,0
25,6.0,300.0,0.0,0.0,180.0,4500.0,0.006,0.018,0.0,0.0,11.0,3.0,6.0,4.0,5.0,2.0,0.0,0.0,0
26,1.0,50.0,0.0,0.0,30.0,700.0,0.002,0.04,0.0,0.0,12.0,2.0,3.0,5.0,2.0,2.0,1.0,0.0,0
27,0.0,0.0,2.0,300.0,80.0,2000.0,0.0,0.012,12.0,0.0,5.0,4.0,7.0,6.0,3.0,2.0,0.0,1.0,0
28,4.0,200.0,1.0,120.0,140.0,3300.0,0.007,0.022,0.0,0.0,6.0,1.0,4.0,8.0,2.0,2.0,0.0,0.0,0
29,2.0,100.0,0.0,0.0,90.0,2200.0,0.001,0.03,0.0,0.0,7.0,2.0,5.0,9.0,4.0,2.0,1.0,0.0,0
30,3.0,85.3,0.0,0.0,21.0,520.1,0.0,0.015,0.0,0.0,10.0,2.0,3.0,5.0,7.0,2.0,0.0,0.0,0
31,0.0,0.0,0.0,0.0,19.0,482.0,0.002,0.008,0.0,0.0,2.0,1.0,1.0,4.0,6.0,0.0,1.0,0.0,0
32,2.0,42.7,0.0,0.0,15.0,320.0,0.003,0.013,0.0,0.0,7.0,3.0,3.0,7.0,9.0,2.0,0.0,0.0,0
33,0.0,0.0,1.0,145.0,28.0,680.0,0.0,0.01,0.0,0.0,3.0,2.0,2.0,2.0,5.0,0.0,0.0,0.0,0
34,5.0,105.0,0.0,0.0,34.0,900.0,0.0,0.01,0.0,0.0,8.0,2.0,1.0,6.0,8.0,2.0,0.0,0.0,0
35,0.0,0.0,0.0,0.0,6.0,110.0,0.08,0.12,0.0,0.0,4.0,3.0,1.0,3.0,12.0,2.0,0.0,0.0,0
36,1.0,15.0,0.0,0.0,18.0,890.0,0.0,0.017,0.0,0.0,11.0,2.0,2.0,10.0,3.0,2.0,0.0,0.0,0
37,0.0,0.0,0.0,0.0,10.0,250.0,0.005,0.009,0.0,0.0,12.0,1.0,2.0,9.0,6.0,0.0,1.0,0.0,0
38,2.0,50.0,0.0,0.0,14.0,360.0,0.0,0.012,0.0,0.0,5.0,2.0,3.0,7.0,4.0,2.0,0.0,0.0,0
39,0.0,0.0,0.0,0.0,25.0,700.0,0.0,0.007,0.0,0.0,6.0,2.0,1.0,4.0,10.0,2.0,1.0,0.0,0
40,4.0,210.0,0.0,0.0,45.0,2800.0,0.0015,0.012,0.0,0.0,5.0,3.0,1.0,2.0,5.0,2.0,0.0,0.0,0
41,1.0,45.0,2.0,90.0,60.0,1400.0,0.004,0.018,0.0,0.0,11.0,2.0,6.0,3.0,1.0,2.0,0.0,1.0,0
42,0.0,0.0,0.0,0.0,10.0,250.0,0.01,0.02,0.0,0.0,2.0,1.0,7.0,4.0,3.0,0.0,0.0,0.0,0
43,6.0,300.0,0.0,0.0,75.0,3500.0,0.002,0.01,0.0,0.0,12.0,3.0,2.0,1.0,6.0,2.0,0.0,1.0,0
44,2.0,120.0,1.0,50.0,50.0,1800.0,0.003,0.015,0.0,0.0,4.0,2.0,3.0,5.0,4.0,2.0,0.0,0.0,0
45,0.0,0.0,0.0,0.0,20.0,500.0,0.015,0.025,0.0,0.0,9.0,1.0,4.0,6.0,2.0,0.0,0.0,0.0,0
46,3.0,150.0,0.0,0.0,65.0,2700.0,0.001,0.013,0.0,0.0,8.0,3.0,2.0,7.0,5.0,2.0,0.0,1.0,0
47,0.0,0.0,0.0,0.0,12.0,300.0,0.008,0.019,0.0,0.0,10.0,2.0,1.0,8.0,3.0,2.0,0.0,0.0,0
48,7.0,400.0,0.0,0.0,85.0,4000.0,0.0025,0.011,0.0,0.0,3.0,3.0,2.0,9.0,7.0,2.0,0.0,1.0,0
49,1.0,60.0,0.0,0.0,30.0,700.0,0.005,0.016,0.0,0.0,7.0,1.0,5.0,10.0,1.0,2.0,0.0,0.0,0
50,2.0,48.3333,1.0,15.75,89.0,2204.7423,0.0032,0.0189,0.0,0.0,6.0,1.0,2.0,5.0,4.0,2.0,0.0,1.0,0
51,0.0,0.0,0.0,0.0,14.0,512.0,0.0234,0.045,0.0,0.0,3.0,3.0,2.0,2.0,12.0,2.0,0.0,0.0,0
52,5.0,115.6875,0.0,0.0,37.0,1034.125,0.0,0.0196,0.0,0.0,5.0,2.0,2.0,4.0,3.0,2.0,1.0,0.0,0
53,0.0,0.0,0.0,0.0,18.0,437.3333,0.0567,0.072,0.0,0.0,1.0,2.0,2.0,1.0,8.0,2.0,0.0,0.0,0
54,1.0,24.1667,3.0,41.0,103.0,2475.8333,0.0056,0.0208,0.0,0.0,7.0,2.0,2.0,3.0,2.0,2.0,1.0,1.0,0
55,0.0,0.0,0.0,0.0,11.0,385.0,0.0,0.0171,0.0,0.0,4.0,1.0,2.0,6.0,5.0,2.0,0.0,0.0,0
56,3.0,82.4583,1.0,20.0,48.0,1320.5,0.0,0.0162,0.0,0.0,6.0,3.0,2.0,2.0,1.0,2.0,1.0,0.0,0
57,0.0,0.0,0.0,0.0,24.0,620.0,0.037,0.058,0.0,0.0,2.0,2.0,2.0,4.0,13.0,2.0,0.0,0.0,0
58,7.0,162.1667,0.0,0.0,57.0,1450.6667,0.0,0.0198,0.0,0.0,7.0,2.0,2.0,7.0,6.0,2.0,1.0,1.0,0
59,0.0,0.0,0.0,0.0,15.0,360.0,0.0,0.0154,0.0,0.0,0.0,3.0,2.0,1.0,1.0,2.0,0.0,0.0,0
60,1.0,28.0,0.0,0.0,7.0,132.7,0.004,0.025,0.0,0.0,4.0,1.0,1.0,5.0,12.0,2.0,0.0,0.0,0
61,4.0,145.0,0.0,0.0,17.0,1180.9,0.001,0.015,0.0,0.0,6.0,2.0,3.0,2.0,5.0,0.0,1.0,0.0,0
62,0.0,0.0,0.0,0.0,10.0,215.4,0.012,0.03,0.0,0.0,8.0,3.0,5.0,7.0,1.0,2.0,0.0,0.0,0
63,3.0,82.0,1.0,0.0,14.0,567.3,0.0,0.02,0.0,0.0,2.0,2.0,4.0,3.0,10.0,2.0,1.0,0.0,0
64,0.0,0.0,0.0,0.0,19.0,430.1,0.003,0.04,0.0,0.0,6.0,1.0,2.0,6.0,1.0,2.0,0.0,0.0,0
65,5.0,210.0,0.0,0.0,11.0,630.0,0.005,0.01,0.0,0.0,7.0,3.0,2.0,9.0,16.0,2.0,1.0,0.0,0
66,2.0,62.0,0.0,0.0,25.0,1020.0,0.0,0.03,0.0,0.0,5.0,2.0,3.0,4.0,9.0,0.0,0.0,0.0,0
67,0.0,0.0,0.0,0.0,5.0,95.0,0.01,0.02,0.0,0.0,6.0,1.0,6.0,2.0,2.0,2.0,0.0,0.0,0
68,7.0,290.0,0.0,0.0,13.0,780.0,0.001,0.015,0.0,0.0,3.0,2.0,2.0,1.0,7.0,2.0,1.0,0.0,0
69,1.0,15.0,0.0,0.0,21.0,1200.0,0.0,0.035,0.0,0.0,6.0,3.0,4.0,8.0,14.0,2.0,0.0,0.0,0
70,1.0,35.0,0.0,0.0,14.0,678.3,0.0,0.0072,54.3,0.0,3.0,2.0,1.0,2.0,1.0,0.0,0.0,0.0,0
71,0.0,0.0,0.0,0.0,23.0,1245.0,0.0,0.0096,0.0,0.0,10.0,2.0,3.0,1.0,5.0,2.0,0.0,0.0,0
72,5.0,112.0,1.0,30.0,16.0,350.2,0.0042,0.0137,12.9,0.0,7.0,3.0,2.0,4.0,2.0,2.0,0.0,0.0,0
73,0.0,0.0,0.0,0.0,17.0,1023.4,0.0,0.0055,0.0,0.0,11.0,1.0,2.0,1.0,1.0,0.0,0.0,0.0,0
74,2.0,28.0,0.0,0.0,8.0,450.0,0.0,0.0125,0.0,0.0,5.0,2.0,2.0,3.0,4.0,2.0,0.0,0.0,0
75,7.0,150.0,2.0,40.0,33.0,920.0,0.0078,0.0162,0.0,0.0,4.0,3.0,1.0,2.0,3.0,2.0,0.0,0.0,0
76,1.0,12.0,0.0,0.0,10.0,510.0,0.0,0.0041,0.0,0.0,9.0,1.0,2.0,1.0,7.0,0.0,0.0,0.0,0
77,4.0,89.0,0.0,0.0,22.0,760.0,0.0033,0.0135,0.0,0.0,2.0,2.0,1.0,3.0,2.0,2.0,0.0,0.0,0
78,0.0,0.0,0.0,0.0,34.0,1420.0,0.0,0.0094,0.0,0.0,12.0,2.0,3.0,1.0,6.0,0.0,0.0,0.0,0
79,3.0,75.0,1.0,22.0,19.0,840.0,0.0059,0.0158,0.0,0.0,8.0,3.0,2.0,2.0,4.0,2.0,0.0,0.0,0
80,1.0,35.0,0.0,0.0,45.0,1120.0,0.015,0.02,8.0,0.0,4.0,2.0,3.0,2.0,1.0,2.0,0.0,0.0,0
81,0.0,0.0,1.0,120.0,20.0,600.0,0.007,0.01,5.0,0.0,2.0,1.0,2.0,4.0,3.0,0.0,1.0,0.0,0
82,5.0,100.0,2.0,300.0,100.0,3000.0,0.005,0.015,12.0,0.0,8.0,2.0,1.0,3.0,2.0,2.0,0.0,1.0,0
83,0.0,0.0,0.0,0.0,15.0,375.0,0.05,0.08,0.0,0.0,10.0,3.0,4.0,5.0,1.0,0.0,0.0,0.0,0
84,3.0,60.0,0.0,0.0,50.0,1300.0,0.002,0.008,6.0,0.0,9.0,2.0,2.0,6.0,3.0,1.0,1.0,0.0,0
85,0.0,0.0,0.0,0.0,60.0,1500.0,0.004,0.01,0.0,0.0,11.0,1.0,1.0,2.0,2.0,2.0,0.0,0.0,0
86,2.0,40.0,0.0,0.0,30.0,750.0,0.02,0.03,0.0,0.0,7.0,2.0,3.0,1.0,1.0,0.0,1.0,0.0,0
87,0.0,0.0,0.0,0.0,10.0,200.0,0.04,0.06,0.0,0.0,5.0,3.0,2.0,7.0,4.0,2.0,0.0,0.0,0
88,6.0,120.0,0.0,0.0,80.0,2000.0,0.003,0.007,10.0,0.0,1.0,2.0,2.0,4.0,3.0,0.0,0.0,1.0,0
89,0.0,0.0,0.0,0.0,25.0,625.0,0.01,0.02,0.0,0.0,3.0,1.0,4.0,3.0,2.0,2.0,0.0,0.0,0
90,2.0,70.4,0.0,0.0,10.0,412.6,0.0,0.0083,0.0,0.0,7.0,2.0,4.0,2.0,3.0,0.0,0.0,0.0,0
91,0.0,0.0,0.0,0.0,5.0,105.8,0.06,0.08,0.0,0.0,4.0,1.0,1.0,8.0,4.0,2.0,0.0,0.0,0
92,3.0,55.0,1.0,120.0,20.0,510.0,0.0,0.0,0.0,0.0,9.0,3.0,6.0,3.0,5.0,1.0,0.0,0.0,0
93,5.0,112.0,0.0,0.0,18.0,400.0,0.0,0.0075,0.0,0.0,10.0,2.0,5.0,6.0,10.0,2.0,1.0,1.0,0
94,1.0,18.0,0.0,0.0,9.0,210.0,0.01,0.02,12.0,0.0,2.0,2.0,3.0,5.0,7.0,2.0,0.0,0.0,0
95,4.0,68.0,0.0,0.0,12.0,280.0,0.005,0.01,0.0,0.0,11.0,2.0,1.0,2.0,6.0,0.0,0.0,0.0,0
96,0.0,0.0,0.0,0.0,6.0,90.0,0.0,0.01,0.0,0.0,0.0,1.0,4.0,7.0,1.0,2.0,0.0,0.0,0
97,2.0,40.0,0.0,0.0,14.0,350.0,0.0,0.005,0.0,0.0,8.0,3.0,5.0,4.0,9.0,2.0,1.0,1.0,0
98,1.0,25.0,0.0,0.0,8.0,175.0,0.0,0.004,0.0,0.0,5.0,2.0,6.0,1.0,3.0,2.0,0.0,0.0,0
99,3.0,80.0,0.0,0.0,11.0,290.0,0.0,0.0,0.0,0.0,6.0,2.0,3.0,3.0,4.0,0.0,0.0,0.0,0
100,2.0,85.0,1.0,150.0,32.0,1600.0,0.008,0.015,12.345,0.0,4.0,2.0,3.0,5.0,7.0,2.0,0.0,1.0,0
101,1.0,110.0,3.0,450.0,25.0,1200.0,0.012,0.023,18.76,0.0,8.0,1.0,4.0,2.0,6.0,1.0,1.0,0.0,0
102,0.0,0.0,5.0,800.0,10.0,900.0,0.0,0.01,0.0,0.0,10.0,3.0,6.0,7.0,9.0,2.0,0.0,0.0,0
103,4.0,200.0,0.0,0.0,45.0,2500.0,0.017,0.025,23.45,0.0,3.0,3.0,2.0,1.0,10.0,2.0,1.0,1.0,0
104,3.0,150.0,2.0,300.0,40.0,2000.0,0.009,0.018,15.0,0.0,11.0,2.0,5.0,6.0,4.0,2.0,0.0,0.0,0
105,1.0,90.0,0.0,0.0,30.0,1400.0,0.007,0.012,10.23,0.0,2.0,1.0,3.0,4.0,5.0,2.0,1.0,1.0,0
106,0.0,0.0,4.0,600.0,18.0,1000.0,0.0,0.01,0.0,0.0,7.0,3.0,7.0,8.0,3.0,2.0,0.0,0.0,0
107,2.0,60.0,1.0,100.0,20.0,1800.0,0.005,0.014,14.67,0.0,12.0,2.0,4.0,3.0,8.0,2.0,0.0,1.0,0
108,3.0,180.0,0.0,0.0,28.0,1600.0,0.011,0.021,17.89,0.0,9.0,2.0,1.0,2.0,7.0,2.0,1.0,0.0,0
109,0.0,0.0,2.0,200.0,12.0,800.0,0.003,0.009,0.0,0.0,6.0,3.0,6.0,4.0,1.0,2.0,0.0,0.0,0
110,1.0,12.5,0.0,0.0,14.0,540.6,0.005,0.025,0.0,0.0,4.0,2.0,3.0,2.0,3.0,2.0,0.0,0.0,0
111,0.0,0.0,0.0,0.0,17.0,812.45,0.04,0.03,0.0,0.0,7.0,3.0,1.0,4.0,2.0,2.0,1.0,0.0,0
112,4.0,35.0,1.0,5.0,22.0,648.0,0.01,0.035,0.0,0.0,10.0,1.0,2.0,6.0,4.0,2.0,0.0,0.0,0
113,0.0,0.0,0.0,0.0,6.0,172.0,0.03,0.04,0.0,0.0,2.0,2.0,2.0,3.0,1.0,2.0,1.0,0.0,0
114,2.0,15.0,0.0,0.0,15.0,625.0,0.008,0.02,0.0,0.0,6.0,2.0,3.0,5.0,2.0,2.0,0.0,0.0,0
115,0.0,0.0,0.0,0.0,11.0,350.0,0.0,0.015,0.0,0.0,3.0,3.0,2.0,1.0,3.0,2.0,0.0,0.0,0
116,3.0,28.0,0.0,0.0,18.0,720.0,0.004,0.028,0.0,0.0,5.0,2.0,2.0,4.0,2.0,2.0,1.0,0.0,0
117,0.0,0.0,0.0,0.0,24.0,1080.0,0.003,0.02,0.0,0.0,8.0,1.0,2.0,6.0,1.0,2.0,0.0,0.0,0
118,0.0,0.0,0.0,0.0,8.0,240.0,0.0,0.01,0.0,0.0,9.0,3.0,2.0,2.0,2.0,2.0,0.0,0.0,0
119,0.0,0.0,0.0,0.0,10.0,300.0,0.02,0.03,0.0,0.0,11.0,2.0,1.0,5.0,3.0,2.0,1.0,0.0,0
120,1.0,45.0,0.0,0.0,10.0,1150.0,0.02,0.04,0.0,0.0,4.0,2.0,4.0,2.0,3.0,2.0,0.0,0.0,0
121,0.0,0.0,0.0,0.0,20.0,1023.0,0.005,0.02,0.0,0.0,3.0,3.0,1.0,4.0,5.0,2.0,1.0,0.0,0
122,2.0,30.0,0.0,0.0,8.0,980.0,0.01,0.05,0.0,0.0,2.0,1.0,3.0,5.0,4.0,2.0,0.0,0.0,0
123,0.0,0.0,0.0,0.0,6.0,890.0,0.0,0.0,100.0,0.0,8.0,2.0,4.0,1.0,2.0,2.0,1.0,1.0,0
124,0.0,0.0,0.0,0.0,3.0,50.0,0.15,0.15,0.0,0.0,6.0,1.0,2.0,3.0,1.0,2.0,0.0,0.0,0
125,0.0,0.0,0.0,0.0,14.0,1300.0,0.003,0.04,0.0,0.0,5.0,2.0,2.0,4.0,3.0,2.0,0.0,0.0,0
126,0.0,0.0,0.0,0.0,9.0,1100.0,0.05,0.09,0.0,0.5,6.0,2.0,5.0,3.0,6.0,2.0,0.0,0.0,0
127,4.0,100.0,0.0,0.0,18.0,200.0,0.0,0.03,0.0,0.0,1.0,2.0,2.0,1.0,2.0,0.0,0.0,0.0,0
128,0.0,0.0,2.0,25.0,100.0,2500.0,0.006,0.008,0.0,0.0,7.0,3.0,2.0,3.0,12.0,2.0,1.0,0.0,0
129,0.0,0.0,0.0,0.0,3.0,0.0,0.18,0.18,0.0,0.0,5.0,2.0,2.0,6.0,1.0,2.0,0.0,0.0,0
130,1.0,25.0,0.0,0.0,9.0,350.6,0.0034,0.012,0.0,0.0,4.0,1.0,1.0,2.0,2.0,2.0,0.0,0.0,0
131,4.0,72.0,1.0,30.0,15.0,600.0,0.0042,0.021,0.0,0.0,9.0,2.0,2.0,3.0,4.0,2.0,1.0,0.0,0
132,0.0,0.0,0.0,0.0,7.0,210.0,0.008,0.03,0.0,0.0,3.0,2.0,1.0,1.0,3.0,2.0,0.0,0.0,0
133,0.0,0.0,0.0,0.0,10.0,450.0,0.0025,0.015,0.0,0.0,10.0,1.0,2.0,4.0,5.0,2.0,0.0,0.0,0
134,2.0,40.0,0.0,0.0,13.0,520.0,0.006,0.017,0.0,0.0,11.0,2.0,2.0,3.0,2.0,2.0,1.0,0.0,0
135,0.0,0.0,0.0,0.0,6.0,105.0,0.009,0.025,0.0,0.0,2.0,1.0,1.0,2.0,1.0,2.0,0.0,0.0,0
136,3.0,55.0,1.0,20.0,11.0,410.0,0.004,0.018,0.0,0.0,12.0,2.0,2.0,1.0,3.0,2.0,1.0,0.0,0
137,0.0,0.0,0.0,0.0,8.0,230.0,0.005,0.02,0.0,0.0,6.0,3.0,2.0,4.0,4.0,2.0,0.0,0.0,0
138,1.0,18.0,0.0,0.0,12.0,480.0,0.003,0.013,0.0,0.0,7.0,1.0,2.0,3.0,2.0,2.0,1.0,0.0,0
139,0.0,0.0,0.0,0.0,9.0,340.0,0.006,0.022,0.0,0.0,8.0,2.0,1.0,2.0,3.0,2.0,0.0,0.0,0
140,2.0,120.0,1.0,60.0,30.0,1200.0,0.007,0.023,0.0,0.0,6.0,1.0,3.0,2.0,4.0,2.0,0.0,0.0,0
141,5.0,300.0,0.0,0.0,22.0,850.0,0.01,0.03,0.0,0.0,4.0,2.0,2.0,1.0,5.0,2.0,0.0,1.0,0
142,0.0,0.0,2.0,150.0,40.0,1500.0,0.008,0.02,0.0,0.0,7.0,3.0,4.0,3.0,1.0,2.0,0.0,0.0,0
143,3.0,90.0,0.0,0.0,15.0,600.0,0.005,0.015,0.0,0.0,5.0,1.0,2.0,4.0,2.0,2.0,0.0,0.0,0
144,1.0,15.0,3.0,200.0,28.0,1400.0,0.006,0.022,0.0,0.0,3.0,2.0,5.0,2.0,3.0,2.0,0.0,0.0,0
145,4.0,200.0,0.0,0.0,10.0,500.0,0.012,0.04,0.0,0.0,6.0,2.0,1.0,3.0,4.0,0.0,0.0,1.0,0
146,2.0,50.0,1.0,30.0,20.0,900.0,0.004,0.017,0.0,0.0,7.0,3.0,2.0,1.0,2.0,2.0,0.0,0.0,0
147,1.0,25.0,0.0,0.0,35.0,1700.0,0.009,0.03,0.0,0.0,5.0,2.0,3.0,2.0,1.0,2.0,0.0,0.0,0
148,6.0,250.0,0.0,0.0,12.0,650.0,0.003,0.02,0.0,0.0,4.0,1.0,4.0,5.0,6.0,0.0,0.0,0.0,0
149,3.0,75.0,2.0,120.0,24.0,1200.0,0.006,0.025,0.0,0.0,7.0,2.0,2.0,6.0,3.0,2.0,0.0,0.0,0
150,1.0,25.0,0.0,0.0,45.0,1200.0,0.003,0.015,10.5,0.0,6.0,4.0,1.0,2.0,3.0,2.0,0.0,0.0,0
151,0.0,0.0,3.0,60.0,20.0,900.0,0.01,0.02,5.0,0.0,8.0,2.0,3.0,1.0,4.0,2.0,1.0,0.0,0
152,4.0,100.0,0.0,0.0,130.0,4500.0,0.002,0.018,20.0,0.0,10.0,1.0,2.0,3.0,2.0,2.0,0.0,0.0,0
153,2.0,40.0,1.0,30.0,60.0,2000.0,0.008,0.025,15.0,0.0,11.0,3.0,1.0,2.0,5.0,2.0,0.0,0.0,0
154,0.0,0.0,2.0,50.0,30.0,1100.0,0.005,0.012,8.0,0.0,3.0,2.0,2.0,4.0,1.0,2.0,1.0,0.0,0
155,6.0,200.0,0.0,0.0,180.0,5000.0,0.001,0.01,25.0,0.0,12.0,4.0,3.0,1.0,2.0,2.0,0.0,1.0,0
156,1.0,30.0,0.0,0.0,50.0,1500.0,0.004,0.017,12.0,0.0,2.0,1.0,2.0,3.0,3.0,2.0,0.0,0.0,0
157,0.0,0.0,5.0,100.0,25.0,950.0,0.009,0.021,6.0,0.0,9.0,3.0,1.0,2.0,4.0,2.0,1.0,0.0,0
158,3.0,70.0,0.0,0.0,120.0,3500.0,0.003,0.014,18.0,0.0,5.0,2.0,2.0,4.0,1.0,2.0,0.0,0.0,0
159,0.0,0.0,0.0,0.0,10.0,400.0,0.02,0.03,0.0,0.0,4.0,1.0,3.0,1.0,6.0,2.0,0.0,0.0,0
160,2.0,45.8,0.0,0.0,28.0,1243.67,0.015,0.041,0.0,0.0,6.0,2.0,3.0,2.0,4.0,2.0,0.0,0.0,0
161,3.0,67.2,0.0,0.0,41.0,1120.34,0.007,0.032,0.0,0.0,7.0,1.0,1.0,2.0,5.0,2.0,1.0,0.0,0
162,1.0,15.3,0.0,0.0,33.0,1301.16,0.011,0.037,0.53,0.0,8.0,3.0,5.0,1.0,2.0,2.0,0.0,0.0,0
163,0.0,0.0,0.0,0.0,62.0,1423.45,0.025,0.067,0.0,0.0,3.0,2.0,2.0,4.0,1.0,2.0,0.0,0.0,0
164,5.0,210.4,1.0,15.33,29.0,986.5,0.004,0.021,0.0,0.0,1.0,2.0,3.0,1.0,6.0,2.0,0.0,0.0,0
165,2.0,58.1,0.0,0.0,44.0,1734.2,0.019,0.051,0.0,0.0,7.0,1.0,1.0,2.0,3.0,2.0,1.0,0.0,0
166,0.0,0.0,0.0,0.0,105.0,1278.3,0.023,0.046,0.0,0.0,1.0,3.0,4.0,1.0,2.0,2.0,0.0,0.0,0
167,3.0,93.7,0.0,0.0,31.0,1045.6,0.009,0.034,0.0,0.0,7.0,2.0,2.0,3.0,1.0,2.0,0.0,0.0,0
168,1.0,22.4,0.0,0.0,38.0,1490.8,0.006,0.044,0.0,0.0,7.0,1.0,1.0,4.0,3.0,2.0,1.0,0.0,0
169,0.0,0.0,0.0,0.0,57.0,1192.7,0.017,0.055,0.0,0.0,2.0,2.0,2.0,1.0,7.0,2.0,0.0,0.0,0
170,0.0,0.0,0.0,0.0,10.0,245.0,0.0,0.03,0.0,0.0,4.0,1.0,1.0,3.0,5.0,2.0,0.0,0.0,0
171,3.0,102.0,0.0,0.0,38.0,980.0,0.035,0.06,0.0,0.0,2.0,2.0,1.0,5.0,10.0,2.0,0.0,0.0,0
172,0.0,0.0,0.0,0.0,5.0,120.0,0.0,0.08,0.0,0.0,8.0,1.0,2.0,2.0,7.0,2.0,0.0,0.0,0
173,0.0,0.0,0.0,0.0,7.0,160.0,0.02,0.05,0.0,0.0,10.0,3.0,2.0,6.0,12.0,2.0,0.0,0.0,0
174,9.0,290.0,2.0,40.0,130.0,5200.0,0.01,0.025,0.0,0.0,7.0,1.0,1.0,4.0,3.0,2.0,0.0,0.0,0
175,0.0,0.0,0.0,0.0,6.0,210.0,0.0,0.03,0.0,0.0,5.0,3.0,2.0,1.0,9.0,0.0,1.0,0.0,0
176,0.0,0.0,1.0,0.0,2.0,90.0,0.0,0.09,0.0,0.3,6.0,2.0,2.0,1.0,1.0,2.0,0.0,0.0,0
177,0.0,0.0,0.0,0.0,14.0,320.0,0.0,0.018,0.0,0.0,7.0,3.0,2.0,1.0,4.0,2.0,0.0,0.0,0
178,0.0,0.0,0.0,0.0,2.0,0.0,0.15,0.15,0.0,0.0,5.0,2.0,2.0,3.0,2.0,2.0,0.0,0.0,0
179,1.0,35.0,0.0,0.0,40.0,1650.0,0.0,0.014,35.0,0.0,11.0,2.0,2.0,5.0,14.0,2.0,0.0,1.0,0
180,3.0,72.5,1.0,12.75,20.0,896.3333,0.004,0.012,12.34,0.0,9.0,2.0,3.0,5.0,3.0,2.0,0.0,0.0,0
181,6.0,140.0,0.0,0.0,30.0,1140.5,0.01,0.02,0.0,0.0,11.0,1.0,1.0,2.0,4.0,0.0,0.0,0.0,0
182,1.0,25.0,3.0,45.0,24.0,780.0,0.003,0.009,0.0,0.0,4.0,3.0,2.0,7.0,1.0,2.0,1.0,0.0,0
183,5.0,115.0,1.0,18.0,28.0,1024.3333,0.015,0.021,0.0,0.0,10.0,2.0,4.0,6.0,2.0,2.0,0.0,0.0,0
184,0.0,0.0,0.0,0.0,12.0,300.0,0.03,0.06,0.0,0.0,3.0,1.0,5.0,3.0,4.0,0.0,1.0,0.0,0
185,2.0,58.0,0.0,0.0,18.0,620.0,0.007,0.015,0.0,0.0,8.0,3.0,2.0,4.0,3.0,2.0,0.0,0.0,0
186,0.0,0.0,0.0,0.0,9.0,210.0,0.02,0.04,0.0,0.0,1.0,2.0,2.0,1.0,1.0,2.0,0.0,0.0,0
187,4.0,98.0,2.0,20.0,25.0,1050.0,0.006,0.013,0.0,0.0,12.0,2.0,3.0,5.0,2.0,2.0,1.0,0.0,0
188,0.0,0.0,0.0,0.0,7.0,150.0,0.01,0.05,0.0,0.0,2.0,1.0,4.0,2.0,1.0,0.0,0.0,0.0,0
189,3.0,65.0,0.0,0.0,14.0,450.0,0.002,0.009,0.0,0.0,10.0,2.0,2.0,1.0,3.0,2.0,1.0,1.0,0
190,0.0,0.0,0.0,0.0,22.0,450.0,0.0,0.012,0.0,0.0,6.0,2.0,1.0,2.0,2.0,2.0,0.0,0.0,0
191,0.0,0.0,0.0,0.0,15.0,320.0,0.0,0.009,0.0,0.0,5.0,3.0,2.0,1.0,3.0,2.0,1.0,0.0,0
192,0.0,0.0,0.0,0.0,30.0,650.0,0.01,0.017,0.0,1.0,6.0,1.0,1.0,5.0,4.0,2.0,0.0,0.0,0
193,0.0,0.0,0.0,0.0,10.0,180.0,0.0,0.006,0.0,0.0,6.0,2.0,1.0,1.0,1.0,2.0,1.0,0.0,0
194,1.0,5.0,0.0,0.0,45.0,500.0,0.0,0.008,0.0,0.0,6.0,4.0,1.0,1.0,5.0,2.0,0.0,0.0,0
195,0.0,0.0,0.0,0.0,25.0,240.0,0.01,0.035,0.0,0.0,0.0,3.0,1.0,1.0,2.0,2.0,0.0,0.0,0
196,0.0,0.0,0.0,0.0,9.0,130.0,0.12,0.12,0.0,0.0,4.0,1.0,1.0,2.0,3.0,2.0,1.0,0.0,0
197,0.0,0.0,0.0,0.0,14.0,300.0,0.0,0.005,0.0,0.0,2.0,1.0,1.0,1.0,4.0,2.0,1.0,0.0,0
198,0.0,0.0,0.0,0.0,7.0,300.0,0.0,0.038,0.0,0.0,6.0,1.0,1.0,3.0,4.0,0.0,1.0,0.0,0
199,2.0,28.0,0.0,0.0,26.0,780.0,0.0,0.014,0.0,0.0,7.0,1.0,1.0,4.0,7.0,2.0,1.0,0.0,0
200,1.0,120.0,0.0,0.0,50.0,2100.3456,0.0098,0.023,0.0,0.0,5.0,2.0,1.0,3.0,4.0,2.0,0.0,0.0,0
201,0.0,0.0,0.0,0.0,48.0,720.1234,0.012,0.018,0.0,0.2,10.0,1.0,2.0,5.0,3.0,2.0,0.0,0.0,0
202,3.0,143.0,0.0,0.0,72.0,3750.0987,0.005,0.014,4.123,0.0,8.0,2.0,3.0,2.0,7.0,2.0,1.0,1.0,0
203,0.0,0.0,0.0,0.0,20.0,450.0,0.008,0.02,0.0,0.0,4.0,1.0,1.0,7.0,2.0,2.0,0.0,0.0,0
204,2.0,60.0,1.0,22.0,58.0,2340.9876,0.007,0.012,3.21,0.0,3.0,1.0,2.0,4.0,5.0,2.0,0.0,0.0,0
205,0.0,0.0,0.0,0.0,65.0,2780.1234,0.005,0.011,0.0,0.0,9.0,2.0,2.0,1.0,6.0,2.0,1.0,0.0,0
206,1.0,240.0,0.0,0.0,10.0,180.0,0.0,0.04,0.0,0.5,11.0,1.0,3.0,6.0,1.0,2.0,0.0,0.0,0
207,0.0,0.0,0.0,0.0,32.0,1200.0,0.01,0.022,0.0,0.0,1.0,2.0,1.0,8.0,4.0,2.0,0.0,0.0,0
208,2.0,100.0,0.0,0.0,60.0,2200.4567,0.004,0.013,0.0,0.0,12.0,1.0,2.0,3.0,8.0,2.0,0.0,0.0,0
209,0.0,0.0,0.0,0.0,15.0,300.0,0.015,0.025,0.0,0.3,6.0,1.0,1.0,9.0,3.0,2.0,1.0,0.0,0
210,1.0,65.0,0.0,0.0,45.0,1800.0,0.005,0.012,0.0,0.0,5.0,2.0,3.0,2.0,6.0,2.0,0.0,0.0,0
211,0.0,0.0,0.0,0.0,28.0,1120.0,0.0,0.004,0.0,0.0,10.0,1.0,4.0,3.0,8.0,2.0,1.0,0.0,0
212,4.0,220.0,0.0,0.0,12.0,300.0,0.0,0.025,0.0,0.0,2.0,3.0,1.0,4.0,5.0,2.0,0.0,0.0,0
213,0.0,0.0,0.0,0.0,60.0,2400.0,0.001,0.008,0.0,0.0,11.0,2.0,2.0,1.0,12.0,2.0,0.0,0.0,0
214,2.0,100.0,0.0,0.0,30.0,1200.0,0.0,0.01,0.0,0.0,4.0,2.0,5.0,3.0,3.0,2.0,1.0,0.0,0
215,0.0,0.0,0.0,0.0,15.0,600.0,0.05,0.05,0.0,0.0,12.0,3.0,2.0,2.0,14.0,2.0,1.0,0.0,0
216,0.0,0.0,0.0,0.0,40.0,1600.0,0.0,0.006,35.0,0.0,7.0,2.0,1.0,4.0,9.0,2.0,0.0,1.0,0
217,5.0,300.0,0.0,0.0,20.0,800.0,0.002,0.015,0.0,0.0,3.0,2.0,4.0,2.0,1.0,2.0,0.0,0.0,0
218,0.0,0.0,0.0,0.0,50.0,2000.0,0.0,0.009,0.0,0.0,8.0,3.0,2.0,3.0,7.0,2.0,1.0,0.0,0
219,0.0,0.0,0.0,0.0,10.0,400.0,0.0,0.02,0.0,0.0,9.0,1.0,3.0,4.0,10.0,2.0,0.0,0.0,0
220,1.0,65.4,0.0,0.0,25.0,923.1234,0.0045,0.0312,0.0,0.0,3.0,2.0,3.0,5.0,4.0,2.0,0.0,0.0,0
221,0.0,0.0,0.0,0.0,89.0,2715.3456,0.011,0.0298,0.0,0.0,8.0,2.0,1.0,4.0,2.0,1.0,0.0,0.0,0
222,0.0,0.0,0.0,0.0,19.0,267.8912,0.0,0.0068,0.0,0.0,2.0,1.0,6.0,2.0,9.0,2.0,0.0,0.0,0
223,0.0,0.0,0.0,0.0,14.0,389.45,0.021,0.0543,0.0,0.5,11.0,3.0,4.0,1.0,6.0,2.0,0.0,0.0,0
224,3.0,198.2,0.0,0.0,22.0,987.321,0.0075,0.0248,0.0,0.0,4.0,2.0,7.0,3.0,1.0,2.0,0.0,0.0,0
225,2.0,145.6,0.0,0.0,27.0,1120.987,0.0,0.0058,0.0,0.0,10.0,3.0,2.0,5.0,4.0,0.0,0.0,0.0,0
226,4.0,89.1,0.0,0.0,4.0,56.789,0.0,0.024,0.0,0.0,7.0,2.0,6.0,7.0,2.0,2.0,1.0,0.0,0
227,1.0,98.7,0.0,0.0,34.0,1298.45,0.0,0.0051,10.89,0.0,2.0,2.0,1.0,4.0,3.0,0.0,0.0,1.0,0
228,0.0,0.0,0.0,0.0,7.0,412.3,0.032,0.0215,43.67,0.0,9.0,3.0,2.0,3.0,6.0,2.0,0.0,1.0,0
229,0.0,0.0,0.0,0.0,5.0,432.1,0.0,0.031,0.0,0.0,6.0,2.0,5.0,1.0,4.0,2.0,0.0,0.0,0
230,1.0,45.0,0.0,0.0,22.0,470.0,0.015,0.02,0.0,0.0,3.0,1.0,1.0,2.0,2.0,2.0,0.0,0.0,0
231,0.0,0.0,0.0,0.0,15.0,320.0,0.02,0.05,0.0,0.0,7.0,1.0,1.0,1.0,1.0,2.0,1.0,1.0,0
232,3.0,150.0,0.0,0.0,30.0,600.0,0.01,0.015,0.0,0.0,4.0,2.0,2.0,3.0,1.0,2.0,0.0,0.0,0
233,0.0,0.0,0.0,0.0,10.0,250.0,0.03,0.06,0.0,0.0,6.0,1.0,1.0,1.0,2.0,2.0,0.0,0.0,0
234,2.0,100.0,0.0,0.0,25.0,500.0,0.012,0.02,0.0,0.0,8.0,1.0,2.0,4.0,1.0,2.0,1.0,1.0,0
235,0.0,0.0,0.0,0.0,8.0,180.0,0.025,0.05,0.0,0.0,5.0,1.0,1.0,2.0,3.0,2.0,0.0,0.0,0
236,1.0,50.0,0.0,0.0,20.0,400.0,0.01,0.02,0.0,0.0,7.0,2.0,1.0,3.0,2.0,2.0,0.0,0.0,0
237,0.0,0.0,0.0,0.0,14.0,300.0,0.02,0.04,0.0,0.0,6.0,1.0,1.0,1.0,1.0,2.0,1.0,1.0,0
238,0.0,0.0,0.0,0.0,9.0,220.0,0.03,0.06,0.0,0.0,4.0,1.0,2.0,2.0,1.0,2.0,0.0,0.0,0
239,0.0,0.0,0.0,0.0,11.0,280.0,0.018,0.04,0.0,0.0,7.0,1.0,1.0,1.0,2.0,2.0,0.0,0.0,0
240,2.0,55.0,0.0,0.0,18.0,620.3,0.0,0.012,0.0,0.0,3.0,1.0,6.0,3.0,4.0,2.0,0.0,0.0,0
241,0.0,0.0,0.0,0.0,12.0,980.2,0.02,0.018,0.0,0.0,12.0,3.0,5.0,2.0,19.0,2.0,1.0,0.0,0
242,4.0,90.0,0.0,0.0,25.0,650.0,0.0,0.007,0.0,0.0,9.0,2.0,3.0,6.0,1.0,2.0,0.0,0.0,0
243,1.0,18.0,0.0,0.0,10.0,320.5,0.02,0.013,0.0,0.0,4.0,1.0,7.0,5.0,6.0,2.0,0.0,0.0,0
244,0.0,0.0,0.0,0.0,13.0,1025.0,0.0,0.016,0.0,0.0,11.0,3.0,1.0,7.0,18.0,2.0,1.0,0.0,0
245,5.0,120.0,0.0,0.0,22.0,710.5,0.0,0.009,0.0,0.0,10.0,2.0,4.0,10.0,3.0,2.0,0.0,0.0,0
246,0.0,0.0,0.0,0.0,9.0,140.0,0.08,0.095,0.0,0.0,8.0,3.0,2.0,4.0,14.0,2.0,0.0,0.0,0
247,2.0,40.0,0.0,0.0,15.0,550.0,0.0,0.011,0.0,0.0,7.0,1.0,8.0,3.0,5.0,2.0,0.0,0.0,0
248,0.0,0.0,0.0,0.0,11.0,400.0,0.06,0.07,0.0,0.0,2.0,3.0,6.0,9.0,2.0,2.0,1.0,0.0,0
249,3.0,65.0,0.0,0.0,20.0,980.0,0.0,0.014,0.0,0.0,1.0,2.0,1.0,5.0,1.0,2.0,0.0,0.0,0
250,2.0,89.3,0.0,0.0,34.0,1034.6,0.0078,0.0156,3.412,0.0,4.0,2.0,3.0,4.0,7.0,2.0,0.0,0.0,0
251,0.0,0.0,0.0,0.0,19.0,598.4,0.0423,0.0712,0.0,0.0,2.0,1.0,1.0,2.0,12.0,2.0,1.0,0.0,0
252,7.0,215.0,0.0,0.0,42.0,2364.2,0.0067,0.0134,1.987,0.0,10.0,3.0,4.0,6.0,6.0,2.0,0.0,0.0,0
253,1.0,23.0,0.0,0.0,15.0,452.3,0.0056,0.0123,0.0,0.0,12.0,1.0,1.0,3.0,9.0,2.0,0.0,0.0,0
254,4.0,105.0,0.0,0.0,28.0,1280.4,0.0089,0.0178,2.456,0.0,9.0,2.0,3.0,5.0,4.0,2.0,1.0,0.0,0
255,0.0,0.0,0.0,0.0,5.0,120.0,0.0,0.0667,0.0,0.0,7.0,2.0,2.0,4.0,5.0,2.0,0.0,0.0,0
256,6.0,178.0,0.0,0.0,50.0,2800.0,0.0112,0.0224,0.0,0.0,11.0,3.0,2.0,7.0,1.0,2.0,0.0,0.0,0
257,0.0,0.0,0.0,0.0,24.0,780.0,0.0324,0.0546,0.0,0.0,6.0,2.0,3.0,8.0,14.0,2.0,1.0,0.0,0
258,3.0,82.0,0.0,0.0,20.0,1120.0,0.0045,0.009,1.234,0.0,8.0,2.0,1.0,2.0,5.0,2.0,0.0,0.0,0
259,1.0,15.0,0.0,0.0,10.0,298.0,0.0,0.0456,0.0,0.0,5.0,1.0,2.0,1.0,3.0,2.0,0.0,0.0,0
260,1.0,55.3333,0.0,0.0,34.0,1145.6,0.0089,0.0212,0.0,0.0,4.0,2.0,1.0,2.0,5.0,2.0,0.0,0.0,0
261,0.0,0.0,3.0,9.0,27.0,823.0,0.0063,0.034,0.0,0.0,8.0,1.0,3.0,4.0,1.0,2.0,0.0,0.0,0
262,4.0,134.0,0.0,0.0,29.0,1630.4,0.0203,0.041,0.0,0.0,11.0,3.0,2.0,5.0,7.0,0.0,0.0,0.0,0
263,2.0,67.0,0.0,0.0,15.0,480.2,0.0092,0.0123,0.0,0.0,10.0,2.0,2.0,3.0,6.0,2.0,1.0,0.0,0
264,0.0,0.0,2.0,5.0,43.0,1322.3,0.0071,0.028,0.0,0.0,2.0,2.0,3.0,1.0,9.0,2.0,0.0,0.0,0
265,3.0,108.5,0.0,0.0,38.0,2015.6,0.018,0.036,0.0,0.0,9.0,3.0,2.0,6.0,3.0,0.0,0.0,0.0,0
266,1.0,12.0,0.0,0.0,22.0,768.5,0.0059,0.019,0.0,0.0,7.0,1.0,1.0,2.0,4.0,2.0,0.0,0.0,0
267,0.0,0.0,0.0,0.0,17.0,543.0,0.0076,0.032,0.0,0.0,12.0,3.0,2.0,4.0,12.0,2.0,1.0,0.0,0
268,5.0,150.0,0.0,0.0,32.0,1780.0,0.019,0.042,0.0,0.0,6.0,3.0,2.0,1.0,8.0,0.0,0.0,0.0,0
269,2.0,89.0,0.0,0.0,25.0,804.3,0.0085,0.027,0.0,0.0,3.0,2.0,2.0,3.0,5.0,2.0,0.0,0.0,0
270,0.0,0.0,0.0,0.0,5.0,1200.0,0.0,0.01,0.0,0.0,5.0,1.0,1.0,4.0,2.0,2.0,0.0,0.0,0
271,3.0,80.0,0.0,0.0,15.0,600.0,0.005,0.012,0.0,0.0,8.0,2.0,3.0,5.0,1.0,2.0,0.0,0.0,0
272,0.0,0.0,0.0,0.0,60.0,1500.0,0.0,0.015,0.0,0.0,10.0,1.0,2.0,3.0,4.0,2.0,0.0,0.0,0
273,1.0,20.0,0.0,0.0,10.0,450.0,0.0,0.01,0.0,0.0,3.0,2.0,4.0,2.0,3.0,2.0,0.0,0.0,0
274,0.0,0.0,0.0,0.0,3.0,0.0,0.2,0.2,0.0,0.0,11.0,1.0,1.0,6.0,1.0,0.0,0.0,0.0,0
275,2.0,45.0,0.0,0.0,20.0,900.0,0.0,0.01,0.0,0.0,2.0,2.0,5.0,7.0,2.0,2.0,0.0,0.0,0
276,0.0,0.0,0.0,0.0,62.0,1800.0,0.0,0.018,0.0,0.0,9.0,1.0,1.0,8.0,1.0,2.0,0.0,0.0,0
277,0.0,0.0,0.0,0.0,1.0,0.0,0.2,0.2,0.0,0.0,12.0,2.0,2.0,9.0,3.0,2.0,0.0,0.0,0
278,4.0,100.0,0.0,0.0,55.0,1600.0,0.0,0.01,20.0,0.0,7.0,2.0,2.0,1.0,4.0,2.0,0.0,1.0,0
279,0.0,0.0,0.0,0.0,4.0,1000.0,0.0,0.012,0.0,0.0,4.0,1.0,1.0,5.0,2.0,2.0,0.0,0.0,0
280,3.0,45.0,0.0,0.0,67.0,6120.5,0.005,0.019,0.0,0.0,8.0,1.0,6.0,4.0,9.0,2.0,0.0,0.0,0
281,1.0,15.0,0.0,0.0,25.0,1530.75,0.003,0.021,0.0,0.0,5.0,2.0,3.0,2.0,5.0,2.0,0.0,0.0,0
282,0.0,0.0,1.0,20.0,12.0,600.0,0.015,0.04,0.0,0.0,7.0,1.0,1.0,1.0,2.0,2.0,0.0,0.0,0
283,2.0,100.0,0.0,0.0,40.0,2300.0,0.0,0.012,0.0,0.0,6.0,2.0,7.0,3.0,4.0,2.0,1.0,0.0,0
284,0.0,0.0,0.0,0.0,15.0,840.0,0.008,0.025,0.0,0.0,9.0,1.0,2.0,1.0,3.0,2.0,0.0,0.0,0
285,3.0,70.0,0.0,0.0,52.0,3200.0,0.002,0.018,0.0,0.0,7.0,2.0,4.0,5.0,7.0,2.0,0.0,0.0,0
286,1.0,25.0,0.0,0.0,30.0,1200.5,0.006,0.023,0.0,0.0,5.0,1.0,3.0,2.0,6.0,2.0,0.0,0.0,0
287,0.0,0.0,0.0,0.0,10.0,450.0,0.01,0.03,0.0,0.0,8.0,2.0,5.0,1.0,11.0,2.0,0.0,0.0,0
288,2.0,50.0,0.0,0.0,38.0,2100.0,0.004,0.015,0.0,0.0,6.0,2.0,8.0,4.0,2.0,2.0,1.0,0.0,0
289,0.0,0.0,0.0,0.0,18.0,1000.0,0.007,0.022,0.0,0.0,9.0,1.0,1.0,1.0,4.0,2.0,0.0,0.0,0
290,0.0,0.0,0.0,0.0,6.0,462.8,0.0,0.03,0.0,0.0,6.0,2.0,3.0,2.0,4.0,2.0,0.0,0.0,0
291,2.0,98.4,0.0,0.0,24.0,1120.3,0.005,0.015,22.45,0.0,8.0,1.0,5.0,4.0,15.0,2.0,1.0,1.0,0
292,0.0,0.0,0.0,0.0,15.0,580.0,0.01,0.03,0.0,0.0,7.0,2.0,2.0,5.0,3.0,2.0,0.0,0.0,0
293,0.0,0.0,0.0,0.0,27.0,1290.5,0.0,0.02,0.0,0.0,6.0,2.0,4.0,2.0,5.0,2.0,0.0,0.0,0
294,1.0,45.0,0.0,0.0,32.0,1540.0,0.002,0.01,0.0,0.0,5.0,2.0,3.0,1.0,6.0,2.0,1.0,0.0,0
295,0.0,0.0,0.0,0.0,9.0,430.0,0.0,0.02,0.0,0.0,9.0,1.0,2.0,3.0,1.0,2.0,0.0,0.0,0
296,0.0,0.0,0.0,0.0,18.0,820.0,0.0,0.01,0.0,0.0,6.0,2.0,2.0,6.0,4.0,2.0,0.0,0.0,0
297,0.0,0.0,0.0,0.0,12.0,580.0,0.0,0.03,0.0,0.0,7.0,2.0,3.0,2.0,5.0,2.0,1.0,0.0,0
298,0.0,0.0,0.0,0.0,30.0,1350.0,0.0,0.02,0.0,0.0,6.0,2.0,4.0,3.0,3.0,2.0,0.0,0.0,0
299,0.0,0.0,0.0,0.0,14.0,630.0,0.0,0.02,0.0,0.0,8.0,1.0,2.0,4.0,6.0,2.0,1.0,0.0,0
300,2.0,30.0,1.0,10.0,18.0,1230.5,0.025,0.037,0.0,0.0,6.0,3.0,2.0,3.0,4.0,2.0,0.0,0.0,0
301,0.0,0.0,0.0,0.0,24.0,2010.0,0.041,0.068,0.0,0.0,7.0,2.0,1.0,6.0,3.0,2.0,0.0,0.0,0
302,4.0,55.0,0.0,0.0,30.0,1470.0,0.019,0.051,0.0,0.0,6.0,3.0,2.0,1.0,12.0,2.0,0.0,0.0,0
303,0.0,0.0,0.0,0.0,14.0,620.0,0.0,0.021,13.5,0.0,9.0,3.0,2.0,2.0,1.0,2.0,0.0,1.0,0
304,1.0,12.0,0.0,0.0,32.0,1800.0,0.016,0.049,0.0,0.0,6.0,2.0,3.0,7.0,3.0,2.0,0.0,0.0,0
305,0.0,0.0,0.0,0.0,10.0,1205.0,0.008,0.032,0.0,0.0,1.0,3.0,2.0,1.0,10.0,2.0,0.0,0.0,0
306,5.0,65.0,0.0,0.0,27.0,1420.0,0.023,0.055,0.0,0.0,6.0,3.0,2.0,5.0,3.0,2.0,0.0,0.0,0
307,0.0,0.0,0.0,0.0,17.0,2480.0,0.009,0.038,0.0,0.0,9.0,4.0,1.0,6.0,1.0,2.0,0.0,0.0,0
308,2.0,28.0,1.0,5.0,41.0,2600.0,0.012,0.041,0.0,0.0,6.0,3.0,2.0,4.0,3.0,2.0,0.0,0.0,0
309,0.0,0.0,0.0,0.0,22.0,1140.0,0.007,0.034,0.0,0.0,7.0,2.0,2.0,2.0,1.0,2.0,0.0,0.0,0
310,3.0,132.5,1.0,34.7,27.0,765.3,0.0123,0.0214,12.456,0.0,4.0,2.0,3.0,5.0,3.0,2.0,0.0,0.0,0
311,2.0,67.3,0.0,0.0,15.0,456.1,0.0098,0.0157,0.0,0.0,9.0,1.0,4.0,3.0,1.0,0.0,1.0,1.0,0
312,6.0,145.0,3.0,108.2,63.0,1765.4,0.0045,0.0189,10.234,0.0,2.0,4.0,1.0,7.0,4.0,2.0,0.0,0.0,0
313,4.0,210.0,2.0,78.5,41.0,1200.6,0.0167,0.0256,0.0,0.0,11.0,3.0,2.0,2.0,3.0,2.0,1.0,1.0,0
314,1.0,43.0,0.0,0.0,12.0,340.2,0.0213,0.0345,15.678,0.0,5.0,2.0,5.0,6.0,2.0,2.0,0.0,0.0,0
315,0.0,0.0,0.0,0.0,9.0,234.7,0.0,0.0089,13.245,0.0,10.0,1.0,2.0,8.0,1.0,2.0,0.0,1.0,0
316,5.0,105.3,1.0,21.6,38.0,980.4,0.0078,0.0142,9.876,0.0,7.0,2.0,3.0,4.0,2.0,2.0,1.0,0.0,0
317,3.0,88.9,0.0,0.0,22.0,678.5,0.0156,0.0298,0.0,0.0,3.0,3.0,1.0,9.0,4.0,2.0,0.0,1.0,0
318,6.0,160.2,2.0,89.0,54.0,1500.7,0.0034,0.0112,14.567,0.0,12.0,4.0,2.0,3.0,3.0,2.0,1.0,0.0,0
319,2.0,55.0,1.0,12.4,19.0,480.3,0.0201,0.0315,0.0,0.0,8.0,1.0,4.0,6.0,2.0,2.0,0.0,1.0,0
320,5.0,245.89,2.0,187.33,42.0,3154.67,0.0032,0.0093,6.25,0.0,8.0,2.0,3.0,4.0,5.0,2.0,0.0,0.0,0
321,0.0,0.0,0.0,0.0,12.0,1023.45,0.0217,0.0348,0.0,0.0,5.0,1.0,1.0,2.0,3.0,2.0,0.0,0.0,0
322,12.0,612.43,4.0,298.67,89.0,5678.32,0.0015,0.0064,102.78,0.0,7.0,2.0,4.0,3.0,6.0,2.0,1.0,0.0,0
323,0.0,0.0,0.0,0.0,9.0,1328.76,0.0098,0.0275,0.0,0.0,6.0,3.0,2.0,1.0,2.0,2.0,0.0,0.0,0
324,7.0,387.21,3.0,154.89,61.0,2743.12,0.0028,0.0124,8.93,0.0,9.0,2.0,2.0,4.0,3.0,2.0,0.0,0.0,0
325,0.0,0.0,0.0,0.0,18.0,942.37,0.0154,0.0384,0.0,0.0,5.0,1.0,1.0,3.0,1.0,2.0,0.0,0.0,0
326,15.0,789.65,6.0,328.43,105.0,6412.89,0.0011,0.0059,134.56,0.0,7.0,2.0,3.0,5.0,4.0,2.0,1.0,0.0,0
327,0.0,0.0,0.0,0.0,28.0,345.12,0.0123,0.0357,0.0,0.0,6.0,2.0,2.0,6.0,1.0,2.0,0.0,0.0,0
328,4.0,214.33,2.0,132.56,47.0,2189.45,0.0045,0.0112,12.34,0.0,8.0,2.0,2.0,2.0,5.0,2.0,0.0,0.0,0
329,0.0,0.0,0.0,0.0,22.0,798.43,0.0089,0.0236,0.0,0.0,6.0,3.0,2.0,7.0,1.0,2.0,0.0,0.0,0
330,1.0,120.0,0.0,0.0,25.0,1050.0,0.005,0.015,0.0,0.0,6.0,2.0,3.0,5.0,1.0,2.0,0.0,0.0,0
331,0.0,0.0,2.0,150.0,18.0,720.0,0.0,0.01,0.0,0.0,3.0,1.0,4.0,2.0,3.0,2.0,1.0,1.0,0
332,3.0,180.0,0.0,0.0,40.0,1200.0,0.007,0.02,0.0,0.0,0.0,3.0,1.0,4.0,2.0,2.0,0.0,0.0,0
333,0.0,0.0,4.0,200.0,30.0,900.0,0.0,0.008,0.0,0.0,7.0,2.0,5.0,6.0,1.0,2.0,1.0,1.0,0
334,2.0,90.0,0.0,0.0,20.0,600.0,0.01,0.025,0.0,0.0,4.0,1.0,2.0,3.0,4.0,2.0,0.0,0.0,0
335,0.0,0.0,1.0,100.0,15.0,450.0,0.003,0.005,0.0,0.0,2.0,2.0,3.0,7.0,2.0,2.0,0.0,0.0,0
336,5.0,250.0,0.0,0.0,50.0,1500.0,0.009,0.03,0.0,0.0,1.0,3.0,4.0,8.0,3.0,2.0,0.0,0.0,0
337,0.0,0.0,5.0,250.0,22.0,800.0,0.0,0.007,0.0,0.0,7.0,1.0,2.0,5.0,2.0,2.0,1.0,1.0,0
338,1.0,60.0,0.0,0.0,35.0,1050.0,0.004,0.012,0.0,0.0,6.0,2.0,1.0,4.0,1.0,2.0,0.0,0.0,0
339,0.0,0.0,2.0,120.0,10.0,300.0,0.0,0.006,0.0,0.0,5.0,3.0,5.0,2.0,2.0,2.0,1.0,1.0,0
340,1.0,15.0,0.0,0.0,12.0,298.4,0.0083,0.0292,0.0,0.0,3.0,2.0,3.0,4.0,2.0,2.0,0.0,0.0,0
341,3.0,102.0,1.0,25.0,18.0,512.3,0.012,0.041,0.0,0.0,7.0,2.0,5.0,3.0,4.0,2.0,0.0,0.0,0
342,0.0,0.0,0.0,0.0,5.0,68.0,0.0,0.02,0.0,0.0,10.0,1.0,1.0,2.0,1.0,2.0,1.0,0.0,0
343,4.0,210.0,0.0,0.0,22.0,1120.0,0.0095,0.035,0.0,0.0,8.0,2.0,6.0,5.0,3.0,2.0,0.0,0.0,0
344,2.0,60.0,2.0,80.0,10.0,245.0,0.015,0.04,0.0,0.0,4.0,3.0,7.0,6.0,2.0,2.0,0.0,0.0,0
345,0.0,0.0,0.0,0.0,15.0,370.0,0.0,0.027,0.0,0.0,11.0,2.0,4.0,7.0,1.0,2.0,0.0,0.0,0
346,1.0,5.0,0.0,0.0,9.0,180.0,0.005,0.018,0.0,0.0,12.0,1.0,2.0,3.0,1.0,2.0,1.0,0.0,0
347,0.0,0.0,0.0,0.0,20.0,490.0,0.01,0.03,0.0,0.0,9.0,2.0,3.0,2.0,2.0,2.0,0.0,0.0,0
348,3.0,130.0,0.0,0.0,19.0,620.0,0.007,0.028,0.0,0.0,6.0,2.0,5.0,4.0,3.0,2.0,0.0,0.0,0
349,0.0,0.0,0.0,0.0,24.0,580.0,0.0,0.024,0.0,0.0,10.0,1.0,1.0,1.0,1.0,2.0,0.0,0.0,0
350,3.0,89.5,0.0,0.0,47.0,2765.48,0.004,0.021,14.32,0.0,4.0,2.0,1.0,4.0,7.0,2.0,0.0,0.0,0
351,5.0,112.2,0.0,0.0,38.0,1896.72,0.007,0.018,9.85,0.0,9.0,1.0,3.0,5.0,4.0,2.0,1.0,1.0,0
352,0.0,0.0,0.0,0.0,12.0,642.31,0.015,0.028,0.0,0.0,10.0,2.0,1.0,6.0,8.0,2.0,0.0,0.0,0
353,7.0,160.0,1.0,45.0,15.0,789.4,0.003,0.01,22.1,0.0,5.0,3.0,2.0,7.0,9.0,2.0,1.0,1.0,0
354,1.0,25.0,0.0,0.0,56.0,3145.6,0.0,0.009,11.2,0.0,11.0,2.0,4.0,2.0,6.0,2.0,0.0,0.0,0
355,2.0,50.0,0.0,0.0,24.0,1234.5,0.002,0.012,5.4,0.0,12.0,1.0,2.0,3.0,5.0,2.0,1.0,0.0,0
356,4.0,95.0,0.0,0.0,30.0,1540.2,0.005,0.016,13.7,0.0,1.0,3.0,2.0,8.0,7.0,2.0,0.0,1.0,0
357,0.0,0.0,0.0,0.0,9.0,489.6,0.01,0.024,0.0,0.0,2.0,2.0,1.0,9.0,3.0,2.0,1.0,0.0,0
358,6.0,145.0,0.0,0.0,20.0,1098.7,0.004,0.015,18.6,0.0,8.0,1.0,2.0,4.0,10.0,2.0,0.0,0.0,0
359,3.0,70.0,0.0,0.0,45.0,2543.1,0.0,0.023,10.1,0.0,10.0,2.0,3.0,6.0,8.0,2.0,1.0,1.0,0
360,4.0,112.0,1.0,32.0,63.0,2210.5432,0.0031,0.0182,5.4321,0.0,5.0,2.0,3.0,2.0,5.0,2.0,0.0,0.0,0
361,1.0,23.0,0.0,0.0,20.0,642.891,0.0012,0.0105,0.0,0.0,4.0,1.0,4.0,3.0,2.0,0.0,0.0,0.0,0
362,6.0,154.0,0.0,0.0,32.0,1123.4567,0.0045,0.021,0.0,0.0,6.0,2.0,2.0,4.0,3.0,2.0,1.0,0.0,0
363,0.0,0.0,0.0,0.0,8.0,245.6789,0.0025,0.013,0.0,0.0,2.0,1.0,1.0,5.0,1.0,2.0,0.0,0.0,0
364,2.0,47.0,0.0,0.0,45.0,1345.6789,0.0018,0.023,0.0,0.0,7.0,2.0,3.0,1.0,6.0,0.0,0.0,0.0,0
365,7.0,198.0,2.0,75.0,69.0,4890.1234,0.0035,0.0198,12.3456,0.0,5.0,2.0,2.0,3.0,4.0,2.0,0.0,1.0,0
366,0.0,0.0,0.0,0.0,14.0,398.7654,0.0019,0.014,0.0,0.0,3.0,2.0,2.0,6.0,3.0,2.0,1.0,0.0,0
367,3.0,82.0,0.0,0.0,29.0,987.6543,0.0022,0.017,0.0,0.0,6.0,2.0,1.0,2.0,2.0,0.0,0.0,0.0,0
368,1.0,28.0,0.0,0.0,17.0,563.2109,0.0015,0.012,0.0,0.0,1.0,1.0,2.0,4.0,1.0,2.0,0.0,0.0,0
369,5.0,135.0,0.0,0.0,42.0,1987.4321,0.003,0.025,0.0,0.0,7.0,3.0,2.0,1.0,5.0,2.0,0.0,0.0,0
370,3.0,120.0,1.0,30.0,15.0,1200.0,0.005,0.018,0.0,0.0,8.0,2.0,3.0,2.0,4.0,1.0,0.0,0.0,0
371,2.0,60.0,0.0,0.0,10.0,800.0,0.0,0.015,0.0,0.0,10.0,1.0,2.0,4.0,7.0,0.0,1.0,1.0,0
372,5.0,250.0,0.0,0.0,20.0,1500.0,0.003,0.02,0.0,0.0,3.0,3.0,1.0,5.0,9.0,2.0,0.0,0.0,0
373,1.0,45.0,2.0,15.0,8.0,600.0,0.0,0.012,0.0,0.0,11.0,2.0,2.0,3.0,5.0,0.0,1.0,1.0,0
374,4.0,180.0,0.0,0.0,12.0,1000.0,0.004,0.017,0.0,0.0,4.0,2.0,3.0,1.0,6.0,2.0,0.0,0.0,0
375,0.0,0.0,0.0,0.0,5.0,200.0,0.05,0.08,0.0,0.0,12.0,1.0,1.0,6.0,2.0,2.0,0.0,0.0,0
376,7.0,350.0,1.0,20.0,25.0,2000.0,0.007,0.025,0.0,0.0,2.0,3.0,2.0,4.0,8.0,1.0,1.0,0.0,0
377,2.0,90.0,0.0,0.0,18.0,1400.0,0.0,0.019,0.0,0.0,9.0,2.0,1.0,2.0,7.0,0.0,0.0,1.0,0
378,6.0,300.0,0.0,0.0,30.0,2500.0,0.006,0.022,0.0,0.0,7.0,3.0,2.0,5.0,10.0,2.0,1.0,0.0,0
379,1.0,50.0,0.0,0.0,14.0,900.0,0.0,0.016,0.0,0.0,6.0,1.0,2.0,3.0,4.0,0.0,0.0,0.0,0
380,3.0,120.5,1.0,45.0,25.0,1020.3,0.018,0.029,0.0,0.0,4.0,2.0,1.0,5.0,6.0,2.0,0.0,0.0,0
381,1.0,30.0,0.0,0.0,10.0,320.0,0.015,0.025,0.0,0.0,8.0,1.0,1.0,2.0,3.0,2.0,1.0,0.0,0
382,5.0,100.0,2.0,120.0,40.0,1500.0,0.012,0.021,0.0,0.0,3.0,3.0,2.0,6.0,5.0,2.0,0.0,0.0,0
383,0.0,0.0,0.0,0.0,8.0,200.0,0.03,0.045,0.0,0.0,10.0,2.0,2.0,4.0,7.0,2.0,1.0,0.0,0
384,6.0,180.0,3.0,150.0,50.0,2000.0,0.008,0.018,0.0,0.0,2.0,1.0,1.0,7.0,8.0,2.0,0.0,0.0,0
385,2.0,60.0,0.0,0.0,15.0,500.0,0.02,0.03,0.0,0.0,7.0,3.0,2.0,1.0,4.0,2.0,1.0,0.0,0
386,0.0,0.0,0.0,0.0,12.0,450.0,0.01,0.015,0.0,0.0,11.0,2.0,1.0,3.0,6.0,2.0,0.0,0.0,0
387,4.0,90.0,1.0,60.0,30.0,1200.0,0.01,0.02,0.0,0.0,9.0,3.0,2.0,5.0,9.0,2.0,1.0,0.0,0
388,1.0,25.0,0.0,0.0,18.0,600.0,0.025,0.035,0.0,0.0,12.0,1.0,1.0,6.0,10.0,2.0,0.0,0.0,0
389,0.0,0.0,0.0,0.0,20.0,800.0,0.01,0.02,0.0,0.0,5.0,2.0,2.0,4.0,5.0,2.0,1.0,0.0,0
390,2.0,35.0,0.0,0.0,14.0,1000.0,0.005,0.02,0.0,0.0,3.0,2.0,1.0,3.0,4.0,2.0,0.0,0.0,0
391,0.0,0.0,2.0,30.0,19.0,1200.0,0.01,0.03,0.0,0.0,8.0,3.0,2.0,5.0,6.0,2.0,0.0,0.0,0
392,1.0,20.0,0.0,0.0,10.0,550.0,0.003,0.015,0.0,0.0,4.0,1.0,3.0,2.0,1.0,2.0,1.0,0.0,0
393,0.0,0.0,0.0,0.0,7.0,700.0,0.02,0.04,0.0,0.0,9.0,2.0,2.0,7.0,3.0,2.0,0.0,0.0,0
394,4.0,60.0,1.0,15.0,25.0,1800.0,0.001,0.01,0.0,1.0,10.0,2.0,2.0,4.0,5.0,2.0,1.0,0.0,0
395,0.0,0.0,0.0,0.0,5.0,300.0,0.025,0.05,0.0,0.0,2.0,3.0,1.0,6.0,8.0,2.0,0.0,0.0,0
396,3.0,40.0,0.0,0.0,30.0,2000.0,0.002,0.012,0.0,0.0,11.0,2.0,2.0,3.0,9.0,2.0,0.0,0.0,0
397,0.0,0.0,1.0,25.0,16.0,1100.0,0.01,0.025,0.0,0.0,7.0,3.0,2.0,2.0,10.0,2.0,0.0,0.0,0
398,0.0,0.0,0.0,0.0,9.0,900.0,0.03,0.06,0.0,0.0,12.0,1.0,3.0,5.0,2.0,2.0,1.0,0.0,0
399,2.0,30.0,0.0,0.0,20.0,1500.0,0.004,0.018,0.0,1.0,5.0,2.0,2.0,6.0,3.0,2.0,0.0,0.0,0
400,3.0,102.0,0.0,0.0,28.0,1023.45,0.0,0.003,0.0,0.0,6.0,2.0,4.0,3.0,1.0,2.0,0.0,0.0,0
401,1.0,25.0,0.0,0.0,15.0,450.0,0.005,0.007,0.0,0.0,5.0,1.0,3.0,2.0,2.0,2.0,0.0,0.0,0
402,4.0,130.0,0.0,0.0,35.0,1200.0,0.0,0.002,0.0,0.0,7.0,3.0,6.0,4.0,2.0,2.0,1.0,1.0,0
403,0.0,0.0,0.0,0.0,10.0,300.0,0.0,0.01,0.0,0.0,0.0,2.0,1.0,5.0,3.0,2.0,0.0,0.0,0
404,6.0,180.0,2.0,30.0,40.0,1400.0,0.0,0.005,0.0,0.0,6.0,3.0,7.0,2.0,2.0,2.0,0.0,0.0,0
405,2.0,60.0,0.0,0.0,12.0,350.0,0.0,0.008,0.0,0.0,5.0,1.0,2.0,3.0,1.0,2.0,0.0,0.0,0
406,7.0,200.0,1.0,10.0,50.0,2000.0,0.0,0.003,0.0,0.0,7.0,4.0,1.0,1.0,2.0,2.0,0.0,0.0,0
407,1.0,30.0,0.0,0.0,18.0,500.0,0.0,0.004,0.0,0.0,6.0,2.0,5.0,3.0,2.0,2.0,0.0,0.0,0
408,0.0,0.0,0.0,0.0,5.0,150.0,0.0,0.015,0.0,0.0,5.0,1.0,2.0,6.0,3.0,2.0,0.0,0.0,0
409,3.0,90.0,0.0,0.0,25.0,800.0,0.0,0.006,0.0,0.0,7.0,2.0,4.0,2.0,2.0,2.0,0.0,0.0,0
0,0.0,0.0,1.0,38.0,10.0,311.0,0.018181818,0.036363636,0.0,0.0,6.0,2.0,10.0,2.0,4.0,2.0,1.0,0.0,1
1,1.0,96.66666667,0.0,0.0,23.0,1605.875,0.031818182,0.05030303,54.10230816,0.0,1.0,2.0,2.0,2.0,10.0,2.0,0.0,1.0,1
2,3.0,89.0,0.0,0.0,26.0,655.5357143,0.0,0.0375,0.0,0.0,7.0,2.0,2.0,4.0,1.0,2.0,0.0,0.0,1
3,0.0,0.0,0.0,0.0,5.0,20.2,0.18,0.186666667,0.0,0.0,0.0,3.0,2.0,4.0,20.0,2.0,0.0,0.0,1
4,0.0,0.0,0.0,0.0,1.0,0.0,0.2,0.2,0.0,0.0,6.0,1.0,1.0,3.0,3.0,2.0,0.0,0.0,1
5,4.0,264.1333333,1.0,152.2,47.0,906.1166667,0.0,0.002614379,0.0,0.0,0.0,3.0,2.0,3.0,2.0,0.0,1.0,0.0,1
6,0.0,0.0,0.0,0.0,1.0,0.0,0.2,0.2,0.0,0.0,6.0,1.0,1.0,1.0,15.0,2.0,1.0,0.0,1
7,0.0,0.0,0.0,0.0,46.0,2308.261905,0.0,0.000555556,0.0,0.0,6.0,2.0,2.0,7.0,2.0,0.0,0.0,0.0,1
8,0.0,0.0,1.0,41.5,98.0,2400.037843,0.000183655,0.011646771,0.0,0.0,7.0,2.0,2.0,1.0,2.0,2.0,0.0,1.0,1
9,6.0,55.0,1.0,7.0,132.0,4056.175369,0.005882353,0.019282953,0.0,0.0,5.0,2.0,2.0,8.0,2.0,2.0,0.0,0.0,1
10,0.0,0.0,0.0,0.0,46.0,2425.083333,0.010869565,0.027681159,0.0,0.6,6.0,1.0,1.0,3.0,2.0,2.0,0.0,0.0,1
11,0.0,0.0,0.0,0.0,16.0,519.75,0.0125,0.04,0.0,0.0,5.0,3.0,2.0,3.0,3.0,2.0,0.0,0.0,1
12,1.0,33.5,0.0,0.0,15.0,710.25,0.0,0.011111111,0.0,0.0,1.0,2.0,10.0,1.0,8.0,0.0,0.0,0.0,1
13,0.0,0.0,0.0,0.0,3.0,21.0,0.0,0.066666667,0.0,0.0,7.0,2.0,4.0,2.0,2.0,2.0,1.0,1.0,1
14,11.0,771.9285714,2.0,214.1666667,39.0,1022.474026,0.000833333,0.012361111,52.05165,0.0,6.0,3.0,2.0,1.0,2.0,2.0,0.0,1.0,1
15,0.0,0.0,0.0,0.0,24.0,743.75,0.0,0.016666667,0.0,0.0,1.0,2.0,2.0,2.0,2.0,0.0,1.0,0.0,1
16,2.0,13.0,0.0,0.0,3.0,200.0,0.0,0.05,0.0,0.0,1.0,2.0,2.0,1.0,8.0,0.0,0.0,0.0,1
17,1.0,10.0,1.0,342.5,55.0,3165.958333,0.005660377,0.032620545,0.0,0.0,1.0,2.0,2.0,3.0,1.0,2.0,1.0,0.0,1
18,0.0,0.0,0.0,0.0,48.0,4293.833333,0.008333333,0.034166667,0.0,0.0,7.0,2.0,1.0,1.0,2.0,0.0,1.0,0.0,1
19,0.0,0.0,0.0,0.0,20.0,301.5,0.028571429,0.05952381,0.0,0.8,6.0,3.0,2.0,1.0,3.0,2.0,0.0,0.0,1
20,5.0,65.5,0.0,0.0,27.0,354.5833333,0.014285714,0.023809524,0.0,0.0,7.0,1.0,1.0,8.0,1.0,2.0,0.0,0.0,1
21,0.0,0.0,0.0,0.0,13.0,546.9583333,0.0,0.033846154,0.0,0.0,1.0,2.0,2.0,1.0,3.0,2.0,0.0,0.0,1
22,6.0,301.2,0.0,0.0,87.0,1836.983333,0.009782609,0.026449275,0.0,0.0,9.0,2.0,2.0,6.0,3.0,2.0,0.0,0.0,1
23,2.0,273.0,1.0,1.0,10.0,384.4,0.044444444,0.043386243,0.0,0.0,6.0,1.0,1.0,1.0,3.0,2.0,0.0,0.0,1
24,0.0,0.0,0.0,0.0,17.0,557.1666667,0.023529412,0.049509804,0.0,0.0,5.0,3.0,2.0,1.0,1.0,2.0,0.0,0.0,1
25,4.0,197.0,1.0,25.0,46.0,1596.672282,0.0,0.008,19.92584938,0.0,5.0,4.0,2.0,2.0,2.0,0.0,1.0,0.0,1
26,0.0,0.0,0.0,0.0,3.0,22.5,0.0,0.066666667,0.0,0.0,6.0,1.0,2.0,3.0,2.0,2.0,1.0,0.0,1
27,3.0,118.6666667,0.0,0.0,17.0,694.0,0.003703704,0.008333333,27.45138186,0.0,5.0,3.0,2.0,1.0,2.0,2.0,1.0,1.0,1
28,0.0,0.0,2.0,236.0,66.0,1483.55,0.0,0.006153846,143.2115385,0.0,6.0,2.0,4.0,3.0,3.0,2.0,1.0,1.0,1
29,9.0,184.0,5.0,61.0,68.0,1986.251515,0.0,0.009553204,17.19611523,0.0,6.0,2.0,6.0,2.0,3.0,2.0,0.0,0.0,1
30,10.0,236.4083333,3.0,118.0,313.0,7428.181584,0.002509267,0.013416263,6.976504629,1.0,6.0,2.0,2.0,3.0,2.0,2.0,1.0,0.0,1
31,8.0,359.0,1.0,16.0,19.0,497.6666667,0.007692308,0.023076923,0.0,0.0,6.0,2.0,4.0,7.0,1.0,2.0,0.0,0.0,1
32,0.0,0.0,2.0,386.0,36.0,1609.939744,0.0,0.009323308,12.50325678,0.0,7.0,2.0,2.0,3.0,3.0,2.0,0.0,1.0,1
33,4.0,315.0,0.0,0.0,8.0,465.8333333,0.0,0.024242424,0.0,0.0,5.0,3.0,2.0,3.0,3.0,2.0,1.0,0.0,1
34,0.0,0.0,0.0,0.0,4.0,302.0,0.0,0.04,46.06937312,0.0,1.0,8.0,13.0,9.0,20.0,1.0,0.0,1.0,1
35,1.0,46.5,0.0,0.0,22.0,578.8106061,0.00952381,0.04021164,0.0,0.0,1.0,1.0,1.0,2.0,2.0,2.0,0.0,0.0,1
36,4.0,390.5,0.0,0.0,27.0,1285.583333,0.0,0.006896552,14.67222588,0.0,1.0,2.0,2.0,8.0,2.0,2.0,0.0,1.0,1
37,0.0,0.0,0.0,0.0,14.0,706.5,0.0,0.007142857,0.0,0.0,2.0,2.0,2.0,5.0,4.0,2.0,1.0,0.0,1
38,0.0,0.0,0.0,0.0,33.0,1132.791667,0.009090909,0.047474747,0.0,0.0,1.0,4.0,1.0,3.0,1.0,2.0,0.0,0.0,1
39,1.0,29.5,0.0,0.0,41.0,1119.541667,0.009756098,0.035656214,0.0,0.0,7.0,3.0,2.0,1.0,2.0,2.0,0.0,0.0,1
40,14.0,337.58,0.0,0.0,29.0,443.5,0.0,0.027027027,0.0,0.0,8.0,2.0,2.0,1.0,3.0,2.0,0.0,0.0,1
41,8.0,166.2,5.0,371.0,23.0,626.2213675,0.004444444,0.008888889,0.0,0.0,5.0,1.0,1.0,8.0,3.0,2.0,0.0,0.0,1
42,0.0,0.0,0.0,0.0,20.0,584.0,0.0,0.003508772,0.0,0.0,6.0,2.0,2.0,6.0,4.0,0.0,0.0,0.0,1
43,1.0,0.0,0.0,0.0,2.0,66.5,0.0,0.1,0.0,0.0,1.0,2.0,2.0,9.0,2.0,2.0,1.0,0.0,1
44,0.0,0.0,0.0,0.0,3.0,18.0,0.1,0.111111111,0.0,0.0,7.0,3.0,2.0,2.0,13.0,2.0,0.0,0.0,1
45,0.0,0.0,0.0,0.0,3.0,27.0,0.066666667,0.133333333,0.0,0.0,5.0,2.0,2.0,1.0,13.0,2.0,0.0,0.0,1
46,1.0,17.6,0.0,0.0,12.0,1192.866667,0.0,0.019230769,0.0,0.0,9.0,2.0,2.0,1.0,3.0,2.0,0.0,0.0,1
47,0.0,0.0,0.0,0.0,50.0,999.8333333,0.0,0.009,0.0,0.0,1.0,2.0,2.0,1.0,8.0,0.0,1.0,0.0,1
48,1.0,10.0,0.0,0.0,16.0,120.0,0.053333333,0.08,0.0,0.0,6.0,2.0,2.0,6.0,4.0,2.0,0.0,0.0,1
49,1.0,0.0,0.0,0.0,8.0,1340.3,0.0,0.025,0.0,0.0,9.0,1.0,2.0,3.0,4.0,2.0,0.0,0.0,1
50,3.0,109.0,0.0,0.0,31.0,3116.5,0.0,0.005208333,0.0,0.0,1.0,3.0,2.0,1.0,10.0,2.0,0.0,1.0,1
51,9.0,726.3666667,0.0,0.0,80.0,4322.779121,0.002272727,0.0163943,8.069027652,0.0,6.0,2.0,2.0,2.0,2.0,2.0,0.0,1.0,1
52,2.0,58.0,5.0,115.0,71.0,1563.930952,0.006578947,0.017192982,0.0,0.8,6.0,3.0,2.0,1.0,4.0,2.0,0.0,0.0,1
53,0.0,0.0,0.0,0.0,14.0,331.3,0.0,0.015384615,0.0,0.0,3.0,1.0,8.0,1.0,1.0,2.0,0.0,0.0,1
54,0.0,0.0,0.0,0.0,42.0,2239.363889,0.02,0.035454545,0.0,0.0,1.0,3.0,2.0,7.0,2.0,2.0,0.0,0.0,1
55,0.0,0.0,0.0,0.0,15.0,455.5,0.0,0.014285714,0.0,0.0,6.0,2.0,10.0,3.0,2.0,0.0,0.0,0.0,1
56,0.0,0.0,0.0,0.0,15.0,292.6944444,0.0,0.005128205,54.98,0.0,6.0,3.0,2.0,4.0,4.0,2.0,0.0,1.0,1
57,5.0,196.6666667,0.0,0.0,94.0,2129.536752,0.003157895,0.004818713,0.0,0.0,6.0,3.0,2.0,1.0,3.0,2.0,0.0,0.0,1
58,3.0,182.6428571,3.0,119.375,64.0,2671.06994,0.000275482,0.017352092,37.59646822,0.0,7.0,2.0,5.0,6.0,2.0,2.0,0.0,1.0,1
59,0.0,0.0,0.0,0.0,5.0,138.0,0.02,0.1,0.0,0.8,6.0,2.0,2.0,1.0,4.0,2.0,0.0,0.0,1
60,12.0,219.274359,4.0,857.1666667,107.0,2640.135697,0.0,0.015489592,6.479206264,0.0,7.0,1.0,2.0,1.0,2.0,2.0,1.0,1.0,1
61,0.0,0.0,0.0,0.0,19.0,468.8333333,0.046296296,0.075,0.0,0.0,6.0,3.0,2.0,3.0,13.0,2.0,0.0,0.0,1
62,0.0,0.0,0.0,0.0,6.0,657.5,0.0,0.011111111,0.0,0.0,6.0,2.0,2.0,1.0,13.0,2.0,0.0,0.0,1
63,0.0,0.0,0.0,0.0,12.0,810.0,0.0,0.016666667,0.0,0.0,5.0,2.0,2.0,6.0,10.0,2.0,0.0,0.0,1
64,6.0,141.0583333,0.0,0.0,46.0,1728.866268,0.0,0.019059741,0.0,0.0,4.0,2.0,2.0,7.0,4.0,2.0,0.0,0.0,1
65,3.0,76.5,2.0,66.0,16.0,315.3666667,0.0,0.014736842,0.0,0.0,6.0,3.0,2.0,1.0,3.0,2.0,1.0,0.0,1
66,0.0,0.0,0.0,0.0,13.0,390.5,0.038461538,0.053846154,0.0,0.0,1.0,2.0,2.0,1.0,13.0,2.0,0.0,0.0,1
67,0.0,0.0,0.0,0.0,46.0,3346.041667,0.0,0.01884058,0.0,0.0,7.0,2.0,2.0,3.0,2.0,2.0,1.0,1.0,1
68,1.0,0.0,2.0,23.75,193.0,6784.671131,0.004931973,0.021157516,0.0,0.0,7.0,2.0,2.0,7.0,2.0,2.0,1.0,1.0,1
69,4.0,143.0666667,1.0,6.5,74.0,1294.405,0.002666667,0.010666667,0.0,0.0,0.0,2.0,2.0,3.0,1.0,2.0,1.0,0.0,1
70,1.0,58.0,0.0,0.0,2.0,7.0,0.0,0.066666667,0.0,0.0,6.0,3.0,2.0,3.0,19.0,0.0,1.0,0.0,1
71,13.0,241.7666667,0.0,0.0,12.0,255.3,0.002,0.036666667,0.0,0.0,5.0,2.0,2.0,8.0,2.0,2.0,0.0,0.0,1
72,0.0,0.0,0.0,0.0,12.0,315.7797619,0.016666667,0.025,0.0,0.0,7.0,1.0,1.0,9.0,2.0,2.0,1.0,0.0,1
73,3.0,101.6666667,0.0,0.0,22.0,2250.083333,0.0,0.019565217,32.70730435,0.0,6.0,2.0,4.0,4.0,1.0,2.0,0.0,1.0,1
74,2.0,32.2,1.0,0.0,20.0,342.6866667,0.0,0.009090909,0.0,0.0,0.0,2.0,2.0,1.0,4.0,0.0,0.0,0.0,1
75,6.0,331.25,3.0,365.25,6.0,267.0,0.0,0.021428571,0.0,0.0,1.0,1.0,2.0,7.0,3.0,2.0,1.0,0.0,1
76,2.0,20.0,0.0,0.0,24.0,242.0,0.018181818,0.045454545,0.0,0.0,6.0,2.0,2.0,4.0,11.0,2.0,0.0,0.0,1
77,0.0,0.0,0.0,0.0,2.0,33.0,0.0,0.1,0.0,0.0,6.0,1.0,8.0,3.0,2.0,2.0,0.0,0.0,1
78,5.0,199.125,0.0,0.0,9.0,430.6071429,0.0,0.008333333,0.0,0.0,7.0,3.0,2.0,1.0,11.0,2.0,0.0,0.0,1
79,2.0,42.75,0.0,0.0,31.0,2526.483333,0.027272727,0.055555556,40.1844879,0.0,1.0,2.0,4.0,6.0,1.0,2.0,0.0,0.0,1
80,0.0,0.0,0.0,0.0,16.0,2214.666667,0.0,0.003921569,92.9041786,0.0,8.0,2.0,2.0,1.0,2.0,0.0,0.0,1.0,1
81,6.0,63.0,1.0,16.0,187.0,4987.688889,0.003108808,0.011118588,10.80188719,0.0,6.0,4.0,1.0,2.0,2.0,2.0,0.0,0.0,1
82,3.0,107.0,0.0,0.0,4.0,145.8333333,0.0,0.016666667,0.0,0.0,5.0,3.0,2.0,7.0,1.0,0.0,0.0,0.0,1
83,2.0,146.0,2.0,52.25,1.0,0.0,0.0,0.04,0.0,0.0,1.0,1.0,1.0,1.0,2.0,2.0,0.0,0.0,1
84,0.0,0.0,0.0,0.0,25.0,1344.291667,0.0,0.008695652,0.0,0.0,7.0,2.0,4.0,1.0,8.0,2.0,0.0,0.0,1
85,2.0,40.2,2.0,26.1,10.0,186.7,0.0,0.021428571,0.0,0.0,8.0,2.0,2.0,3.0,3.0,0.0,0.0,0.0,1
86,4.0,67.5,0.0,0.0,27.0,834.6666667,0.0,0.014285714,0.0,0.0,7.0,2.0,2.0,2.0,2.0,0.0,1.0,0.0,1
87,9.0,138.5666667,1.0,21.2,39.0,977.4128571,0.009756098,0.017615176,0.0,0.0,8.0,1.0,1.0,3.0,3.0,2.0,0.0,0.0,1
88,0.0,0.0,0.0,0.0,29.0,1155.5,0.05862069,0.095402299,0.0,0.8,6.0,2.0,2.0,1.0,13.0,2.0,0.0,0.0,1
89,3.0,103.6,0.0,0.0,39.0,1003.38,0.068292683,0.08699187,0.0,0.0,0.0,1.0,1.0,1.0,3.0,2.0,0.0,0.0,1
90,0.0,0.0,0.0,0.0,10.0,254.0,0.02,0.04,14.0292,0.0,5.0,2.0,2.0,9.0,2.0,0.0,0.0,1.0,1
91,7.0,154.0,3.0,248.1666667,34.0,886.4791667,0.0,0.005128205,77.801588,0.0,1.0,2.0,2.0,1.0,2.0,0.0,0.0,1.0,1
92,0.0,0.0,0.0,0.0,7.0,155.0,0.066666667,0.1,0.0,0.0,6.0,2.0,2.0,1.0,4.0,2.0,0.0,0.0,1
93,0.0,0.0,0.0,0.0,70.0,1473.701515,0.008695652,0.032370528,0.0,0.0,7.0,1.0,1.0,1.0,2.0,2.0,0.0,0.0,1
94,4.0,69.83333333,0.0,0.0,133.0,4885.049069,0.002962963,0.008689192,15.95538838,0.0,7.0,1.0,2.0,1.0,2.0,2.0,1.0,0.0,1
95,0.0,0.0,0.0,0.0,26.0,810.3713768,0.019230769,0.02530525,0.0,0.8,6.0,3.0,2.0,3.0,1.0,2.0,0.0,0.0,1
96,4.0,72.0,0.0,0.0,4.0,46.5,0.04,0.06,0.0,0.0,7.0,3.0,2.0,2.0,3.0,2.0,0.0,0.0,1
97,2.0,59.4,0.0,0.0,86.0,3334.506667,0.025581395,0.050387597,0.0,0.0,0.0,2.0,2.0,7.0,3.0,2.0,0.0,0.0,1
98,3.0,69.6,0.0,0.0,9.0,199.1333333,0.0,0.006060606,0.0,0.0,3.0,1.0,1.0,1.0,2.0,0.0,0.0,0.0,1
99,2.0,44.0,0.0,0.0,8.0,182.0,0.0,0.005,0.0,0.0,6.0,2.0,4.0,1.0,2.0,0.0,0.0,0.0,1
100,0.0,0.0,0.0,0.0,9.0,145.0,0.066666667,0.122222222,0.0,0.8,6.0,3.0,2.0,1.0,13.0,2.0,0.0,0.0,1
101,0.0,0.0,0.0,0.0,11.0,1390.166667,0.012121212,0.014545455,0.0,0.0,5.0,1.0,1.0,1.0,3.0,2.0,1.0,0.0,1
102,1.0,19.0,0.0,0.0,43.0,1457.113095,0.023809524,0.04015873,0.0,0.0,7.0,3.0,6.0,1.0,2.0,2.0,1.0,0.0,1
103,0.0,0.0,0.0,0.0,48.0,691.3572797,0.034873188,0.082209406,0.0,0.0,7.0,3.0,2.0,3.0,3.0,2.0,0.0,0.0,1
104,3.0,148.0,2.0,58.5,33.0,1847.211905,0.0,0.007830405,0.0,0.0,6.0,2.0,4.0,3.0,2.0,2.0,0.0,0.0,1
105,0.0,0.0,0.0,0.0,13.0,1001.3,0.0,0.057142857,0.0,0.0,4.0,2.0,2.0,9.0,1.0,2.0,0.0,0.0,1
106,0.0,0.0,0.0,0.0,16.0,242.75,0.0,0.004910714,0.0,0.0,7.0,1.0,8.0,2.0,11.0,2.0,1.0,0.0,1
107,0.0,0.0,0.0,0.0,2.0,9.0,0.0,0.1,0.0,0.0,6.0,2.0,2.0,2.0,3.0,2.0,0.0,0.0,1
108,4.0,112.875,0.0,0.0,6.0,134.675,0.0,0.037037037,0.0,0.0,7.0,1.0,2.0,1.0,2.0,2.0,0.0,0.0,1
109,0.0,0.0,1.0,17.0,8.0,549.0,0.022222222,0.044444444,0.0,0.6,6.0,1.0,1.0,6.0,3.0,2.0,0.0,0.0,1
110,3.0,86.6,0.0,0.0,35.0,596.0333333,0.0,0.005263158,0.0,0.0,8.0,2.0,5.0,1.0,2.0,0.0,0.0,0.0,1
111,1.0,21.2,1.0,141.0,7.0,307.8666667,0.0,0.0,0.0,0.0,0.0,2.0,2.0,1.0,3.0,2.0,0.0,0.0,1
112,0.0,0.0,0.0,0.0,7.0,49.86666667,0.085714286,0.092857143,0.0,0.0,9.0,1.0,1.0,9.0,3.0,2.0,0.0,0.0,1
113,2.0,83.0,0.0,0.0,3.0,264.0,0.0,0.05,0.0,0.6,6.0,3.0,3.0,7.0,11.0,0.0,0.0,0.0,1
114,1.0,19.0,0.0,0.0,11.0,501.75,0.016666667,0.033333333,55.485,0.0,6.0,2.0,4.0,4.0,2.0,2.0,0.0,1.0,1
115,7.0,98.73333333,2.0,229.8,151.0,4249.12,0.013402778,0.041166667,5.88595629,0.0,3.0,2.0,5.0,3.0,3.0,2.0,0.0,0.0,1
116,0.0,0.0,0.0,0.0,12.0,337.0,0.0,0.006666667,19.37005896,0.0,1.0,2.0,5.0,4.0,1.0,2.0,1.0,1.0,1
117,6.0,88.28,0.0,0.0,17.0,310.9714286,0.031578947,0.035247209,0.0,0.0,8.0,3.0,2.0,1.0,13.0,2.0,0.0,0.0,1
118,4.0,47.5,0.0,0.0,16.0,331.3333333,0.0,0.010526316,254.6071579,0.0,6.0,2.0,5.0,1.0,2.0,0.0,0.0,1.0,1
119,7.0,182.0833333,0.0,0.0,15.0,310.9,0.0,0.01,0.0,0.0,5.0,2.0,2.0,4.0,2.0,2.0,0.0,0.0,1
120,1.0,123.0,0.0,0.0,7.0,181.5,0.0,0.025,64.7325,0.0,5.0,2.0,2.0,1.0,2.0,0.0,1.0,1.0,1
121,3.0,73.5,8.0,376.3333333,42.0,986.5166667,0.019934641,0.031113658,0.0,0.0,6.0,3.0,2.0,1.0,1.0,2.0,1.0,0.0,1
122,3.0,397.7,4.0,1093.3,66.0,4152.7631,0.014979592,0.017561939,6.282904602,0.0,9.0,3.0,2.0,8.0,4.0,2.0,1.0,0.0,1
123,4.0,120.0,4.0,64.0,52.0,1859.083333,0.010344828,0.018390805,17.24870115,0.0,6.0,2.0,2.0,2.0,13.0,2.0,0.0,1.0,1
124,0.0,0.0,1.0,108.8,10.0,322.3666667,0.0,0.009090909,61.80843596,0.0,7.0,2.0,5.0,4.0,2.0,2.0,0.0,1.0,1
125,2.0,19.0,0.0,0.0,28.0,1183.65,0.0,0.006896552,21.2112655,0.0,1.0,3.0,12.0,9.0,2.0,2.0,0.0,1.0,1
126,0.0,0.0,0.0,0.0,7.0,245.4,0.025,0.08125,3.27121463,0.0,9.0,3.0,7.0,3.0,4.0,2.0,0.0,0.0,1
127,2.0,22.2,0.0,0.0,18.0,584.74,0.005882353,0.023529412,0.0,0.0,0.0,1.0,1.0,3.0,2.0,2.0,0.0,0.0,1
128,0.0,0.0,0.0,0.0,8.0,863.3333333,0.0,0.014583333,0.0,0.0,5.0,2.0,2.0,4.0,3.0,2.0,1.0,0.0,1
129,2.0,36.0,0.0,0.0,15.0,2190.666667,0.0,0.004444444,0.0,0.0,5.0,2.0,2.0,3.0,8.0,2.0,0.0,0.0,1
130,0.0,0.0,0.0,0.0,6.0,181.0,0.0,0.016666667,0.0,0.0,6.0,3.0,2.0,1.0,3.0,2.0,0.0,0.0,1
131,5.0,42.18181818,0.0,0.0,12.0,231.1818182,0.0,0.01,0.0,0.0,5.0,2.0,2.0,1.0,2.0,0.0,1.0,0.0,1
132,0.0,0.0,0.0,0.0,7.0,80.0,0.028571429,0.057142857,0.0,0.0,6.0,2.0,2.0,4.0,3.0,2.0,1.0,0.0,1
133,0.0,0.0,1.0,0.0,23.0,489.25,0.00173913,0.032173913,0.0,0.0,6.0,2.0,5.0,5.0,2.0,2.0,0.0,0.0,1
134,1.0,0.0,0.0,0.0,9.0,336.8833333,0.0,0.04,30.21969637,0.0,9.0,1.0,2.0,6.0,4.0,2.0,0.0,1.0,1
135,3.0,40.25,3.0,9.0,26.0,683.0292208,0.006451613,0.032319508,0.0,0.0,7.0,1.0,1.0,1.0,2.0,2.0,0.0,1.0,1
136,0.0,0.0,0.0,0.0,20.0,1116.473333,0.033,0.027954545,0.0,0.0,8.0,3.0,2.0,6.0,1.0,2.0,0.0,0.0,1
137,0.0,0.0,0.0,0.0,10.0,269.0,0.0,0.02,0.0,0.0,6.0,2.0,2.0,3.0,2.0,2.0,0.0,0.0,1
138,2.0,8.0,2.0,90.2,13.0,1286.050476,0.0125,0.019886364,0.0,0.0,0.0,2.0,2.0,3.0,2.0,2.0,0.0,0.0,1
139,0.0,0.0,0.0,0.0,9.0,273.25,0.066666667,0.077777778,0.0,0.0,1.0,3.0,3.0,5.0,1.0,2.0,1.0,0.0,1
140,3.0,59.2,0.0,0.0,9.0,1261.7,0.016666667,0.05,0.0,0.0,0.0,2.0,5.0,1.0,5.0,2.0,0.0,0.0,1
141,0.0,0.0,0.0,0.0,27.0,352.0833333,0.014814815,0.022222222,0.0,0.0,6.0,3.0,2.0,3.0,3.0,2.0,0.0,0.0,1
142,0.0,0.0,0.0,0.0,1.0,0.0,0.2,0.2,0.0,0.0,6.0,3.0,3.0,4.0,4.0,2.0,0.0,0.0,1
143,0.0,0.0,0.0,0.0,5.0,883.6,0.0,0.0,125.8939091,0.0,7.0,2.0,2.0,4.0,2.0,2.0,1.0,1.0,1
144,0.0,0.0,0.0,0.0,7.0,98.5,0.071428571,0.1,0.0,0.0,5.0,1.0,1.0,6.0,1.0,2.0,0.0,0.0,1
145,0.0,0.0,0.0,0.0,12.0,1165.333333,0.004166667,0.043055556,0.0,0.0,5.0,2.0,2.0,3.0,2.0,2.0,0.0,0.0,1
146,0.0,0.0,0.0,0.0,7.0,1260.666667,0.057142857,0.107142857,0.0,0.8,6.0,2.0,4.0,5.0,6.0,2.0,0.0,0.0,1
147,7.0,122.875,0.0,0.0,22.0,250.0357143,0.0,0.03974359,0.0,0.0,1.0,2.0,2.0,1.0,2.0,0.0,0.0,0.0,1
148,0.0,0.0,1.0,14.0,119.0,2763.011332,0.005367232,0.007566642,0.0,0.0,7.0,3.0,2.0,3.0,13.0,2.0,1.0,0.0,1
149,0.0,0.0,0.0,0.0,2.0,0.0,0.2,0.2,0.0,0.0,5.0,2.0,2.0,6.0,1.0,2.0,0.0,0.0,1
150,3.0,69.0,1.0,18.0,10.0,409.4666667,0.005128205,0.039010989,0.0,0.0,1.0,2.0,2.0,1.0,2.0,2.0,0.0,0.0,1
151,6.0,109.2,0.0,0.0,31.0,663.2777778,0.005882353,0.007058824,0.0,0.0,8.0,1.0,1.0,1.0,3.0,2.0,0.0,0.0,1
152,0.0,0.0,0.0,0.0,11.0,2076.75,0.036363636,0.081818182,0.0,0.0,7.0,2.0,2.0,4.0,3.0,2.0,0.0,0.0,1
153,0.0,0.0,0.0,0.0,11.0,241.0,0.0,0.018181818,0.0,0.0,5.0,2.0,2.0,5.0,1.0,2.0,0.0,0.0,1
154,2.0,46.4,1.0,29.2,12.0,303.2464286,0.0,0.015384615,0.0,0.0,8.0,1.0,1.0,3.0,2.0,0.0,1.0,0.0,1
155,0.0,0.0,0.0,0.0,2.0,0.0,0.2,0.2,0.0,0.0,1.0,1.0,1.0,2.0,1.0,2.0,1.0,0.0,1
156,0.0,0.0,0.0,0.0,1.0,0.0,0.2,0.2,0.0,0.0,7.0,1.0,1.0,4.0,10.0,2.0,0.0,0.0,1
157,0.0,0.0,0.0,0.0,5.0,47.0,0.02,0.06,0.0,0.0,6.0,2.0,2.0,3.0,1.0,2.0,0.0,0.0,1
158,0.0,0.0,0.0,0.0,14.0,267.25,0.0,0.021428571,0.0,0.0,7.0,3.0,2.0,1.0,11.0,0.0,1.0,0.0,1
159,0.0,0.0,2.0,76.5,22.0,850.5333333,0.004545455,0.03446281,0.0,0.0,5.0,3.0,2.0,3.0,1.0,2.0,0.0,0.0,1
160,0.0,0.0,0.0,0.0,6.0,192.875,0.0,0.016666667,0.0,0.0,1.0,8.0,13.0,9.0,20.0,1.0,0.0,0.0,1
161,0.0,0.0,0.0,0.0,23.0,566.8,0.0,0.007971014,0.0,0.0,7.0,3.0,2.0,1.0,13.0,2.0,0.0,0.0,1
162,0.0,0.0,0.0,0.0,7.0,261.5,0.0,0.00952381,0.0,0.0,5.0,2.0,2.0,4.0,1.0,2.0,0.0,0.0,1
163,0.0,0.0,0.0,0.0,1.0,0.0,0.2,0.2,0.0,0.0,1.0,1.0,1.0,1.0,1.0,2.0,1.0,0.0,1
164,1.0,81.0,0.0,0.0,12.0,131.5,0.0,0.003076923,0.0,1.0,6.0,3.0,2.0,1.0,4.0,2.0,1.0,0.0,1
165,2.0,32.0,0.0,0.0,30.0,1407.5,0.006451613,0.02516129,15.51193548,0.0,6.0,2.0,2.0,1.0,13.0,2.0,0.0,1.0,1
166,4.0,305.0,0.0,0.0,16.0,1090.7,0.0,0.041666667,0.0,0.0,7.0,2.0,2.0,1.0,2.0,2.0,0.0,0.0,1
167,0.0,0.0,0.0,0.0,8.0,233.6666667,0.025,0.0875,0.0,0.0,5.0,2.0,2.0,3.0,13.0,2.0,0.0,0.0,1
168,0.0,0.0,3.0,135.0,32.0,804.1899134,0.029946524,0.03546327,4.027998418,0.0,8.0,1.0,1.0,6.0,2.0,2.0,1.0,0.0,1
169,2.0,16.5,0.0,0.0,5.0,37.5,0.0,0.033333333,0.0,0.0,6.0,2.0,2.0,1.0,3.0,2.0,0.0,0.0,1
170,4.0,242.8,0.0,0.0,7.0,238.6,0.018181818,0.063636364,0.0,0.0,8.0,2.0,2.0,1.0,2.0,2.0,1.0,0.0,1
171,0.0,0.0,0.0,0.0,9.0,145.9,0.022222222,0.074074074,0.0,0.0,4.0,1.0,1.0,2.0,3.0,2.0,1.0,0.0,1
172,0.0,0.0,0.0,0.0,1.0,0.0,0.2,0.2,0.0,0.0,5.0,2.0,2.0,7.0,11.0,2.0,0.0,0.0,1
173,0.0,0.0,0.0,0.0,11.0,257.75,0.0,0.024242424,0.0,0.0,1.0,3.0,2.0,2.0,2.0,0.0,0.0,0.0,1
174,0.0,0.0,0.0,0.0,11.0,814.5,0.0,0.01,0.0,0.0,5.0,1.0,1.0,1.0,2.0,0.0,0.0,0.0,1
175,2.0,77.5,3.0,92.0,18.0,341.2916667,0.0,0.009090909,0.0,0.0,5.0,1.0,1.0,1.0,2.0,0.0,1.0,0.0,1
176,1.0,82.0,0.0,0.0,59.0,1927.122222,0.007909605,0.023728814,23.87629104,0.0,6.0,2.0,2.0,9.0,13.0,2.0,0.0,1.0,1
177,0.0,0.0,0.0,0.0,23.0,347.8522727,0.008695652,0.030434783,0.0,0.0,7.0,2.0,2.0,1.0,3.0,2.0,0.0,0.0,1
178,0.0,0.0,0.0,0.0,22.0,815.8333333,0.0,0.01,0.0,0.0,6.0,2.0,4.0,1.0,1.0,2.0,0.0,0.0,1
179,6.0,104.1136364,3.0,95.0,95.0,2411.789279,0.0,0.01068254,16.78420229,0.0,6.0,3.0,2.0,5.0,6.0,2.0,0.0,0.0,1
180,4.0,712.0,0.0,0.0,77.0,3785.5625,0.002564103,0.00982906,0.0,0.0,7.0,2.0,2.0,2.0,8.0,0.0,0.0,1.0,1
181,7.0,169.5,0.0,0.0,21.0,484.95,0.008695652,0.037681159,0.0,0.0,5.0,1.0,2.0,2.0,2.0,2.0,0.0,0.0,1
182,1.0,7.0,4.0,364.9166667,248.0,7445.957075,0.004316069,0.015735624,1.26665917,0.0,7.0,2.0,2.0,1.0,2.0,2.0,0.0,1.0,1
183,0.0,0.0,0.0,0.0,41.0,1066.339286,0.012195122,0.043292683,0.0,0.0,7.0,3.0,2.0,3.0,1.0,2.0,0.0,0.0,1
184,2.0,61.5,2.0,10.0,13.0,210.0,0.0125,0.03125,0.0,0.0,1.0,3.0,2.0,4.0,1.0,2.0,0.0,0.0,1
185,4.0,57.3,0.0,0.0,25.0,488.7166667,0.021428571,0.067517007,0.0,0.0,4.0,2.0,5.0,1.0,1.0,2.0,0.0,0.0,1
186,3.0,135.5,0.0,0.0,37.0,1238.375,0.005405405,0.030510511,7.941531532,0.0,6.0,2.0,2.0,1.0,2.0,2.0,0.0,0.0,1
187,1.0,9.0,0.0,0.0,7.0,638.0,0.0375,0.045833333,0.0,0.0,5.0,1.0,1.0,1.0,3.0,2.0,0.0,0.0,1
188,3.0,31.2,1.0,42.4,13.0,134.45,0.0,0.0125,0.0,0.0,7.0,2.0,2.0,6.0,2.0,0.0,0.0,0.0,1
189,6.0,228.0,5.0,89.33333333,18.0,513.4666667,0.0,0.003461538,0.0,0.0,5.0,1.0,1.0,3.0,3.0,0.0,0.0,0.0,1
190,0.0,0.0,0.0,0.0,42.0,602.8833333,0.0,0.004365079,21.26632526,0.0,9.0,6.0,2.0,3.0,1.0,2.0,0.0,0.0,1
191,0.0,0.0,0.0,0.0,1.0,0.0,0.2,0.2,0.0,0.0,5.0,3.0,3.0,1.0,3.0,2.0,1.0,0.0,1
192,3.0,86.33333333,0.0,0.0,14.0,1256.333333,0.0,0.023076923,0.0,0.0,7.0,1.0,1.0,4.0,2.0,2.0,0.0,0.0,1
193,2.0,49.25,2.0,17.0,77.0,4130.937879,0.011219512,0.029260777,43.99403085,0.0,7.0,4.0,1.0,1.0,2.0,2.0,0.0,0.0,1
194,13.0,278.1519608,1.0,46.5,150.0,5575.614608,7.27e-05,0.017155355,1.529570511,0.0,1.0,2.0,2.0,2.0,1.0,2.0,0.0,1.0,1
195,0.0,0.0,4.0,82.5,22.0,1087.986111,0.007692308,0.020244755,0.0,0.0,7.0,3.0,2.0,3.0,2.0,2.0,0.0,0.0,1
196,0.0,0.0,1.0,242.8,73.0,1860.95,0.005405405,0.019527027,0.0,0.0,4.0,2.0,2.0,1.0,2.0,2.0,0.0,0.0,1
197,2.0,50.875,0.0,0.0,32.0,1375.8,0.016129032,0.041935484,0.0,0.0,7.0,3.0,2.0,3.0,6.0,2.0,1.0,0.0,1
198,3.0,64.5,0.0,0.0,14.0,671.625,0.0,0.030625,0.0,0.0,7.0,1.0,1.0,3.0,2.0,2.0,1.0,0.0,1
199,5.0,181.8666667,0.0,0.0,192.0,4845.989214,0.005412371,0.022099252,18.67564853,0.0,7.0,2.0,2.0,1.0,1.0,2.0,0.0,0.0,1
200,9.0,1294.9,1.0,32.66666667,37.0,1012.233333,0.0,0.006910299,33.31220592,0.0,7.0,2.0,2.0,1.0,2.0,2.0,0.0,0.0,1
201,4.0,85.0,0.0,0.0,3.0,43.5,0.0,0.05,0.0,0.0,1.0,1.0,1.0,1.0,8.0,0.0,1.0,0.0,1
202,1.0,65.5,0.0,0.0,51.0,1544.855159,0.012244898,0.027755102,0.0,0.0,7.0,3.0,2.0,1.0,1.0,2.0,1.0,0.0,1
203,4.0,77.6,0.0,0.0,39.0,1477.154762,0.038157895,0.073976608,0.775318113,0.0,7.0,1.0,1.0,4.0,3.0,2.0,0.0,0.0,1
204,1.0,0.0,0.0,0.0,16.0,2007.0,0.01875,0.054166667,0.0,0.0,7.0,1.0,1.0,3.0,1.0,2.0,0.0,0.0,1
205,0.0,0.0,0.0,0.0,111.0,1624.75,0.013636364,0.025515152,0.0,0.0,1.0,2.0,2.0,1.0,2.0,2.0,0.0,0.0,1
206,0.0,0.0,0.0,0.0,28.0,683.3,0.028571429,0.089285714,0.0,0.0,4.0,2.0,2.0,3.0,1.0,2.0,0.0,0.0,1
207,1.0,27.5,0.0,0.0,37.0,1673.593939,0.001851852,0.040162037,0.0,0.0,7.0,2.0,4.0,3.0,10.0,2.0,1.0,0.0,1
208,4.0,103.625,0.0,0.0,14.0,1003.416667,0.0,0.018039216,0.0,0.2,2.0,1.0,1.0,3.0,3.0,2.0,0.0,0.0,1
209,0.0,0.0,0.0,0.0,48.0,832.0833333,0.038478261,0.064782609,0.0,0.0,1.0,3.0,2.0,1.0,3.0,2.0,0.0,0.0,1
210,0.0,0.0,0.0,0.0,8.0,100.0,0.0,0.025,0.0,0.0,5.0,1.0,1.0,7.0,1.0,2.0,0.0,0.0,1
211,4.0,81.6,0.0,0.0,45.0,1096.42,0.041945289,0.072659574,0.0,0.0,3.0,3.0,2.0,6.0,13.0,2.0,0.0,0.0,1
212,0.0,0.0,0.0,0.0,2.0,59.0,0.0,0.1,0.0,0.0,6.0,1.0,2.0,1.0,6.0,2.0,0.0,0.0,1
213,0.0,0.0,0.0,0.0,8.0,92.25,0.041666667,0.066666667,0.0,0.0,7.0,3.0,2.0,4.0,13.0,2.0,0.0,0.0,1
214,11.0,365.1166667,4.0,65.5,149.0,6082.873739,0.011520436,0.027243522,0.0,0.0,7.0,1.0,1.0,3.0,2.0,2.0,0.0,0.0,1
215,0.0,0.0,0.0,0.0,8.0,332.0,0.0,0.028571429,0.0,0.0,5.0,3.0,2.0,1.0,8.0,0.0,1.0,0.0,1
216,0.0,0.0,1.0,0.0,1.0,102.0,0.0,0.1,0.0,0.4,6.0,2.0,2.0,1.0,2.0,2.0,0.0,0.0,1
217,0.0,0.0,0.0,0.0,12.0,279.547619,0.0,0.019047619,0.0,0.0,7.0,3.0,2.0,1.0,3.0,2.0,0.0,0.0,1
218,0.0,0.0,0.0,0.0,1.0,0.0,0.2,0.2,0.0,0.0,5.0,2.0,2.0,2.0,3.0,2.0,0.0,0.0,1
219,2.0,69.0,0.0,0.0,51.0,2103.628837,0.0,0.015384615,40.659727,0.0,9.0,2.0,2.0,4.0,13.0,2.0,0.0,1.0,1
220,2.0,22.0,1.0,49.0,22.0,602.1666667,0.0,0.008695652,0.0,0.0,5.0,2.0,2.0,1.0,2.0,0.0,1.0,0.0,1
221,4.0,100.0,0.0,0.0,18.0,954.9083333,0.0,0.008521303,0.0,0.0,7.0,1.0,2.0,8.0,2.0,2.0,1.0,0.0,1
222,10.0,237.8333333,2.0,23.0,82.0,1814.564286,0.002325581,0.010385835,8.495651163,0.0,6.0,3.0,2.0,3.0,2.0,2.0,0.0,0.0,1
223,4.0,54.6,2.0,22.13333333,44.0,1100.789082,0.008510638,0.018561297,0.0,0.0,8.0,2.0,2.0,1.0,1.0,2.0,0.0,0.0,1
224,0.0,0.0,0.0,0.0,8.0,129.0,0.025,0.1,0.0,0.8,6.0,2.0,4.0,1.0,3.0,2.0,0.0,0.0,1
225,2.0,90.0,0.0,0.0,22.0,650.6666667,0.026086957,0.045217391,0.0,0.0,6.0,2.0,2.0,4.0,1.0,2.0,0.0,0.0,1
226,0.0,0.0,0.0,0.0,5.0,27.2,0.0,0.04,0.0,0.0,7.0,2.0,2.0,1.0,4.0,2.0,0.0,0.0,1
227,0.0,0.0,0.0,0.0,10.0,443.5,0.0,0.027777778,38.20940741,0.0,6.0,2.0,5.0,3.0,4.0,2.0,1.0,1.0,1
228,3.0,68.0,0.0,0.0,8.0,306.0,0.0,0.008888889,0.0,0.0,5.0,1.0,1.0,9.0,3.0,0.0,1.0,0.0,1
229,0.0,0.0,0.0,0.0,15.0,372.0833333,0.0,0.04,0.0,0.0,7.0,2.0,2.0,1.0,2.0,0.0,1.0,0.0,1
230,0.0,0.0,0.0,0.0,38.0,1633.833333,0.0,0.007894737,0.0,0.0,6.0,2.0,2.0,1.0,1.0,2.0,1.0,0.0,1
231,0.0,0.0,0.0,0.0,4.0,26.0,0.0,0.05,0.0,0.0,6.0,4.0,1.0,1.0,1.0,2.0,0.0,0.0,1
232,0.0,0.0,0.0,0.0,36.0,777.2175325,0.029166667,0.018068783,0.0,1.0,6.0,1.0,1.0,7.0,3.0,2.0,1.0,0.0,1
233,0.0,0.0,0.0,0.0,20.0,255.75,0.0,0.028421053,0.0,0.0,6.0,2.0,2.0,1.0,4.0,2.0,0.0,0.0,1
234,1.0,4.0,0.0,0.0,50.0,549.9166667,0.0,0.008163265,0.0,0.0,6.0,4.0,1.0,1.0,4.0,2.0,0.0,0.0,1
235,0.0,0.0,0.0,0.0,27.0,228.9,0.014814815,0.037037037,0.0,0.0,0.0,4.0,1.0,1.0,1.0,2.0,0.0,0.0,1
236,0.0,0.0,0.0,0.0,8.0,117.8,0.15,0.15,0.0,0.0,4.0,1.0,1.0,3.0,3.0,2.0,1.0,0.0,1
237,0.0,0.0,0.0,0.0,12.0,317.8333333,0.0,0.005555556,0.0,0.0,2.0,1.0,1.0,1.0,4.0,2.0,1.0,0.0,1
238,0.0,0.0,0.0,0.0,6.0,317.5,0.0,0.04,0.0,0.0,6.0,1.0,1.0,3.0,4.0,0.0,1.0,0.0,1
239,2.0,31.5,0.0,0.0,27.0,811.8630952,0.0,0.015873016,0.0,0.0,7.0,1.0,1.0,4.0,8.0,2.0,1.0,0.0,1
240,0.0,0.0,0.0,0.0,37.0,2960.971429,0.036936937,0.062012012,0.0,0.0,8.0,1.0,1.0,1.0,1.0,2.0,0.0,0.0,1
241,2.0,7.5,0.0,0.0,63.0,1903.666667,0.008064516,0.019546851,0.0,0.4,6.0,1.0,2.0,2.0,4.0,2.0,0.0,0.0,1
242,0.0,0.0,0.0,0.0,5.0,156.0,0.0,0.04,0.0,0.0,2.0,1.0,1.0,9.0,3.0,2.0,0.0,0.0,1
243,0.0,0.0,0.0,0.0,42.0,570.1832287,0.01,0.016547619,0.0,0.0,0.0,2.0,2.0,1.0,2.0,2.0,0.0,0.0,1
244,2.0,254.0,1.0,39.0,95.0,4990.959524,0.004123711,0.015307716,5.638103093,0.0,6.0,2.0,2.0,1.0,6.0,2.0,0.0,1.0,1
245,3.0,76.5,0.0,0.0,55.0,2846.295305,0.010344828,0.028962492,0.0,0.0,3.0,2.0,2.0,1.0,13.0,2.0,0.0,0.0,1
246,1.0,512.0,0.0,0.0,5.0,322.0,0.0,0.06,0.0,0.6,6.0,1.0,1.0,1.0,3.0,2.0,0.0,0.0,1
247,0.0,0.0,0.0,0.0,55.0,946.3636364,0.010909091,0.025454545,0.0,0.0,7.0,2.0,2.0,6.0,1.0,2.0,1.0,0.0,1
248,0.0,0.0,0.0,0.0,1.0,0.0,0.2,0.2,0.0,0.4,6.0,1.0,1.0,1.0,3.0,2.0,0.0,0.0,1
249,4.0,80.6,0.0,0.0,39.0,639.4933333,0.0,0.005,0.0,0.0,7.0,1.0,2.0,1.0,20.0,2.0,0.0,0.0,1
250,2.0,76.6,0.0,0.0,16.0,368.4666667,0.0,0.021568627,0.0,0.0,8.0,4.0,1.0,4.0,1.0,2.0,1.0,0.0,1
251,0.0,0.0,0.0,0.0,62.0,2636.513492,0.04781874,0.061364567,0.0,0.0,3.0,3.0,2.0,3.0,13.0,2.0,1.0,0.0,1
252,0.0,0.0,0.0,0.0,53.0,1768.657051,0.0,0.003921569,0.0,0.0,7.0,2.0,4.0,3.0,2.0,2.0,0.0,0.0,1
253,9.0,500.0,0.0,0.0,54.0,2201.710714,0.000595238,0.011252834,2.82745293,0.0,1.0,2.0,5.0,1.0,1.0,2.0,0.0,0.0,1
254,3.0,424.0,0.0,0.0,3.0,61.5,0.0,0.05,0.0,0.0,1.0,2.0,4.0,4.0,2.0,0.0,0.0,0.0,1
255,0.0,0.0,0.0,0.0,1.0,0.0,0.2,0.2,0.0,0.0,7.0,3.0,2.0,1.0,13.0,2.0,1.0,0.0,1
256,0.0,0.0,0.0,0.0,32.0,1297.75,0.0,0.0075,42.62274459,0.0,7.0,2.0,2.0,3.0,7.0,2.0,0.0,1.0,1
257,1.0,18.0,2.0,13.0,20.0,1287.27381,0.015873016,0.038095238,0.0,0.0,7.0,3.0,2.0,4.0,2.0,2.0,0.0,0.0,1
258,3.0,111.0,0.0,0.0,25.0,461.2222222,0.0,0.007142857,0.0,0.0,6.0,2.0,2.0,4.0,4.0,2.0,0.0,0.0,1
259,6.0,288.0,0.0,0.0,16.0,475.3,0.010526316,0.036842105,0.0,0.0,9.0,2.0,2.0,2.0,13.0,2.0,0.0,0.0,1
260,2.0,109.8,0.0,0.0,32.0,897.3619048,0.005882353,0.035620915,0.0,0.0,9.0,2.0,10.0,4.0,2.0,2.0,0.0,0.0,1
261,0.0,0.0,0.0,0.0,108.0,3279.238428,0.012037037,0.030709877,0.0,0.0,7.0,2.0,2.0,7.0,1.0,2.0,0.0,0.0,1
262,0.0,0.0,0.0,0.0,28.0,341.4583333,0.0,0.007407407,0.0,0.0,1.0,2.0,4.0,3.0,10.0,0.0,0.0,0.0,1
263,0.0,0.0,0.0,0.0,10.0,366.0,0.02,0.056666667,0.0,0.6,6.0,1.0,1.0,1.0,3.0,2.0,0.0,0.0,1
264,2.0,13.0,0.0,0.0,23.0,855.1666667,0.008,0.025333333,0.0,0.0,5.0,2.0,5.0,1.0,3.0,2.0,0.0,0.0,1
265,2.0,180.9,0.0,0.0,26.0,1030.06,0.0,0.005952381,0.0,0.0,0.0,3.0,2.0,6.0,2.0,0.0,0.0,0.0,1
266,5.0,59.0,0.0,0.0,3.0,44.66666667,0.0,0.025,0.0,0.0,5.0,2.0,4.0,6.0,2.0,2.0,1.0,0.0,1
267,2.0,113.5,0.0,0.0,37.0,1344.340476,0.0,0.005405405,11.77908986,0.0,1.0,2.0,2.0,3.0,2.0,0.0,0.0,1.0,1
268,0.0,0.0,0.0,0.0,6.0,399.0,0.033333333,0.022222222,44.99,0.0,6.0,3.0,2.0,2.0,5.0,2.0,0.0,1.0,1
269,0.0,0.0,0.0,0.0,6.0,463.5,0.0,0.033333333,0.0,0.0,5.0,2.0,5.0,1.0,3.0,2.0,0.0,0.0,1
270,0.0,0.0,0.0,0.0,18.0,353.0833333,0.022222222,0.05,0.0,0.0,7.0,1.0,1.0,1.0,2.0,2.0,1.0,1.0,1
271,2.0,76.6,0.0,0.0,28.0,488.91,0.014814815,0.022222222,45.19820194,0.0,4.0,1.0,2.0,1.0,1.0,2.0,1.0,1.0,1
272,17.0,698.1333333,1.0,9.0,83.0,4306.612355,0.001075269,0.019375648,0.0,0.0,8.0,7.0,1.0,2.0,1.0,2.0,1.0,1.0,1
273,4.0,204.2,0.0,0.0,31.0,652.3766667,0.012121212,0.016161616,0.0,0.0,7.0,1.0,1.0,6.0,1.0,2.0,0.0,0.0,1
274,1.0,21.2,0.0,0.0,53.0,2224.633333,0.011538462,0.03514652,0.0,0.0,0.0,2.0,2.0,3.0,3.0,2.0,0.0,0.0,1
275,2.0,233.5,0.0,0.0,36.0,1081.666667,0.025,0.046851852,0.0,0.0,7.0,2.0,2.0,9.0,1.0,2.0,0.0,0.0,1
276,0.0,0.0,0.0,0.0,12.0,293.5,0.05,0.075,0.0,0.6,6.0,3.0,2.0,1.0,13.0,2.0,0.0,0.0,1
277,0.0,0.0,0.0,0.0,12.0,580.5,0.02,0.046666667,11.193,0.0,6.0,1.0,1.0,1.0,3.0,2.0,0.0,0.0,1
278,0.0,0.0,0.0,0.0,1.0,0.0,0.2,0.2,0.0,0.0,5.0,3.0,2.0,3.0,1.0,2.0,0.0,0.0,1
279,0.0,0.0,0.0,0.0,2.0,17.0,0.0,0.1,0.0,0.4,6.0,4.0,1.0,4.0,3.0,2.0,0.0,0.0,1
280,4.0,68.75,0.0,0.0,23.0,585.65,0.0,0.008695652,0.0,0.0,1.0,8.0,1.0,1.0,2.0,0.0,1.0,0.0,1
281,1.0,26.0,0.0,0.0,11.0,345.1666667,0.022222222,0.008888889,0.0,0.0,6.0,1.0,1.0,4.0,3.0,2.0,0.0,0.0,1
282,0.0,0.0,0.0,0.0,14.0,1049.05,0.0,0.016666667,0.0,0.0,7.0,3.0,2.0,1.0,20.0,2.0,0.0,0.0,1
283,0.0,0.0,0.0,0.0,5.0,109.5,0.08,0.093333333,0.0,0.4,6.0,3.0,2.0,1.0,13.0,2.0,0.0,0.0,1
284,10.0,322.8333333,1.0,12.0,28.0,866.2166667,0.006451613,0.012903226,0.0,0.0,1.0,2.0,4.0,7.0,1.0,2.0,0.0,0.0,1
285,1.0,21.2,0.0,0.0,12.0,249.4095238,0.015384615,0.019230769,0.0,0.0,8.0,2.0,2.0,8.0,2.0,2.0,1.0,0.0,1
286,0.0,0.0,0.0,0.0,13.0,136.0,0.142857143,0.154761905,0.0,0.8,6.0,3.0,2.0,7.0,13.0,2.0,0.0,0.0,1
287,0.0,0.0,0.0,0.0,10.0,443.75,0.06,0.07,38.19240444,0.0,7.0,1.0,8.0,8.0,1.0,2.0,0.0,1.0,1
288,3.0,43.0,0.0,0.0,11.0,610.0,0.0,0.015384615,0.0,0.0,5.0,2.0,4.0,1.0,1.0,2.0,0.0,0.0,1
289,6.0,77.5,0.0,0.0,71.0,1361.780952,0.0,0.014003044,0.0,0.0,1.0,2.0,2.0,9.0,2.0,2.0,0.0,0.0,1
290,0.0,0.0,1.0,249.5,33.0,1458.97619,0.027459219,0.041167134,0.0,0.0,1.0,1.0,1.0,1.0,10.0,2.0,0.0,0.0,1
291,8.0,108.5,0.0,0.0,53.0,1287.852778,0.003389831,0.027514124,0.0,0.0,1.0,2.0,2.0,1.0,2.0,2.0,0.0,0.0,1
292,3.0,90.7,3.0,65.4,13.0,1036.53178,0.035294118,0.048235852,19.74930078,0.0,7.0,3.0,2.0,1.0,4.0,2.0,1.0,0.0,1
293,0.0,0.0,2.0,1368.0,26.0,650.8083333,0.0,0.014285714,0.0,0.0,7.0,1.0,1.0,1.0,2.0,2.0,1.0,1.0,1
294,3.0,54.8,1.0,28.2,24.0,203.0677778,0.0,0.008,44.35972562,0.0,4.0,2.0,2.0,1.0,4.0,2.0,0.0,1.0,1
295,0.0,0.0,0.0,0.0,25.0,1838.5,0.004,0.052,0.0,0.0,6.0,2.0,2.0,1.0,19.0,2.0,0.0,0.0,1
296,0.0,0.0,0.0,0.0,29.0,3312.5,0.013793103,0.028965517,0.0,0.0,5.0,2.0,2.0,1.0,13.0,2.0,0.0,0.0,1
297,1.0,5.0,0.0,0.0,7.0,228.0,0.0,0.028571429,0.0,0.0,6.0,1.0,1.0,3.0,3.0,2.0,0.0,0.0,1
298,4.0,89.5,0.0,0.0,3.0,30.0,0.0,0.033333333,0.0,0.0,6.0,1.0,1.0,1.0,2.0,2.0,1.0,0.0,1
299,13.0,913.5222222,3.0,141.88,29.0,1293.652222,0.002631579,0.020570175,1.483746347,0.0,0.0,2.0,2.0,4.0,2.0,2.0,1.0,0.0,1
300,4.0,58.0,0.0,0.0,31.0,806.5,0.0,0.009375,9.7455,0.0,6.0,2.0,4.0,1.0,4.0,2.0,0.0,1.0,1
301,2.0,197.5,0.0,0.0,17.0,820.5,0.011111111,0.011111111,0.0,0.0,1.0,1.0,1.0,1.0,8.0,2.0,0.0,0.0,1
302,0.0,0.0,0.0,0.0,36.0,641.4083333,0.060925926,0.081375661,0.0,0.0,3.0,3.0,2.0,2.0,13.0,2.0,0.0,0.0,1
303,9.0,115.4,0.0,0.0,29.0,1514.703333,0.005,0.011342593,4.702065533,0.0,3.0,3.0,2.0,8.0,1.0,2.0,1.0,0.0,1
304,0.0,0.0,0.0,0.0,3.0,8.0,0.0,0.066666667,0.0,0.0,5.0,2.0,2.0,6.0,1.0,2.0,0.0,0.0,1
305,5.0,237.25,1.0,181.0,63.0,3445.0125,0.011897436,0.028190306,0.0,0.0,1.0,3.0,2.0,1.0,2.0,2.0,0.0,0.0,1
306,1.0,0.0,0.0,0.0,21.0,658.25,0.035497835,0.057482993,0.0,0.0,7.0,3.0,2.0,5.0,13.0,2.0,0.0,0.0,1
307,0.0,0.0,0.0,0.0,4.0,100.25,0.0,0.066666667,0.0,0.0,1.0,3.0,2.0,3.0,20.0,2.0,1.0,0.0,1
308,8.0,146.5333333,0.0,0.0,107.0,3739.635556,0.0,0.009316239,2.551140814,0.0,8.0,2.0,2.0,3.0,2.0,2.0,0.0,0.0,1
309,3.0,63.5,0.0,0.0,8.0,253.25,0.0,0.02,0.0,0.0,1.0,2.0,2.0,7.0,2.0,0.0,0.0,0.0,1
310,0.0,0.0,0.0,0.0,16.0,381.2142857,0.0125,0.022395833,0.0,0.0,7.0,3.0,2.0,1.0,2.0,2.0,0.0,0.0,1
311,2.0,147.0,0.0,0.0,2.0,35.0,0.0,0.05,0.0,0.0,5.0,2.0,2.0,1.0,2.0,0.0,0.0,0.0,1
312,0.0,0.0,0.0,0.0,2.0,34.5,0.0,0.1,0.0,0.0,7.0,2.0,2.0,3.0,3.0,2.0,1.0,0.0,1
313,0.0,0.0,0.0,0.0,2.0,203.0,0.0,0.1,0.0,0.0,6.0,2.0,2.0,1.0,3.0,2.0,0.0,0.0,1
314,0.0,0.0,0.0,0.0,14.0,289.625,0.0,0.028571429,0.0,0.0,7.0,2.0,2.0,1.0,2.0,0.0,1.0,0.0,1
315,0.0,0.0,0.0,0.0,1.0,0.0,0.2,0.2,0.0,0.0,9.0,4.0,1.0,2.0,1.0,2.0,0.0,0.0,1
316,9.0,110.4090909,1.0,51.0,62.0,3120.211102,0.00056338,0.017396907,7.891171006,0.0,5.0,2.0,2.0,1.0,10.0,2.0,0.0,0.0,1
317,1.0,29.2,0.0,0.0,66.0,1364.873333,0.0171875,0.036488095,16.1347001,0.0,3.0,1.0,1.0,8.0,1.0,2.0,1.0,0.0,1
318,0.0,0.0,1.0,6.0,13.0,2782.75,0.0,0.005128205,0.0,0.4,6.0,2.0,2.0,9.0,2.0,0.0,0.0,0.0,1
319,2.0,31.2,0.0,0.0,17.0,2077.166667,0.0,0.011764706,0.0,0.0,7.0,2.0,2.0,8.0,2.0,2.0,1.0,0.0,1
320,2.0,33.75,0.0,0.0,6.0,96.0,0.0,0.025,0.0,0.0,1.0,2.0,2.0,4.0,2.0,0.0,0.0,0.0,1
321,2.0,47.0,1.0,0.0,20.0,738.9107143,0.017391304,0.023671498,0.0,0.0,7.0,3.0,2.0,1.0,2.0,2.0,0.0,0.0,1
322,1.0,0.0,0.0,0.0,61.0,1934.225758,0.009677419,0.01662531,0.0,0.0,7.0,2.0,2.0,1.0,13.0,2.0,0.0,0.0,1
323,0.0,0.0,5.0,14.0,31.0,750.5904762,0.007407407,0.036957672,0.0,0.0,5.0,2.0,2.0,1.0,2.0,2.0,0.0,0.0,1
324,3.0,269.1666667,0.0,0.0,36.0,2281.208333,0.022916667,0.046203704,0.0,0.0,6.0,3.0,2.0,6.0,4.0,2.0,0.0,0.0,1
325,2.0,102.0,0.0,0.0,16.0,502.8333333,0.0,0.004444444,0.0,0.0,5.0,3.0,2.0,4.0,2.0,2.0,1.0,0.0,1
326,0.0,0.0,0.0,0.0,26.0,2021.4,0.007692308,0.030769231,0.0,0.0,3.0,3.0,3.0,1.0,4.0,2.0,0.0,0.0,1
327,1.0,0.0,0.0,0.0,9.0,837.6666667,0.0,0.022222222,0.0,0.0,6.0,3.0,2.0,1.0,13.0,2.0,0.0,0.0,1
328,0.0,0.0,0.0,0.0,12.0,471.5,0.016666667,0.066666667,0.0,0.0,5.0,1.0,1.0,6.0,3.0,2.0,0.0,0.0,1
329,6.0,198.5,0.0,0.0,41.0,1824.083333,0.0,0.01,0.0,0.0,1.0,3.0,2.0,3.0,11.0,0.0,0.0,0.0,1
330,0.0,0.0,0.0,0.0,1.0,0.0,0.2,0.2,0.0,0.0,7.0,1.0,1.0,1.0,1.0,0.0,0.0,0.0,1
331,0.0,0.0,0.0,0.0,62.0,1875.103333,0.003278689,0.027868852,12.71367924,0.0,9.0,2.0,4.0,1.0,1.0,2.0,0.0,0.0,1
332,0.0,0.0,0.0,0.0,2.0,0.0,0.2,0.2,0.0,0.0,6.0,2.0,2.0,6.0,6.0,2.0,0.0,0.0,1
333,4.0,57.0,0.0,0.0,10.0,497.1,0.0,0.009848485,0.0,0.0,6.0,1.0,1.0,8.0,2.0,2.0,0.0,0.0,1
334,4.0,102.3,0.0,0.0,59.0,1684.496667,0.0,0.00952381,25.85442016,0.0,7.0,2.0,2.0,2.0,4.0,2.0,0.0,0.0,1
335,0.0,0.0,0.0,0.0,62.0,944.4055556,0.0,0.015591398,0.0,0.0,4.0,1.0,1.0,7.0,3.0,2.0,0.0,0.0,1
336,0.0,0.0,0.0,0.0,5.0,1439.5,0.0,0.08,0.0,0.0,6.0,2.0,2.0,4.0,2.0,2.0,0.0,0.0,1
337,2.0,13.0,0.0,0.0,13.0,477.5,0.0125,0.01875,0.0,0.0,1.0,2.0,5.0,1.0,1.0,2.0,0.0,0.0,1
338,2.0,64.5,0.0,0.0,24.0,1151.136905,0.0,0.0186,15.27655756,0.0,1.0,2.0,2.0,3.0,2.0,2.0,0.0,1.0,1
339,0.0,0.0,0.0,0.0,1.0,0.0,0.2,0.2,0.0,0.0,6.0,2.0,2.0,9.0,3.0,2.0,0.0,0.0,1
340,0.0,0.0,0.0,0.0,7.0,611.0833333,0.0,0.016666667,0.0,0.0,1.0,3.0,2.0,6.0,8.0,0.0,0.0,0.0,1
341,0.0,0.0,0.0,0.0,4.0,121.5,0.0,0.05,0.0,0.0,7.0,1.0,1.0,4.0,8.0,2.0,0.0,0.0,1
342,3.0,32.0,0.0,0.0,6.0,209.0,0.0,0.022222222,0.0,0.0,6.0,2.0,4.0,1.0,2.0,0.0,0.0,0.0,1
343,3.0,224.0,2.0,42.0,132.0,5098.75498,0.010632603,0.014962157,2.209003373,0.0,7.0,1.0,2.0,1.0,2.0,2.0,0.0,1.0,1
344,0.0,0.0,0.0,0.0,14.0,244.0,0.004761905,0.047619048,0.0,0.0,6.0,2.0,4.0,1.0,4.0,2.0,0.0,0.0,1
345,0.0,0.0,3.0,82.5,9.0,143.375,0.016666667,0.055555556,0.0,0.0,1.0,3.0,2.0,6.0,2.0,2.0,0.0,0.0,1
346,9.0,145.7708333,8.0,408.5,139.0,6566.867562,0.003477444,0.015531015,67.39709637,0.0,7.0,2.0,2.0,3.0,2.0,2.0,1.0,0.0,1
347,0.0,0.0,0.0,0.0,3.0,1666.5,0.0,0.033333333,0.0,0.0,7.0,2.0,5.0,3.0,3.0,2.0,0.0,0.0,1
348,1.0,6.0,1.0,7.0,25.0,591.8928571,0.0,0.020833333,165.6204667,0.0,6.0,1.0,1.0,8.0,4.0,2.0,1.0,1.0,1
349,3.0,177.88,0.0,0.0,12.0,311.6133333,0.05,0.052380952,0.0,0.0,8.0,3.0,2.0,2.0,13.0,2.0,0.0,0.0,1
350,0.0,0.0,0.0,0.0,6.0,64.0,0.1,0.133333333,0.0,0.0,5.0,4.0,1.0,1.0,1.0,2.0,0.0,0.0,1
351,0.0,0.0,1.0,25.0,8.0,388.0,0.025,0.033333333,0.0,0.6,6.0,2.0,5.0,3.0,2.0,0.0,0.0,0.0,1
352,6.0,202.4,1.0,0.0,22.0,2006.046667,0.007142857,0.032738095,8.052231522,0.0,7.0,6.0,5.0,4.0,2.0,2.0,0.0,0.0,1
353,0.0,0.0,5.0,118.5,17.0,558.3988095,0.022727273,0.046212121,0.0,0.0,1.0,1.0,8.0,5.0,11.0,2.0,0.0,0.0,1
354,5.0,390.87,2.0,29.2,39.0,2251.116667,0.006818182,0.020887446,0.0,0.0,9.0,2.0,2.0,9.0,1.0,2.0,0.0,0.0,1
355,8.0,101.8511111,4.0,161.9666667,52.0,591.1542063,0.0,0.011448413,8.052496178,0.0,3.0,2.0,2.0,3.0,3.0,2.0,0.0,0.0,1
356,6.0,66.16666667,2.0,120.0,204.0,9143.435714,0.004807692,0.015384615,0.0,0.4,6.0,2.0,2.0,7.0,4.0,2.0,0.0,0.0,1
357,3.0,84.0,0.0,0.0,15.0,183.0952381,0.0,0.016666667,0.0,0.6,6.0,1.0,1.0,3.0,2.0,0.0,0.0,0.0,1
358,1.0,103.0,0.0,0.0,20.0,1140.666667,0.0,0.005,19.18108767,0.0,1.0,3.0,2.0,3.0,2.0,0.0,0.0,1.0,1
359,3.0,102.6,0.0,0.0,35.0,871.8333333,0.0,0.002631579,0.0,0.0,8.0,1.0,1.0,1.0,2.0,0.0,1.0,0.0,1
360,2.0,0.0,0.0,0.0,17.0,1394.666667,0.0,0.029761905,0.0,0.0,5.0,2.0,4.0,2.0,6.0,2.0,0.0,0.0,1
361,2.0,21.0,0.0,0.0,34.0,2600.258333,0.011111111,0.037464387,9.938399233,0.0,5.0,1.0,1.0,1.0,3.0,2.0,0.0,0.0,1
362,4.0,32.0,1.0,43.5,311.0,12500.35306,0.001387656,0.014687275,0.0,0.0,7.0,2.0,2.0,7.0,2.0,2.0,0.0,0.0,1
363,0.0,0.0,2.0,0.0,3.0,56.75,0.1,0.125,0.0,0.0,7.0,1.0,1.0,1.0,2.0,2.0,0.0,0.0,1
364,2.0,86.0,0.0,0.0,36.0,1720.416667,0.0,0.00995086,0.0,0.2,6.0,2.0,10.0,4.0,1.0,2.0,0.0,0.0,1
365,1.0,74.0,0.0,0.0,49.0,1616.083333,0.004,0.016,0.0,0.0,5.0,2.0,2.0,6.0,1.0,2.0,0.0,0.0,1
366,0.0,0.0,0.0,0.0,24.0,3181.5,0.002777778,0.027083333,0.0,0.0,7.0,2.0,2.0,1.0,13.0,2.0,1.0,0.0,1
367,0.0,0.0,0.0,0.0,27.0,1871.9,0.014814815,0.020740741,0.0,0.0,9.0,1.0,1.0,1.0,3.0,2.0,0.0,0.0,1
368,0.0,0.0,0.0,0.0,1.0,0.0,0.2,0.2,0.0,0.0,5.0,2.0,2.0,1.0,1.0,2.0,0.0,0.0,1
369,0.0,0.0,0.0,0.0,17.0,315.0,0.004166667,0.020625,0.0,0.2,6.0,2.0,2.0,3.0,4.0,2.0,0.0,0.0,1
370,0.0,0.0,0.0,0.0,7.0,578.2,0.0,0.033333333,58.488,0.0,6.0,2.0,5.0,3.0,6.0,2.0,1.0,1.0,1
371,0.0,0.0,0.0,0.0,2.0,149.0,0.0,0.1,0.0,0.0,6.0,1.0,1.0,1.0,3.0,2.0,0.0,0.0,1
372,0.0,0.0,0.0,0.0,10.0,393.0,0.02,0.06,0.0,0.0,6.0,2.0,2.0,7.0,3.0,2.0,0.0,0.0,1
373,0.0,0.0,0.0,0.0,43.0,3382.083333,0.0,0.011627907,0.0,0.0,6.0,2.0,2.0,1.0,2.0,2.0,0.0,0.0,1
374,0.0,0.0,0.0,0.0,8.0,497.25,0.016666667,0.025,0.0,0.0,1.0,1.0,8.0,3.0,1.0,2.0,1.0,0.0,1
375,8.0,310.0666667,1.0,49.4,71.0,1441.974535,0.003013699,0.009218133,48.30461627,0.0,8.0,1.0,1.0,2.0,20.0,2.0,1.0,1.0,1
376,0.0,0.0,0.0,0.0,35.0,1608.7,0.0,0.002857143,0.0,0.0,9.0,2.0,4.0,3.0,2.0,0.0,0.0,0.0,1
377,0.0,0.0,1.0,0.0,48.0,783.6944444,0.012244898,0.01877551,0.0,0.0,1.0,2.0,2.0,3.0,2.0,2.0,0.0,0.0,1
378,3.0,187.0,2.0,41.0,48.0,1769.697383,0.000606061,0.011616162,16.71534488,0.0,5.0,2.0,2.0,3.0,2.0,2.0,0.0,0.0,1
379,0.0,0.0,0.0,0.0,10.0,371.5,0.0,0.04,0.0,0.0,7.0,2.0,2.0,4.0,10.0,2.0,0.0,0.0,1
380,0.0,0.0,0.0,0.0,16.0,2515.1,0.053571429,0.070238095,0.0,0.0,6.0,3.0,2.0,2.0,3.0,2.0,0.0,0.0,1
381,6.0,70.5,2.0,9.0,25.0,2852.0,0.013333333,0.043333333,0.0,0.0,6.0,2.0,2.0,9.0,3.0,2.0,0.0,0.0,1
382,0.0,0.0,0.0,0.0,12.0,305.4,0.0,0.019444444,0.0,0.0,1.0,3.0,2.0,1.0,11.0,2.0,0.0,0.0,1
383,3.0,44.75,0.0,0.0,7.0,102.0,0.066666667,0.074074074,0.0,0.4,6.0,3.0,2.0,2.0,13.0,2.0,0.0,0.0,1
384,1.0,15.0,0.0,0.0,29.0,1397.5,0.011555556,0.046190476,0.0,0.8,6.0,2.0,4.0,7.0,3.0,2.0,0.0,0.0,1
385,10.0,706.5566667,0.0,0.0,53.0,1572.816667,0.007017544,0.024948268,0.0,0.0,7.0,3.0,2.0,1.0,1.0,2.0,0.0,0.0,1
386,1.0,8.0,1.0,15.0,58.0,2801.75119,0.010526316,0.016374269,7.267034211,0.0,1.0,3.0,2.0,4.0,2.0,2.0,0.0,0.0,1
387,0.0,0.0,0.0,0.0,16.0,566.4866667,0.0,0.039365079,18.30205576,0.0,9.0,3.0,2.0,2.0,1.0,2.0,0.0,1.0,1
388,0.0,0.0,0.0,0.0,35.0,897.6666667,0.011764706,0.017016807,5.220705882,0.0,6.0,3.0,2.0,2.0,3.0,2.0,0.0,1.0,1
389,0.0,0.0,0.0,0.0,15.0,2653.5,0.0,0.04,0.0,0.0,9.0,4.0,1.0,7.0,1.0,2.0,0.0,0.0,1
390,1.0,58.0,0.0,0.0,5.0,64.0,0.0,0.016666667,0.0,0.0,5.0,1.0,1.0,4.0,2.0,0.0,0.0,0.0,1
391,5.0,3398.75,6.0,2549.375,449.0,63973.52223,0.000764406,0.02770134,0.0,0.0,1.0,2.0,2.0,1.0,2.0,2.0,0.0,0.0,1
392,8.0,190.25,1.0,23.0,19.0,1323.25,0.007692308,0.021816239,21.318,0.0,6.0,6.0,2.0,4.0,2.0,2.0,1.0,1.0,1
393,2.0,107.4,2.0,96.7,32.0,833.325,0.024509804,0.035882353,0.0,0.0,3.0,3.0,2.0,4.0,1.0,2.0,0.0,1.0,1
394,1.0,19.4,0.0,0.0,18.0,1077.373333,0.034126984,0.035714286,18.22752549,0.0,7.0,3.0,2.0,9.0,2.0,2.0,0.0,0.0,1
395,0.0,0.0,0.0,0.0,12.0,312.0333333,0.0,0.009090909,17.808,0.0,6.0,2.0,2.0,8.0,6.0,2.0,0.0,1.0,1
396,7.0,144.4615385,4.0,167.1666667,111.0,2312.337853,0.005128205,0.013887559,8.191922892,0.0,7.0,1.0,1.0,1.0,2.0,2.0,0.0,1.0,1
397,7.0,275.0844444,0.0,0.0,70.0,806.0266667,0.0,0.002666667,0.0,0.0,8.0,2.0,5.0,1.0,2.0,0.0,0.0,0.0,1
398,5.0,90.875,1.0,15.0,58.0,2153.71859,0.007526882,0.012156298,3.97647235,0.0,6.0,3.0,2.0,1.0,2.0,2.0,1.0,0.0,1
399,0.0,0.0,0.0,0.0,18.0,133.0,0.038888889,0.072222222,0.0,0.0,6.0,4.0,1.0,1.0,2.0,2.0,1.0,0.0,1
400,0.0,0.0,0.0,0.0,14.0,927.2777778,0.0,0.014285714,0.0,0.0,5.0,2.0,2.0,1.0,2.0,2.0,0.0,0.0,1
401,8.0,498.9809654,6.0,433.1,99.0,2129.989707,0.001869159,0.006805318,129.1013738,0.0,7.0,2.0,2.0,2.0,1.0,2.0,1.0,0.0,1
402,10.0,316.1405025,7.0,321.6666667,287.0,12983.78771,0.000668896,0.006998399,1.088158231,0.0,5.0,2.0,4.0,3.0,8.0,0.0,0.0,0.0,1
403,0.0,0.0,0.0,0.0,7.0,1721.666667,0.038095238,0.038571429,0.0,0.0,7.0,1.0,1.0,3.0,3.0,2.0,0.0,0.0,1
404,24.0,876.2333333,5.0,625.5,34.0,1588.666667,0.0,0.013800705,0.0,0.0,5.0,2.0,2.0,5.0,2.0,2.0,0.0,0.0,1
405,3.0,453.0,3.0,493.5,36.0,1199.522619,0.004761905,0.011534392,9.323531746,0.0,6.0,6.0,2.0,2.0,4.0,2.0,0.0,0.0,1
406,3.0,60.73333333,0.0,0.0,27.0,696.9,0.0,0.014814815,0.0,0.0,9.0,2.0,2.0,6.0,4.0,2.0,0.0,0.0,1
407,0.0,0.0,0.0,0.0,25.0,319.3333333,0.016666667,0.036666667,10.4445,0.0,6.0,2.0,5.0,5.0,1.0,2.0,0.0,1.0,1
408,0.0,0.0,0.0,0.0,21.0,761.25,0.0,0.014035088,0.0,0.0,6.0,3.0,2.0,3.0,1.0,2.0,0.0,0.0,1
409,0.0,0.0,1.0,20.0,13.0,816.9545455,0.028571429,0.047619048,0.0,0.0,6.0,3.0,2.0,8.0,1.0,2.0,0.0,0.0,1
410,0.0,0.0,0.0,0.0,1.0,0.0,0.2,0.2,0.0,0.0,1.0,1.0,1.0,1.0,3.0,0.0,0.0,0.0,1
411,0.0,0.0,0.0,0.0,1.0,0.0,0.2,0.2,0.0,0.0,7.0,2.0,5.0,1.0,1.0,2.0,1.0,0.0,1
412,2.0,70.6,0.0,0.0,30.0,515.2333333,0.0,0.02,0.0,0.0,0.0,1.0,1.0,3.0,1.0,2.0,0.0,0.0,1
413,4.0,63.75,0.0,0.0,13.0,774.7288136,0.0,0.012150434,0.0,0.0,7.0,2.0,2.0,6.0,2.0,2.0,0.0,1.0,1
414,4.0,251.0,9.0,172.0,64.0,4326.666667,0.008552632,0.024502924,0.0,0.0,1.0,2.0,2.0,4.0,2.0,2.0,0.0,0.0,1
415,0.0,0.0,3.0,191.3333333,57.0,1315.455182,0.0,0.009501916,0.0,0.0,7.0,3.0,2.0,3.0,2.0,2.0,1.0,1.0,1
416,1.0,77.1,0.0,0.0,35.0,365.5833333,0.017142857,0.026857143,0.0,0.0,7.0,2.0,2.0,1.0,4.0,2.0,0.0,0.0,1
417,0.0,0.0,3.0,300.0,13.0,509.1214286,0.006666667,0.002222222,40.7932,0.0,5.0,3.0,2.0,7.0,2.0,2.0,1.0,1.0,1
418,0.0,0.0,0.0,0.0,3.0,50.0,0.0,0.033333333,0.0,0.0,5.0,2.0,2.0,1.0,2.0,2.0,0.0,0.0,1
419,0.0,0.0,1.0,22.0,40.0,1284.569048,0.00625,0.019791667,0.0,0.0,7.0,1.0,1.0,9.0,2.0,2.0,1.0,1.0,1
420,0.0,0.0,0.0,0.0,1.0,0.0,0.2,0.2,0.0,0.0,5.0,2.0,4.0,1.0,1.0,2.0,0.0,0.0,1
421,2.0,45.5,0.0,0.0,2.0,317.25,0.0,0.066666667,0.0,0.0,1.0,2.0,2.0,1.0,2.0,2.0,0.0,0.0,1
422,6.0,175.0,1.0,10.0,25.0,2877.5,0.007692308,0.037435897,0.0,0.0,6.0,2.0,2.0,7.0,1.0,2.0,0.0,0.0,1
423,5.0,368.4,0.0,0.0,14.0,481.9666667,0.010526316,0.031578947,0.0,0.0,9.0,1.0,1.0,1.0,2.0,2.0,0.0,0.0,1
424,0.0,0.0,0.0,0.0,3.0,48.0,0.0,0.033333333,0.0,0.0,5.0,2.0,2.0,5.0,1.0,2.0,1.0,0.0,1
425,2.0,11.0,3.0,123.3333333,34.0,448.75,0.021621622,0.048648649,0.0,0.0,5.0,2.0,10.0,6.0,1.0,2.0,0.0,0.0,1
426,1.0,2.0,0.0,0.0,16.0,323.2333333,0.0,0.013333333,0.0,0.0,1.0,3.0,2.0,8.0,8.0,2.0,0.0,0.0,1
427,0.0,0.0,0.0,0.0,17.0,437.1666667,0.011111111,0.033333333,0.0,0.0,2.0,2.0,4.0,1.0,3.0,2.0,0.0,0.0,1
428,0.0,0.0,0.0,0.0,27.0,321.6666667,0.051190476,0.07224026,0.0,0.8,6.0,3.0,2.0,1.0,1.0,2.0,0.0,0.0,1
429,0.0,0.0,0.0,0.0,33.0,3506.166667,0.0,0.025,0.0,0.0,5.0,1.0,1.0,1.0,1.0,2.0,1.0,0.0,1
430,6.0,136.5555556,0.0,0.0,59.0,3224.819084,0.002985075,0.011923715,8.567426866,0.0,5.0,2.0,4.0,2.0,2.0,2.0,1.0,1.0,1
431,4.0,48.66666667,0.0,0.0,66.0,2436.106169,0.006036217,0.034560698,12.02904527,0.0,7.0,2.0,2.0,3.0,6.0,2.0,0.0,0.0,1
432,5.0,35.75,0.0,0.0,22.0,679.5,0.0,0.014666667,10.07328,0.0,6.0,2.0,2.0,8.0,3.0,2.0,0.0,0.0,1
433,6.0,60.0,2.0,61.0,23.0,1031.704762,0.0,0.007111111,33.14784917,0.0,5.0,4.0,2.0,9.0,10.0,2.0,1.0,1.0,1
434,0.0,0.0,0.0,0.0,2.0,0.0,0.2,0.2,0.0,0.0,8.0,3.0,2.0,1.0,1.0,2.0,1.0,0.0,1
435,0.0,0.0,0.0,0.0,8.0,444.6333333,0.0,0.025,0.0,0.0,7.0,2.0,4.0,1.0,10.0,2.0,0.0,0.0,1
436,8.0,228.5,0.0,0.0,5.0,64.5,0.0,0.028571429,0.0,0.0,6.0,1.0,2.0,3.0,5.0,0.0,1.0,0.0,1
437,0.0,0.0,0.0,0.0,17.0,391.8666667,0.0,0.029411765,0.0,1.0,6.0,2.0,2.0,1.0,1.0,2.0,1.0,0.0,1
438,1.0,140.5,0.0,0.0,19.0,1475.166667,0.02037037,0.043333333,16.9796231,0.0,7.0,3.0,2.0,2.0,10.0,2.0,0.0,0.0,1
439,2.0,214.6,3.0,34.4,1.0,165.2,0.0,0.033333333,0.0,0.0,3.0,2.0,2.0,7.0,2.0,2.0,0.0,0.0,1
440,2.0,34.0,0.0,0.0,81.0,2241.002381,0.002439024,0.007012195,0.0,0.0,5.0,2.0,2.0,1.0,1.0,2.0,0.0,0.0,1
441,10.0,220.0,2.0,88.0,77.0,5284.765079,0.0,0.015,7.668639535,0.0,6.0,2.0,2.0,3.0,4.0,2.0,0.0,0.0,1
442,3.0,64.0,0.0,0.0,24.0,832.0909091,0.0,0.009876543,0.0,0.0,5.0,2.0,10.0,1.0,3.0,0.0,0.0,0.0,1
443,0.0,0.0,0.0,0.0,6.0,180.1666667,0.0,0.016666667,0.0,0.0,6.0,1.0,1.0,7.0,2.0,2.0,1.0,0.0,1
444,2.0,29.75,0.0,0.0,33.0,689.202381,0.001010101,0.027020202,0.0,0.0,1.0,2.0,2.0,2.0,2.0,2.0,0.0,0.0,1
445,5.0,138.5,0.0,0.0,11.0,578.3333333,0.05,0.072916667,0.0,0.0,6.0,1.0,1.0,1.0,4.0,2.0,0.0,0.0,1
446,0.0,0.0,0.0,0.0,18.0,541.9166667,0.0,0.015686275,0.0,0.0,7.0,3.0,2.0,1.0,2.0,0.0,1.0,0.0,1
447,9.0,296.1166667,1.0,26.5,79.0,5057.175,0.002298851,0.022687466,17.78922266,0.0,7.0,2.0,2.0,1.0,10.0,2.0,0.0,1.0,1
448,0.0,0.0,0.0,0.0,13.0,221.5,0.0,0.020512821,0.0,0.0,7.0,2.0,2.0,1.0,2.0,0.0,0.0,0.0,1
449,0.0,0.0,0.0,0.0,16.0,336.3,0.0125,0.025,0.0,0.0,3.0,2.0,2.0,7.0,1.0,2.0,0.0,0.0,1
450,0.0,0.0,0.0,0.0,3.0,11.0,0.033333333,0.166666667,0.0,0.6,6.0,2.0,4.0,1.0,6.0,2.0,0.0,0.0,1
451,3.0,21.0,0.0,0.0,109.0,2587.530411,0.0,0.01036036,0.0,0.0,7.0,2.0,2.0,1.0,3.0,2.0,0.0,1.0,1
452,0.0,0.0,0.0,0.0,40.0,1385.666667,0.005,0.0225,0.0,0.0,7.0,2.0,2.0,1.0,1.0,2.0,0.0,0.0,1
453,0.0,0.0,0.0,0.0,8.0,349.5,0.0,0.028571429,25.188,0.0,5.0,1.0,2.0,1.0,8.0,0.0,0.0,1.0,1
454,0.0,0.0,0.0,0.0,1.0,0.0,0.2,0.2,0.0,0.0,6.0,3.0,6.0,2.0,2.0,2.0,0.0,0.0,1
455,3.0,96.5,0.0,0.0,8.0,323.5,0.0,0.02,0.0,0.0,1.0,1.0,1.0,6.0,2.0,2.0,0.0,0.0,1
456,0.0,0.0,0.0,0.0,2.0,49.0,0.0,0.033333333,0.0,0.0,6.0,3.0,2.0,3.0,3.0,2.0,0.0,0.0,1
457,0.0,0.0,0.0,0.0,13.0,541.9166667,0.0,0.015384615,26.09995422,0.0,1.0,2.0,4.0,1.0,2.0,0.0,0.0,1.0,1
458,8.0,183.0833333,1.0,40.5,349.0,6879.801826,0.000568182,0.004306345,1.625051033,0.0,7.0,4.0,2.0,9.0,10.0,2.0,0.0,0.0,1
459,0.0,0.0,0.0,0.0,2.0,0.0,0.2,0.2,0.0,0.0,7.0,1.0,1.0,1.0,1.0,2.0,0.0,0.0,1
460,5.0,92.5625,0.0,0.0,2.0,99.5,0.0,0.022222222,0.0,0.0,7.0,2.0,2.0,1.0,8.0,0.0,1.0,1.0,1
461,1.0,135.0,0.0,0.0,2.0,141.0,0.0,0.066666667,0.0,0.0,5.0,2.0,2.0,1.0,10.0,2.0,0.0,0.0,1
462,2.0,18.0,2.0,6.0,10.0,363.6,0.0,0.015384615,0.0,0.0,9.0,2.0,2.0,1.0,5.0,0.0,1.0,1.0,1
463,7.0,441.8333333,3.0,102.5,231.0,9230.890838,0.006458333,0.021838687,0.0,0.0,7.0,3.0,2.0,1.0,2.0,2.0,1.0,0.0,1
464,6.0,90.41666667,0.0,0.0,5.0,100.4166667,0.0,0.02,0.0,0.0,1.0,1.0,2.0,6.0,8.0,0.0,0.0,0.0,1
465,4.0,68.75,0.0,0.0,137.0,3770.916071,0.003165468,0.014745252,0.0,0.0,1.0,2.0,2.0,3.0,1.0,2.0,0.0,0.0,1
466,6.0,1922.0,0.0,0.0,30.0,941.672619,0.018181818,0.044444444,0.0,0.0,7.0,3.0,2.0,2.0,1.0,2.0,0.0,0.0,1
467,1.0,13.75,0.0,0.0,32.0,855.5416667,0.000840336,0.027058824,22.95499447,0.0,7.0,2.0,2.0,2.0,6.0,2.0,0.0,1.0,1
468,0.0,0.0,0.0,0.0,3.0,5.0,0.1,0.166666667,0.0,0.0,6.0,1.0,1.0,3.0,6.0,2.0,0.0,0.0,1
469,0.0,0.0,0.0,0.0,11.0,315.6,0.0,0.018181818,0.0,0.0,5.0,1.0,1.0,6.0,3.0,2.0,1.0,0.0,1
470,2.0,267.8,0.0,0.0,6.0,616.5,0.028571429,0.038095238,0.0,0.0,9.0,3.0,2.0,3.0,4.0,2.0,0.0,0.0,1
471,0.0,0.0,0.0,0.0,1.0,0.0,0.2,0.2,0.0,0.0,6.0,3.0,2.0,7.0,3.0,2.0,0.0,0.0,1
472,12.0,155.6,6.0,282.0,52.0,1283.052597,0.024747475,0.039201413,12.07468889,0.0,6.0,1.0,1.0,3.0,2.0,2.0,0.0,0.0,1
473,0.0,0.0,0.0,0.0,4.0,87.875,0.0,0.026666667,0.0,0.0,7.0,1.0,1.0,4.0,10.0,2.0,1.0,1.0,1
474,2.0,18.33333333,0.0,0.0,36.0,1387.606061,0.005263158,0.025438596,0.0,0.0,5.0,2.0,2.0,8.0,1.0,2.0,1.0,0.0,1
475,4.0,56.0,1.0,88.0,22.0,1734.780952,0.0,0.010142857,0.0,0.0,5.0,3.0,2.0,3.0,9.0,2.0,1.0,0.0,1
476,8.0,125.6309524,6.0,75.0,312.0,13379.36658,0.002769231,0.014969192,8.055833998,0.0,1.0,2.0,2.0,4.0,2.0,2.0,0.0,0.0,1
477,0.0,0.0,0.0,0.0,17.0,601.0333333,0.062745098,0.092156863,18.87145759,0.0,0.0,3.0,2.0,3.0,1.0,2.0,0.0,1.0,1
478,0.0,0.0,0.0,0.0,14.0,394.25,0.0,0.015384615,0.0,0.0,6.0,2.0,2.0,1.0,4.0,2.0,1.0,0.0,1
479,0.0,0.0,0.0,0.0,16.0,79.0,0.025,0.0375,0.0,0.0,6.0,2.0,2.0,2.0,4.0,2.0,1.0,0.0,1
480,10.0,317.9583333,4.0,821.0,20.0,781.425,0.0,0.002666667,0.0,0.0,1.0,2.0,2.0,7.0,2.0,2.0,0.0,0.0,1
481,0.0,0.0,0.0,0.0,9.0,1397.666667,0.022222222,0.027777778,0.0,0.0,7.0,3.0,2.0,4.0,2.0,2.0,0.0,0.0,1
482,0.0,0.0,0.0,0.0,2.0,0.0,0.2,0.2,0.0,0.0,7.0,2.0,5.0,1.0,2.0,2.0,0.0,0.0,1
483,0.0,0.0,1.0,2.0,12.0,1311.0,0.053333333,0.084722222,0.0,0.0,6.0,3.0,2.0,1.0,15.0,2.0,0.0,0.0,1
484,0.0,0.0,1.0,0.0,22.0,812.3,0.030848861,0.057391304,0.0,0.0,7.0,1.0,1.0,4.0,10.0,2.0,1.0,0.0,1
485,1.0,14.0,0.0,0.0,11.0,239.5833333,0.0,0.016666667,0.0,0.0,7.0,2.0,2.0,6.0,1.0,2.0,1.0,0.0,1
486,0.0,0.0,0.0,0.0,4.0,151.5,0.0,0.05,0.0,0.0,5.0,3.0,2.0,1.0,1.0,2.0,0.0,0.0,1
487,3.0,52.75,0.0,0.0,69.0,909.1548701,0.002857143,0.012225275,8.086657063,0.0,1.0,2.0,2.0,1.0,7.0,2.0,0.0,0.0,1
488,0.0,0.0,1.0,132.0,8.0,445.0,0.0,0.014285714,0.0,0.0,5.0,3.0,2.0,4.0,14.0,2.0,1.0,0.0,1
489,5.0,75.89285714,0.0,0.0,51.0,4522.409524,0.015757576,0.042922078,3.229518182,1.0,6.0,2.0,2.0,6.0,2.0,2.0,1.0,0.0,1
490,0.0,0.0,0.0,0.0,11.0,350.375,0.018181818,0.011688312,0.0,0.0,7.0,3.0,2.0,3.0,2.0,0.0,0.0,0.0,1
491,1.0,43.0,0.0,0.0,43.0,1223.347222,0.0,0.004545455,0.0,0.0,5.0,1.0,1.0,3.0,2.0,2.0,0.0,0.0,1
492,5.0,72.5,0.0,0.0,31.0,649.3071429,0.0,0.001041667,35.10378279,0.0,5.0,2.0,7.0,2.0,2.0,2.0,1.0,1.0,1
493,2.0,173.0,0.0,0.0,7.0,224.0,0.066666667,0.111111111,0.0,0.0,6.0,3.0,2.0,8.0,2.0,2.0,0.0,0.0,1
494,0.0,0.0,0.0,0.0,2.0,7.0,0.0,0.1,0.0,0.0,0.0,2.0,2.0,6.0,13.0,2.0,0.0,0.0,1
495,2.0,95.0,3.0,48.0,9.0,259.5,0.0,0.015384615,0.0,0.0,6.0,1.0,1.0,1.0,2.0,2.0,0.0,0.0,1
496,9.0,164.5833333,1.0,0.0,76.0,3580.333333,0.004819277,0.020522088,12.20780052,0.0,7.0,4.0,1.0,1.0,1.0,2.0,0.0,0.0,1
497,5.0,37.0,1.0,16.0,18.0,463.5,0.0,0.004545455,0.0,0.0,6.0,2.0,5.0,1.0,6.0,2.0,0.0,0.0,1
498,2.0,118.0,0.0,0.0,4.0,42.0,0.0,0.066666667,0.0,0.0,5.0,1.0,2.0,7.0,3.0,2.0,0.0,0.0,1
499,0.0,0.0,0.0,0.0,7.0,47.0,0.0,0.028571429,0.0,0.0,7.0,2.0,2.0,4.0,8.0,2.0,0.0,0.0,1
