,RiskPerformance,ExternalRiskEstimate,MSinceOldestTradeOpen,MSinceMostRecentTradeOpen,AverageMInFile,NumSatisfactoryTrades,NumTrades60Ever2DerogPubRec,NumTrades90Ever2DerogPubRec,PercentTradesNeverDelq,MSinceMostRecentDelq,MaxDelq2PublicRecLast12M,MaxDelqEver,NumTotalTrades,NumTradesOpeninLast12M,PercentInstallTrades,MSinceMostRecentInqexcl7days,NumInqLast6M,NumInqLast6Mexcl7days,NetFractionRevolvingBurden,NetFractionInstallBurden,NumRevolvingTradesWBalance,NumInstallTradesWBalance,NumBank2NatlTradesWHighUtilization,PercentTradesWBalance,real_identifier
0,1,78,150,10,75,12,1,0,95,-7,6,7,14,1,40,3,1,1,20,50,3,2,1,70,0
1,0,67,60,15,40,8,1,0,85,5,3,5,10,2,45,1,2,2,30,60,2,3,0,75,0
2,1,85,200,8,110,20,0,0,100,-7,7,8,25,3,20,2,1,1,15,10,1,2,0,50,0
3,0,72,90,5,50,10,0,1,90,2,2,6,12,1,30,0,1,1,40,70,2,1,1,65,0
4,1,88,180,12,100,25,0,0,100,-7,7,8,30,2,25,4,0,0,10,20,1,2,0,40,0
5,0,65,70,20,45,7,1,0,75,3,5,7,9,2,55,1,2,2,60,80,3,2,1,80,0
6,1,83,220,6,115,22,0,0,100,-7,7,8,28,1,15,5,1,1,5,30,1,1,0,55,0
7,0,58,40,7,25,5,2,1,65,4,1,4,8,1,60,0,3,3,70,90,2,2,2,85,0
8,1,90,310,3,120,18,0,0,100,-7,7,8,20,2,10,-8,0,0,0,5,0,1,0,30,0
9,0,55,130,18,60,15,0,1,70,1,3,5,17,1,35,0,1,1,50,40,4,2,3,60,0
10,1,85,290,45,150,13,0,0,98,-6,7,8,14,1,22,-7,0,0,5,-8,1,-8,0,20,0
11,0,67,250,3,85,22,0,0,85,1,4,6,25,5,25,1,2,1,15,95,3,2,0,35,0
12,0,70,50,12,28,5,0,0,100,-6,7,8,5,1,26,-6,1,1,50,-8,3,1,0,100,0
13,0,86,220,25,100,21,0,0,100,-6,7,8,21,0,28,0,0,0,7,-8,2,1,0,45,0
14,1,62,70,6,40,12,0,0,90,3,4,6,12,1,22,0,0,0,70,75,4,2,2,100,0
15,0,60,200,6,85,29,0,0,89,35,6,6,29,3,21,0,1,1,60,30,9,2,5,75,0
16,1,75,205,4,82,26,0,0,95,30,6,6,27,2,44,0,2,2,30,62,5,2,0,68,0
17,0,56,65,6,35,18,0,0,94,-7,5,6,18,2,62,0,1,1,90,60,5,3,2,100,0
18,0,64,160,30,50,12,0,0,90,15,6,6,23,0,28,10,0,0,50,-8,4,1,1,80,0
19,0,66,320,6,130,13,2,1,82,12,3,2,16,5,21,0,8,6,40,88,6,2,2,100,0
20,0,70,60,12,30,10,1,1,98,-7,5,7,3,2,50,1,3,3,10,-8,2,0,0,60,0
21,1,85,310,45,120,7,0,0,100,-7,7,8,6,0,38,5,0,0,50,-8,1,1,0,68,0
22,0,60,150,8,70,15,0,0,95,10,4,6,15,1,33,-7,0,0,60,-8,2,1,1,55,0
23,1,93,430,40,160,18,0,0,100,-7,7,8,20,0,45,0,0,0,5,-8,1,-8,0,52,0
24,0,65,180,10,85,16,1,1,92,9,5,7,18,1,37,-7,0,0,62,-8,3,1,1,58,0
25,1,78,360,6,115,30,0,0,92,12,6,6,32,2,50,3,2,2,28,70,7,4,0,80,0
26,1,87,140,20,80,8,0,0,100,-7,7,8,7,0,12,-7,0,0,8,-8,3,1,0,78,0
27,0,68,200,9,90,14,1,1,90,11,5,7,16,1,40,-7,0,0,66,-8,2,1,1,56,0
28,1,90,295,18,150,20,0,0,100,-7,7,8,21,0,32,12,0,0,2,20,1,2,0,25,0
29,1,76,285,70,125,5,0,0,85,18,6,6,5,0,20,0,1,1,9,-8,3,-8,-8,72,0
30,1,78,150,4,85,21,0,0,95,8,5,7,25,3,30,2,1,1,20,40,6,3,1,85,0
31,0,62,110,8,60,17,1,1,70,12,4,6,20,2,20,0,2,2,50,60,8,2,3,90,0
32,1,85,200,3,95,30,0,0,100,-7,7,8,40,5,45,1,3,3,10,30,5,4,0,70,0
33,0,68,180,9,80,15,2,1,85,5,6,7,18,1,35,3,0,0,70,50,10,5,4,80,0
34,1,82,250,7,100,35,0,0,100,-7,7,8,45,3,50,2,2,2,15,35,6,3,0,75,0
35,0,64,130,6,70,12,1,1,78,15,5,7,22,2,25,4,1,1,65,55,9,4,2,88,0
36,1,88,300,2,110,40,0,0,100,-7,7,8,50,6,55,1,4,4,5,25,7,5,0,65,0
37,0,70,160,5,75,18,1,1,82,10,5,6,24,3,40,2,1,1,60,45,11,3,3,80,0
38,1,84,220,4,90,28,0,0,100,-7,7,8,38,4,48,3,3,3,8,28,5,4,0,78,0
39,0,65,140,7,65,14,2,2,75,14,6,7,19,2,32,5,2,2,55,50,9,3,1,85,0
40,0,75,150,10,80,15,1,0,90,3,5,7,20,1,25,2,1,1,15,50,3,2,1,70,0
41,1,80,220,5,100,30,0,0,95,0,0,2,35,3,30,1,2,2,20,60,5,4,0,65,0
42,0,65,100,15,60,10,1,1,85,5,6,8,15,2,20,3,1,1,30,40,2,3,1,75,0
43,1,72,180,20,90,25,0,0,92,1,3,5,28,2,28,0,2,2,25,55,4,5,0,60,0
44,0,60,130,12,70,12,1,1,88,4,4,6,18,1,22,2,1,1,35,45,3,2,1,68,0
45,1,77,210,7,95,28,0,0,94,0,2,4,32,3,26,1,2,2,18,52,5,6,0,62,0
46,0,63,140,14,75,14,1,1,87,5,5,7,19,2,24,3,1,1,28,48,3,3,1,72,0
47,1,74,190,8,85,26,0,0,93,1,3,5,30,2,29,0,2,2,22,58,4,5,0,64,0
48,0,68,160,11,78,16,1,1,90,3,4,6,22,1,27,2,1,1,26,46,3,3,1,68,0
49,1,76,230,6,92,29,0,0,96,0,2,4,34,3,31,1,2,2,19,54,5,6,0,66,0
50,1,85,310,10,115,20,0,0,98,-7,7,8,20,1,42,0,0,0,40,50,3,3,1,45,0
51,0,60,420,20,150,12,1,1,82,10,1,3,16,1,10,1,2,2,28,0,5,0,0,58,0
52,0,-9,-9,-9,-9,-9,-9,-9,-9,-9,-9,-9,-9,-9,-9,-9,-9,-9,-9,-9,-9,-9,-9,-9,0
53,1,78,180,8,70,22,0,0,100,-7,7,8,22,5,45,0,0,0,20,95,4,7,1,90,0
54,1,92,200,25,100,15,0,0,100,-7,7,8,15,0,35,15,0,0,10,-5,2,1,0,35,0
55,1,74,400,6,95,25,0,0,95,50,6,6,25,3,40,10,0,0,55,60,9,4,3,90,0
56,1,-9,-9,-9,-9,-9,-9,-9,-9,-9,-9,-9,-9,-9,-9,-9,-9,-9,-9,-9,-9,-9,-9,-9,0
57,0,65,100,5,40,18,0,0,100,-7,7,8,18,4,50,0,0,0,85,80,8,4,5,100,0
58,1,72,350,2,110,37,1,1,88,30,6,4,41,6,35,0,3,3,25,10,11,4,1,90,0
59,0,68,190,18,85,20,4,4,83,20,6,3,5,1,42,-7,6,6,18,-5,6,-5,0,85,0
60,0,73,92,5,30,20,1,1,88,40,5,4,21,5,50,1,3,3,30,72,7,5,2,75,0
61,1,80,140,20,65,6,0,0,82,20,6,6,6,1,62,0,2,2,15,68,2,3,1,78,0
62,0,64,110,9,50,40,0,0,98,-9,7,7,41,3,25,0,1,1,28,-5,9,2,2,55,0
63,0,68,78,4,43,25,0,0,97,-8,6,8,26,1,30,0,0,0,40,92,4,4,1,48,0
64,1,78,130,25,70,7,0,0,78,22,5,5,8,0,58,-6,1,1,12,66,1,2,0,73,0
65,0,63,170,23,81,5,1,0,45,6,3,4,8,0,16,0,2,2,89,-9,5,-7,2,82,0
66,1,82,150,1,60,12,0,0,99,-6,6,7,18,3,35,0,1,1,10,-7,3,-7,1,42,0
67,0,65,100,6,52,28,2,2,83,27,5,5,30,4,18,0,0,0,38,63,9,3,1,65,0
68,0,72,86,2,47,17,0,0,93,-6,4,6,24,3,14,0,3,3,85,89,8,2,4,79,0
69,1,69,-7,6,63,14,1,1,92,28,5,3,15,2,38,-6,0,0,52,81,3,3,0,98,0
70,1,82,85,5,40,20,0,0,100,-6,7,8,20,3,30,1,1,1,10,85,2,3,0,30,0
71,0,84,140,8,65,16,0,0,100,-6,7,8,16,2,35,5,0,0,15,-7,4,2,0,60,0
72,1,87,125,10,60,23,0,0,100,-6,7,8,23,1,52,0,0,0,3,-7,2,2,0,35,0
73,0,85,160,70,130,10,0,0,100,-6,7,8,10,0,45,-7,0,0,14,-7,3,-7,0,95,0
74,0,58,200,5,90,30,2,1,80,20,5,3,33,2,40,-6,2,2,40,95,10,2,1,85,0
75,0,35,380,2,115,11,6,3,65,1,1,6,18,3,20,1,1,1,60,80,9,4,3,88,0
76,1,69,210,4,65,21,0,0,90,20,5,5,21,5,28,1,2,2,50,62,6,3,2,90,0
77,1,61,275,2,128,33,5,3,90,1,5,5,36,2,12,1,1,1,35,75,17,3,1,96,0
78,1,89,220,8,95,13,0,0,100,-6,7,8,13,2,18,-7,0,0,5,-7,4,-7,0,40,0
79,1,72,230,13,105,36,0,0,100,-6,7,8,37,1,25,18,1,1,75,66,7,4,1,70,0
80,1,82,200,7,90,25,0,0,100,-7,7,8,27,2,20,-7,1,1,10,-8,3,2,0,50,0
81,0,75,150,3,70,18,0,0,95,40,5,7,18,5,30,2,3,3,45,70,4,3,1,60,0
82,1,85,220,10,95,30,0,0,100,-7,7,8,30,1,15,0,0,0,5,-8,2,1,0,35,0
83,0,69,180,4,60,15,0,0,90,50,6,7,16,4,25,3,2,2,50,60,5,3,1,70,0
84,1,86,250,6,100,28,0,0,100,-7,7,8,28,2,18,-7,1,1,15,-8,3,2,0,45,0
85,0,71,145,5,65,17,0,0,92,45,5,6,17,4,28,1,2,2,40,65,4,2,1,65,0
86,1,87,230,8,98,29,0,0,100,-7,7,8,29,1,16,0,1,1,12,-8,2,1,0,40,0
87,0,73,160,9,75,20,0,0,94,42,6,7,19,3,22,2,2,2,35,55,3,2,1,55,0
88,1,89,240,7,105,31,0,0,100,-7,7,8,31,2,14,0,1,1,7,-8,2,1,0,38,0
89,0,72,170,6,68,16,0,0,93,48,5,7,15,4,24,1,2,2,42,62,4,2,1,58,0
90,0,65,80,5,105,20,1,0,85,2,5,5,5,1,20,-6,2,2,25,80,4,2,1,65,0
91,1,87,185,20,85,10,0,0,100,-6,6,7,10,0,45,-6,1,1,12,18,3,3,1,68,0
92,0,72,220,15,70,13,0,0,90,35,5,6,13,1,30,-6,1,1,92,20,3,3,2,66,0
93,0,68,230,2,60,15,0,0,93,20,5,6,55,5,50,1,4,4,52,70,3,6,-7,75,0
94,0,62,95,4,30,10,1,1,82,7,3,3,15,2,35,-6,1,1,28,95,4,3,2,62,0
95,1,66,285,6,85,43,0,0,100,-6,6,8,44,2,28,1,2,2,50,55,12,4,3,71,0
96,0,55,155,14,75,21,0,0,81,2,3,5,22,1,10,1,1,1,83,-6,9,-7,3,99,0
97,0,59,10,4,6,4,0,0,100,-6,6,7,4,4,22,1,6,6,35,-7,1,2,1,79,0
98,1,90,180,35,100,14,0,0,100,-6,6,7,13,1,22,-6,2,1,3,-7,0,2,0,30,0
99,0,53,420,1,150,8,3,1,75,18,5,3,11,2,30,1,3,3,60,90,5,3,2,88,0
100,1,80,190,15,90,30,0,0,95,-8,4,5,35,3,50,2,1,1,20,75,3,2,1,55,0
101,0,60,130,40,70,10,5,3,70,3,2,4,15,1,30,0,2,2,40,-5,4,1,2,60,0
102,1,85,160,5,50,25,0,0,100,-7,3,5,28,2,55,3,0,0,5,80,2,3,0,70,0
103,0,50,100,20,60,12,4,2,80,5,1,3,18,1,35,1,3,3,50,10,5,2,1,65,0
104,1,77,175,9,95,35,0,0,97,-8,4,5,37,4,60,0,1,1,15,85,4,3,0,72,0
105,0,65,140,25,80,15,3,2,85,6,2,4,20,2,40,2,2,2,30,5,3,2,1,68,0
106,1,90,200,12,105,40,0,0,99,-8,3,5,42,5,65,1,0,0,10,90,2,4,0,75,0
107,0,55,110,30,65,8,4,2,78,7,1,3,16,1,25,0,3,3,45,10,4,1,1,62,0
108,1,78,150,6,55,20,0,0,96,-8,3,5,22,3,45,2,0,0,25,70,3,2,0,68,0
109,0,70,135,22,75,18,1,1,90,8,2,4,21,2,37,1,2,2,35,20,5,3,1,70,0
110,0,72,200,3,75,15,0,0,90,10,6,7,12,4,35,5,1,1,55,10,5,2,2,75,0
111,1,80,150,6,60,20,0,1,95,20,5,7,18,2,40,3,2,2,30,50,4,3,1,68,0
112,0,65,220,7,80,10,0,0,85,15,6,6,14,5,25,8,0,0,60,20,6,2,3,80,0
113,1,78,180,4,70,18,0,0,100,-7,7,8,16,3,30,1,3,3,45,70,5,4,2,85,0
114,0,85,300,9,100,25,0,0,100,-7,7,8,20,2,28,4,1,1,35,60,4,3,0,70,0
115,1,62,90,3,40,5,0,1,80,12,5,6,7,3,50,6,2,2,70,30,2,2,1,60,0
116,0,69,250,10,90,30,0,0,100,-7,7,8,25,5,22,2,0,0,50,15,6,3,2,78,0
117,1,76,140,5,65,15,0,0,92,18,6,7,17,4,36,7,1,1,40,55,5,2,1,72,0
118,0,82,310,8,105,22,0,0,100,-7,7,8,21,2,26,0,0,0,20,40,3,3,0,66,0
119,1,74,170,6,78,14,0,0,88,22,6,7,19,3,32,4,1,1,48,65,4,4,1,74,0
120,0,70,140,12,60,8,0,0,98,-7,7,8,10,2,70,-7,0,0,90,-8,2,1,1,95,0
121,1,80,190,6,110,35,0,0,100,-7,7,8,30,4,30,3,1,1,10,50,7,6,0,55,0
122,0,65,160,14,50,14,2,1,92,60,5,3,15,1,74,1,3,2,85,70,2,4,1,78,0
123,0,62,150,16,52,15,1,1,80,6,4,7,15,1,45,6,0,0,78,-8,4,1,2,85,0
124,1,58,280,2,130,30,2,2,70,3,0,2,32,3,20,0,1,1,5,60,9,2,0,50,0
125,0,72,170,3,50,12,0,0,100,-7,7,8,12,4,20,0,1,1,30,-8,4,-8,1,80,0
126,0,68,220,40,120,28,1,0,95,7,4,5,22,0,25,7,0,0,12,-8,8,-8,1,74,0
127,0,62,185,30,130,10,1,0,68,5,4,5,16,0,48,0,2,2,52,55,3,2,1,98,0
128,1,83,240,11,115,18,0,0,93,18,6,6,19,2,15,-7,0,0,7,-8,3,-8,0,42,0
129,0,74,175,5,65,22,0,0,99,-7,7,8,20,3,60,-7,0,0,88,-8,3,2,1,92,0
130,1,81,180,7,104,9,0,0,98,-7,7,8,11,2,32,1,1,1,63,-7,2,2,0,78,0
131,0,79,118,5,50,14,0,0,91,65,6,6,14,1,68,-7,3,3,2,72,1,3,0,66,0
132,0,67,193,14,69,18,0,0,94,0,4,6,21,1,41,4,2,2,22,82,3,3,0,87,0
133,1,86,111,21,71,10,0,0,100,-7,7,8,12,1,72,1,1,1,13,-7,1,1,0,99,0
134,1,83,139,3,55,7,0,0,100,-7,7,8,8,3,34,4,3,2,11,88,1,3,0,66,0
135,0,62,259,11,85,30,0,0,96,15,6,6,60,1,28,1,5,5,69,72,9,3,5,69,0
136,0,69,129,9,52,29,2,2,96,70,6,6,35,3,52,1,1,1,58,23,5,4,0,74,0
137,0,58,115,9,71,4,1,1,74,10,0,2,5,2,99,1,2,2,-7,76,-7,2,-7,99,0
138,0,65,210,3,62,32,1,0,86,12,4,5,38,8,48,-7,11,11,1,99,1,5,0,51,0
139,1,87,192,37,96,11,0,0,100,-7,7,8,16,1,54,-7,1,1,4,-7,1,1,0,51,0
140,1,74,130,3,82,22,1,1,89,11,6,2,26,2,23,1,1,1,26,-7,2,1,0,45,0
141,1,88,400,60,175,8,0,0,100,-7,7,8,9,0,40,-8,0,0,0,-8,1,-8,-8,35,0
142,0,78,160,6,87,8,0,0,100,-7,7,8,10,3,76,0,2,2,13,-8,2,1,0,98,0
143,1,78,175,30,88,5,0,0,100,-7,7,8,5,0,24,-8,0,0,70,-8,3,1,1,99,0
144,0,64,100,4,40,20,2,2,100,-7,6,8,20,5,36,-7,3,3,42,66,5,4,1,68,0
145,1,69,230,11,95,28,0,0,90,13,6,6,28,2,45,0,2,2,52,100,5,2,2,71,0
146,0,72,205,3,84,33,0,0,100,-7,7,8,36,2,33,0,1,1,96,60,5,2,5,69,0
147,0,81,220,23,86,22,1,0,70,11,6,5,24,0,15,0,0,0,0,-8,0,1,0,21,0
148,0,76,145,2,70,17,0,0,100,-7,7,8,21,7,26,-7,2,2,44,97,3,2,0,64,0
149,0,-9,-9,-9,-9,-9,-9,-9,-9,-9,-9,-9,-9,-9,-9,-9,-9,-9,-9,-9,-9,-9,-9,-9,0
150,0,62,150,10,70,20,1,1,85,20,5,4,25,4,40,2,2,1,50,70,10,5,2,80,0
151,1,75,220,12,120,30,0,0,95,-7,7,8,35,2,35,1,1,1,40,60,7,4,1,70,0
152,1,81,300,8,160,40,0,0,100,-7,7,8,45,3,20,0,1,1,30,80,12,6,3,85,0
153,0,70,180,5,90,25,1,1,80,15,4,3,30,5,45,1,3,2,55,65,9,7,2,75,0
154,1,78,140,3,60,15,0,0,100,-7,7,8,18,1,50,0,0,0,20,50,3,2,0,60,0
155,0,65,190,7,100,35,1,1,75,25,6,5,40,6,55,2,2,2,45,85,14,5,3,90,0
156,1,82,250,15,130,50,0,0,100,-7,7,8,55,2,25,1,1,1,35,75,11,8,2,95,0
157,0,68,170,6,85,22,1,1,78,18,4,3,28,4,42,0,1,1,60,60,6,3,1,65,0
158,1,77,230,11,110,45,0,0,100,-7,7,8,50,1,30,0,1,1,25,55,5,5,0,72,0
159,0,66,160,4,75,18,1,1,70,10,5,4,22,3,48,1,2,1,52,68,8,6,2,78,0
160,0,70,30,5,40,10,0,0,95,-7,7,8,15,3,50,1,1,1,20,70,4,2,0,80,0
161,1,62,100,8,60,20,0,1,90,10,5,6,25,2,55,3,2,2,35,60,5,3,1,85,0
162,0,85,220,2,90,50,0,0,98,-7,7,8,50,3,60,5,1,1,5,90,3,4,0,55,0
163,1,68,300,4,100,28,1,0,85,15,6,7,32,2,50,0,3,3,50,65,6,3,2,70,0
164,0,72,50,6,35,15,0,0,96,-7,7,8,18,4,45,2,2,2,25,75,4,2,0,82,0
165,1,64,180,12,80,22,1,1,92,20,6,7,27,1,48,4,1,1,45,55,5,2,1,78,0
166,0,80,250,9,95,40,0,0,99,-7,7,8,42,2,65,6,0,0,10,85,2,4,0,60,0
167,1,67,140,11,70,18,1,0,87,18,5,6,20,1,52,3,2,2,55,50,3,3,1,72,0
168,0,78,210,7,85,30,0,0,97,-7,7,8,33,1,70,2,1,1,30,80,3,2,0,68,0
169,1,69,320,14,110,26,1,1,89,25,6,7,28,2,45,1,2,2,60,45,4,2,2,76,0
170,1,80,200,5,60,25,0,0,99,-7,7,8,30,2,30,0,1,1,10,20,2,2,0,60,0
171,0,60,150,12,55,15,1,0,85,5,4,6,20,1,40,2,3,3,50,70,4,3,1,80,0
172,1,90,220,8,70,20,0,0,100,-7,7,8,25,3,50,-7,0,0,5,60,1,4,0,55,0
173,0,70,180,10,65,10,0,1,90,3,5,7,15,2,35,1,2,2,30,40,3,1,1,70,0
174,1,85,160,6,75,18,0,0,98,-7,7,8,22,1,25,-7,1,1,8,30,2,2,0,65,0
175,0,65,170,15,50,12,1,0,80,7,6,7,18,2,45,4,3,3,40,50,5,2,1,75,0
176,1,82,130,7,60,22,0,0,100,-7,7,8,28,3,20,-7,0,0,2,55,1,3,0,50,0
177,0,75,190,9,85,8,0,1,88,4,5,7,12,1,30,3,2,2,35,45,3,2,1,68,0
178,1,87,140,11,72,16,0,0,100,-7,7,8,20,2,22,-7,0,0,3,42,2,3,0,48,0
179,0,68,175,4,58,14,1,0,78,6,4,6,14,1,18,1,2,2,45,33,4,1,1,72,0
180,0,72,180,14,80,30,0,0,90,5,5,7,32,1,40,2,2,2,35,60,5,3,1,70,0
181,1,78,200,10,90,20,0,0,92,3,6,5,25,2,35,1,4,3,25,50,4,4,0,65,0
182,0,68,220,18,70,40,0,0,85,6,3,4,42,1,45,3,1,1,50,75,6,2,2,85,0
183,1,80,160,20,100,35,0,0,97,2,5,6,38,3,30,1,5,4,30,55,3,5,1,75,0
184,0,76,250,6,85,50,0,0,88,7,4,5,55,0,50,5,2,2,40,70,8,4,3,80,0
185,1,85,190,9,95,45,0,0,99,1,6,7,48,2,25,0,3,3,20,45,7,6,1,65,0
186,0,70,230,12,60,18,0,0,93,4,3,4,20,1,55,4,1,1,45,65,5,3,2,78,0
187,1,90,210,7,75,55,0,0,95,3,5,6,58,3,20,2,6,5,15,50,9,7,1,68,0
188,0,74,270,15,110,60,0,0,84,6,4,5,62,1,60,3,2,2,55,80,10,5,3,88,0
189,1,82,240,11,85,25,0,0,98,1,6,7,28,2,15,0,3,3,5,40,2,6,0,55,0
190,0,60,200,5,85,20,0,0,80,3,4,6,22,2,30,1,2,2,40,60,5,2,1,70,0
191,1,72,150,10,70,25,1,0,85,4,3,5,28,3,40,2,3,3,50,70,6,3,2,80,0
192,0,68,180,4,90,15,0,0,90,5,2,4,18,1,25,0,1,1,30,50,4,2,1,65,0
193,0,74,160,8,78,22,0,0,95,2,5,7,23,2,35,1,4,3,35,55,5,2,1,75,0
194,1,70,190,6,82,18,1,0,88,3,6,6,20,1,28,0,2,2,45,65,4,3,1,78,0
195,0,62,220,9,88,21,0,0,82,6,3,5,26,2,32,1,3,3,38,58,5,2,2,72,0
196,0,76,140,11,92,24,0,0,92,4,2,4,27,2,33,0,2,2,32,52,4,3,1,77,0
197,0,64,210,7,80,19,0,0,84,5,4,5,22,2,29,1,3,3,42,62,5,2,2,74,0
198,1,78,170,5,86,26,1,0,93,3,5,6,30,3,34,0,2,2,36,56,6,3,2,79,0
199,0,66,190,9,84,17,0,0,86,7,3,5,21,2,31,1,3,3,34,54,4,2,1,76,0
200,0,65,130,7,40,15,1,1,80,20,5,7,16,2,45,1,2,2,60,50,3,3,1,85,0
201,1,75,210,4,90,22,0,0,95,10,6,7,23,1,55,0,4,4,30,70,4,5,0,80,0
202,0,62,125,6,55,12,1,1,85,25,5,6,14,2,40,2,1,1,70,60,2,3,1,75,0
203,1,80,150,3,65,28,0,0,98,5,6,7,30,1,50,1,2,2,25,65,5,4,0,78,0
204,0,59,100,5,45,8,1,1,90,30,5,6,10,2,35,3,1,1,65,55,3,2,1,80,0
205,1,83,175,2,70,25,0,0,97,7,6,7,27,3,60,0,3,3,20,80,6,3,0,85,0
206,0,67,140,6,50,10,1,1,88,15,5,7,12,3,45,2,2,2,55,50,4,2,1,82,0
207,1,77,190,4,80,20,0,0,99,5,6,7,22,1,50,0,1,1,35,75,5,4,0,80,0
208,0,64,110,6,60,14,1,0,90,20,5,6,15,2,40,1,2,2,60,55,3,3,1,78,0
209,1,81,160,2,75,24,0,0,98,8,6,7,26,1,52,0,3,3,28,70,6,3,0,83,0
210,0,70,210,5,85,30,1,1,90,20,6,7,30,2,40,2,2,2,30,70,3,3,0,70,0
211,1,80,250,2,65,40,0,0,100,-7,7,8,50,1,20,10,0,0,5,50,2,1,0,20,0
212,0,60,300,10,90,25,3,3,85,25,5,5,25,3,50,3,4,4,40,60,5,4,1,75,0
213,1,90,230,15,70,50,0,0,100,-7,7,8,60,0,10,5,1,1,10,30,1,1,0,10,0
214,0,55,180,8,75,20,2,2,80,30,4,6,20,4,60,4,5,5,45,65,6,5,1,80,0
215,1,78,150,3,60,35,0,0,100,-7,7,8,40,2,30,8,0,0,15,55,3,2,0,25,0
216,0,68,320,7,80,28,4,4,87,35,6,4,32,3,45,1,1,1,65,70,7,6,2,85,0
217,1,83,140,25,78,24,0,0,100,-7,7,8,25,0,15,0,2,2,2,5,3,1,0,55,0
218,0,58,200,1,74,50,1,1,100,-7,0,8,55,6,50,-7,3,3,50,65,12,4,1,77,0
219,1,81,240,3,92,34,0,0,98,27,6,6,18,3,28,6,0,0,12,60,3,1,1,48,0
220,0,72,190,4,60,20,1,0,95,3,6,7,30,3,40,2,2,2,50,30,6,2,1,85,0
221,1,77,230,7,75,25,0,0,100,-7,7,8,28,1,60,-8,0,0,35,20,2,4,0,90,0
222,0,65,180,5,55,15,2,1,85,10,3,4,20,2,50,3,1,1,70,40,5,3,1,75,0
223,1,82,250,2,85,30,0,0,100,-7,7,8,35,4,70,4,0,0,20,15,1,5,0,95,0
224,0,60,150,6,45,10,1,0,90,15,4,5,18,3,55,5,2,2,65,45,4,2,1,80,0
225,1,75,200,3,70,22,0,0,100,-7,7,8,26,2,65,-8,0,0,30,25,3,4,0,88,0
226,0,62,160,8,50,12,1,0,92,12,5,6,22,3,45,6,1,1,55,35,5,3,1,78,0
227,1,81,240,1,80,28,0,0,100,-7,7,8,32,4,75,5,0,0,25,18,2,5,0,92,0
228,0,67,170,9,65,18,1,0,88,9,4,5,27,3,60,7,2,2,60,50,4,4,1,82,0
229,1,78,220,2,78,26,0,0,100,-7,7,8,31,3,68,-8,0,0,28,22,3,4,0,87,0
230,1,74,180,10,120,22,0,0,98,-7,7,8,24,1,30,1,0,0,40,20,3,2,1,70,0
231,0,60,160,5,80,15,1,1,85,2,5,6,18,2,35,3,2,2,60,70,4,3,2,75,0
232,1,82,200,8,100,28,0,0,100,-7,7,8,30,0,25,0,1,1,15,10,2,2,0,50,0
233,1,88,250,15,90,32,0,0,100,-7,7,8,35,1,22,0,0,0,5,5,3,1,0,40,0
234,0,64,170,7,70,12,1,1,80,5,4,5,15,2,40,2,3,3,50,60,5,2,1,65,0
235,1,75,190,12,110,20,0,0,99,-7,6,7,22,1,28,1,1,1,25,15,3,2,1,60,0
236,0,58,140,6,65,10,1,1,78,4,3,5,12,2,45,3,2,2,65,75,4,3,2,78,0
237,1,81,230,14,95,26,0,0,100,-7,7,8,28,0,20,0,0,0,10,5,2,1,0,35,0
238,0,62,150,9,75,14,1,1,82,3,4,6,16,2,38,2,1,1,55,65,4,3,1,72,0
239,1,79,210,11,105,24,0,0,100,-7,7,8,26,0,26,0,1,1,20,15,3,2,1,55,0
240,0,75,170,5,80,12,0,0,95,-7,7,8,16,2,50,0,2,2,40,70,3,2,1,75,0
241,1,72,120,4,55,20,1,0,90,40,5,4,28,3,60,1,1,1,70,60,4,3,2,85,0
242,0,65,190,8,100,10,0,0,100,-7,7,8,12,1,45,3,1,1,30,65,2,2,0,80,0
243,1,78,130,2,60,25,0,0,100,-7,7,8,30,4,25,-7,3,3,15,90,3,1,0,45,0
244,0,69,210,7,95,8,1,0,60,5,4,5,18,1,55,4,2,2,55,50,3,3,1,70,0
245,1,74,140,6,70,22,0,0,95,-7,7,8,27,3,30,-7,2,2,20,85,2,2,0,50,0
246,0,62,200,9,85,11,0,0,100,-7,7,8,14,2,35,2,2,2,50,60,4,2,1,90,0
247,1,66,110,3,50,28,1,1,85,45,6,3,32,3,70,1,1,1,80,75,4,4,2,95,0
248,0,64,230,10,90,9,1,0,70,6,5,5,20,2,50,3,1,1,60,55,3,3,1,85,0
249,1,70,160,5,75,23,0,0,100,-7,7,8,29,3,35,-7,2,2,25,95,3,2,0,55,0
250,0,60,140,4,58,30,2,1,95,65,5,3,37,4,50,1,2,2,80,-5,8,3,5,90,0
251,1,78,130,4,57,28,0,0,100,-9,7,9,30,2,48,0,1,1,5,50,3,5,1,62,0
252,1,66,145,6,46,25,1,1,85,12,3,4,35,2,30,1,3,3,52,90,6,3,2,70,0
253,1,85,200,2,92,23,0,0,100,-8,7,8,24,3,25,0,0,0,3,65,4,1,0,48,0
254,1,63,210,14,61,42,0,0,100,-8,7,8,42,1,46,4,1,1,90,48,2,1,1,65,0
255,1,88,170,4,89,15,0,0,100,-7,7,8,16,2,28,2,1,1,4,30,1,3,0,59,0
256,1,67,90,14,51,11,1,0,74,9,3,5,12,1,80,6,1,1,1,69,0,5,1,68,0
257,0,59,130,10,59,12,3,2,72,41,6,2,16,1,58,-8,2,2,46,90,2,4,1,87,0
258,0,-8,-8,-8,-8,-8,-8,-8,-8,-8,-8,-8,-8,-8,-8,-8,-8,-8,-8,-8,-8,-8,-8,-8,0
259,1,71,280,8,54,15,0,0,94,7,3,6,16,3,56,13,1,1,59,44,3,2,2,72,0
260,1,85,140,8,90,12,0,0,98,-7,7,7,13,2,25,15,0,0,33,-8,3,-8,0,45,0
261,0,60,185,4,85,19,0,0,92,2,5,6,20,3,15,2,1,1,55,-8,4,-8,2,42,0
262,0,64,150,7,70,16,0,0,88,4,3,5,17,2,30,1,2,2,60,85,3,2,1,78,0
263,1,82,115,5,50,14,0,0,100,-7,7,8,14,1,18,-7,0,0,23,-8,5,1,0,52,0
264,0,75,60,5,30,12,0,0,100,-7,7,8,14,2,35,0,1,1,29,80,1,2,0,60,0
265,0,68,210,2,72,40,0,0,97,40,6,6,41,2,22,2,1,1,65,-8,14,2,2,90,0
266,0,72,120,3,55,22,0,0,95,0,4,6,24,3,50,0,1,1,13,60,1,3,1,65,0
267,1,88,130,6,80,10,0,0,100,-7,7,8,10,1,10,-7,1,1,8,-8,1,-8,0,48,0
268,0,58,180,3,82,20,0,0,89,5,5,7,19,4,12,3,2,2,53,-8,6,-8,3,40,0
269,1,84,145,6,78,13,0,0,100,-7,7,8,12,1,22,-7,0,0,30,-8,2,-8,0,55,0
270,0,73,200,5,75,18,1,0,82,2,4,5,22,1,45,4,1,1,18,78,4,3,0,78,0
271,1,67,380,18,110,16,2,1,77,50,6,5,9,0,39,15,0,0,0,-7,0,2,0,52,0
272,0,76,-5,2,104,13,0,0,88,15,6,6,1,3,55,-6,0,0,14,102,2,3,0,87,0
273,1,89,460,30,190,11,0,0,99,-6,7,8,11,0,9,-7,0,0,5,-7,1,-7,0,68,0
274,0,72,160,40,80,5,1,1,99,-6,6,8,11,0,1,-7,0,0,-7,-7,1,-7,-7,99,0
275,1,71,125,2,65,25,1,1,98,4,0,2,13,2,31,8,0,0,19,99,2,2,0,39,0
276,1,80,135,3,70,26,0,0,99,-6,7,8,31,4,35,1,3,3,2,92,3,2,0,61,0
277,1,55,190,7,86,8,1,0,51,4,3,5,11,2,41,1,0,0,80,-7,3,1,1,99,0
278,1,78,200,18,101,14,0,0,94,30,6,6,16,0,41,6,1,1,49,27,1,2,1,76,0
279,1,65,440,5,115,28,9,9,95,52,0,6,34,3,12,9,0,0,16,84,2,1,0,32,0
280,0,75,150,5,60,20,0,0,97,3,5,6,22,2,30,2,1,1,40,50,4,3,1,50,0
281,1,68,200,10,85,30,0,0,90,5,4,5,28,1,35,5,0,0,35,60,5,3,2,55,0
282,1,82,250,20,110,40,0,0,100,-1,6,7,35,2,40,3,1,1,20,30,3,2,0,60,0
283,0,70,180,15,90,25,1,0,85,10,5,6,30,1,25,8,0,0,50,45,6,3,1,65,0
284,1,77,220,8,95,35,0,0,98,-5,6,7,32,3,28,4,2,2,30,70,4,3,0,58,0
285,0,65,300,12,100,22,2,1,80,15,5,6,28,1,33,7,1,1,45,55,5,2,1,60,0
286,1,80,270,18,105,38,0,0,95,-3,5,7,36,4,35,6,2,2,25,65,4,3,0,62,0
287,0,72,160,6,70,18,0,0,88,6,4,5,20,2,32,3,1,1,42,48,5,2,1,57,0
288,1,74,190,9,88,28,0,0,92,-4,6,7,29,3,36,4,1,1,38,58,4,3,0,59,0
289,0,66,210,11,92,24,1,0,86,12,5,6,27,1,29,5,0,0,44,54,5,2,1,63,0
290,1,67,120,5,60,20,1,0,95,12,5,7,30,2,30,4,2,2,50,70,4,2,1,80,0
291,0,75,150,12,80,28,0,0,98,8,4,5,40,1,25,5,1,1,30,60,5,3,0,85,0
292,1,60,200,10,90,35,1,1,90,20,6,6,50,3,40,2,4,4,55,75,6,4,2,90,0
293,0,80,180,7,70,30,0,0,99,10,3,4,45,2,20,3,2,2,25,50,7,5,1,75,0
294,1,68,140,15,65,22,1,0,92,18,5,7,35,4,35,6,3,3,45,65,8,6,3,78,0
295,0,72,130,18,85,26,0,0,97,5,2,3,38,1,22,7,1,1,20,55,9,7,0,82,0
296,1,65,170,9,75,33,1,1,89,15,6,8,42,3,45,8,5,5,60,80,10,8,2,87,0
297,0,78,110,20,95,36,0,0,99,7,3,5,48,2,28,9,2,2,35,68,11,9,1,83,0
298,1,62,160,14,68,21,1,0,91,22,4,6,37,4,38,10,3,3,48,72,12,10,3,79,0
299,0,66,190,11,88,27,0,0,94,9,2,4,44,1,18,11,1,1,22,58,13,11,0,81,0
300,1,75,180,3,99,40,1,0,98,-7,5,7,39,3,42,-6,2,2,40,95,3,2,0,35,0
301,0,70,400,1,140,6,1,1,99,-7,6,8,9,1,37,1,5,5,7,97,1,1,0,48,0
302,1,74,230,3,102,43,2,1,86,5,3,3,49,3,12,1,1,1,6,-7,5,2,0,28,0
303,1,68,200,18,110,26,0,0,84,3,3,6,26,1,18,-8,1,1,9,-7,2,1,0,49,0
304,1,80,350,12,115,29,0,0,100,-7,7,8,30,0,23,-7,0,0,33,-7,4,1,1,44,0
305,1,77,220,5,86,46,0,0,100,-7,7,8,46,3,29,0,0,0,36,60,5,4,0,52,0
306,1,85,280,14,116,22,0,0,100,-7,7,8,22,0,31,10,0,0,4,55,3,3,0,59,0
307,1,87,170,6,88,19,0,0,100,-7,7,8,19,2,32,5,0,0,2,18,3,2,0,37,0
308,1,-8,-8,-8,-8,-8,-8,-8,-8,-8,-8,-8,-8,-8,-8,-8,-8,-8,-8,-8,-8,-8,-8,-8,0
309,0,75,240,3,100,23,0,0,95,4,3,6,24,1,5,1,0,0,18,-7,6,-7,0,53,0
310,0,70,180,20,80,20,1,0,90,10,5,5,18,1,40,1,1,1,35,-5,6,2,1,85,0
311,0,60,25,7,60,5,2,1,70,15,5,4,2,1,35,2,2,1,90,70,2,1,-5,70,0
312,0,65,210,5,85,40,1,1,95,8,3,6,45,2,50,0,10,10,10,80,7,5,1,88,0
313,0,68,110,19,55,18,0,0,95,18,6,6,18,1,15,0,0,0,70,-5,9,-5,2,98,0
314,0,55,160,30,120,7,3,2,75,7,0,5,12,0,12,-5,1,1,80,-5,4,-5,3,78,0
315,0,67,215,4,90,48,0,0,97,45,5,6,52,3,45,0,4,3,85,60,13,8,9,92,0
316,0,82,-5,11,92,26,0,0,93,5,3,6,1,2,30,-6,0,0,12,58,5,4,0,75,0
317,0,60,40,3,25,13,0,0,85,7,3,6,13,4,9,0,4,4,50,98,7,2,2,90,0
318,1,90,220,3,85,23,0,0,100,-5,7,8,11,3,38,23,0,0,8,-5,2,2,0,22,0
319,1,80,125,5,70,26,0,0,100,-6,7,8,26,2,30,-6,0,0,15,-5,5,2,2,48,0
320,1,73,158,5,55,14,1,0,95,20,6,5,18,3,35,4,1,1,25,60,2,3,1,68,0
321,0,80,203,10,85,20,0,0,100,-7,7,8,23,4,50,-7,0,0,10,20,5,4,0,70,0
322,1,68,132,3,46,9,2,1,85,30,5,6,12,2,40,1,2,2,50,70,3,2,1,60,0
323,0,78,215,8,92,18,0,0,100,-7,7,8,20,3,55,-8,1,1,30,40,4,3,0,75,0
324,1,66,95,2,40,13,1,0,90,25,6,5,14,1,30,3,3,3,40,50,2,2,1,65,0
325,0,85,290,20,110,22,0,0,100,-7,7,8,25,2,60,-9,0,0,20,30,4,3,0,80,0
326,1,72,140,6,60,11,2,1,88,35,5,6,16,3,45,2,2,2,45,65,3,2,1,72,0
327,0,77,185,9,82,16,0,0,100,-7,7,8,22,4,55,-6,1,1,15,25,5,4,0,78,0
328,1,69,105,2,50,12,1,0,92,28,6,5,15,2,38,3,3,3,35,55,2,2,1,66,0
329,0,74,210,7,90,19,0,0,100,-7,7,8,21,3,58,-5,0,0,12,22,4,3,0,77,0
330,1,72,215,5,82,28,0,0,92,25,5,5,30,2,45,3,3,3,39,87,8,4,2,74,0
331,0,67,48,11,29,12,0,0,90,14,6,6,12,1,35,1,1,0,32,54,3,2,1,85,0
332,1,78,115,3,60,42,0,0,100,-6,7,8,43,2,18,0,1,1,33,-7,3,-7,1,21,0
333,1,79,221,27,78,26,0,0,100,-6,7,8,28,1,40,15,0,0,50,48,5,5,1,68,0
334,1,82,219,5,67,54,0,0,100,-6,7,8,8,4,26,6,1,0,27,39,5,3,1,53,0
335,1,65,129,2,34,14,0,0,100,-6,7,8,15,7,1,5,2,2,63,-7,6,-7,2,77,0
336,0,60,193,11,38,16,0,0,89,18,5,6,19,2,58,1,3,3,48,85,3,4,-7,77,0
337,1,82,400,3,125,21,0,0,100,-6,7,8,32,3,19,3,2,2,25,-7,3,2,1,39,0
338,0,62,176,4,65,16,1,0,66,4,4,5,18,4,23,1,5,5,10,-7,6,2,1,74,0
339,1,77,210,6,80,31,0,0,95,24,5,6,33,3,43,3,4,4,40,86,9,5,2,75,0
340,0,65,150,5,80,20,1,1,85,12,5,5,25,2,35,3,1,1,50,30,6,2,1,80,0
341,1,78,320,15,140,28,0,0,92,30,6,7,40,1,40,0,2,2,20,10,3,2,0,70,0
342,0,55,200,8,90,15,2,1,80,10,3,4,18,3,45,4,0,0,70,60,5,3,2,85,0
343,1,80,290,12,130,30,0,0,95,40,7,8,35,0,50,1,1,1,30,20,4,2,1,75,0
344,0,60,180,6,85,18,1,1,88,20,4,5,22,2,38,2,0,0,65,55,7,4,2,90,0
345,1,85,350,18,145,32,0,0,97,50,6,7,38,1,48,0,3,3,25,15,3,2,0,78,0
346,0,57,210,7,95,19,2,1,84,15,5,6,20,3,42,3,0,0,72,62,6,3,3,88,0
347,1,79,330,20,135,29,0,0,93,35,6,7,37,0,47,0,2,2,22,12,4,2,1,77,0
348,0,63,160,4,78,17,1,1,86,18,4,5,23,2,37,2,1,1,68,58,7,4,1,82,0
349,1,81,310,14,125,31,0,0,96,45,6,7,36,0,49,1,3,3,24,14,5,3,0,79,0
350,0,65,220,10,70,25,1,1,95,12,3,5,30,2,35,3,5,5,30,45,3,2,1,58,0
351,1,86,140,70,80,5,0,0,100,-7,7,8,5,0,48,0,1,1,0,-5,0,-7,0,0,0
352,0,70,170,5,60,30,0,0,92,15,5,5,32,3,40,0,0,0,18,-7,5,3,1,52,0
353,0,75,175,1,50,28,0,0,100,-7,7,8,35,8,45,0,10,10,50,90,7,5,3,65,0
354,0,66,180,4,62,20,0,0,100,-7,7,8,18,6,38,4,2,2,90,85,9,5,5,90,0
355,0,78,190,12,75,35,0,0,100,-7,7,8,38,1,18,0,0,0,37,-7,5,2,2,40,0
356,0,62,185,6,57,40,1,1,85,0,4,4,50,7,60,2,3,3,25,85,8,5,1,78,0
357,0,85,205,13,88,15,0,0,93,35,5,5,15,0,55,2,2,2,15,70,3,3,-7,65,0
358,1,90,410,10,100,20,0,0,100,-7,7,8,20,2,40,4,1,1,5,-7,3,2,0,45,0
359,0,68,260,3,65,22,0,0,100,-7,7,8,22,2,28,-7,2,2,65,60,6,4,4,75,0
360,0,75,180,20,95,12,1,1,89,50,5,3,13,1,40,1,0,0,10,-5,3,2,0,70,0
361,1,70,150,25,65,16,0,1,75,20,6,5,17,0,35,0,1,1,30,55,3,3,1,65,0
362,0,67,260,5,90,20,0,0,88,60,5,6,22,1,30,4,1,1,75,85,7,4,4,95,0
363,1,85,80,3,115,25,0,0,98,-5,8,7,14,2,20,2,1,1,5,60,2,1,0,50,0
364,1,64,190,30,85,10,2,1,40,35,5,4,12,0,25,0,2,2,55,-5,3,2,0,75,0
365,0,80,160,12,70,14,0,0,98,-5,8,8,16,3,15,0,0,0,35,50,4,2,0,40,0
366,1,66,170,28,70,11,1,1,85,-5,5,6,12,0,20,0,1,1,50,-5,3,-5,1,55,0
367,1,72,145,18,60,9,1,0,80,30,6,4,15,0,45,-5,1,1,45,70,5,2,1,80,0
368,0,73,175,10,90,40,2,2,92,5,3,3,45,2,18,0,1,1,35,95,7,5,1,65,0
369,0,82,155,8,100,13,0,0,100,-5,7,7,14,3,12,0,0,0,40,55,4,3,0,45,0
370,0,65,210,10,90,20,1,0,92,20,5,5,22,1,30,2,5,5,25,40,3,3,1,75,0
371,1,78,380,5,120,30,0,0,99,60,6,4,35,3,15,3,2,2,10,5,4,2,1,55,0
372,0,70,250,15,100,15,2,1,85,10,3,6,18,2,40,1,4,4,35,20,2,4,2,80,0
373,1,80,185,12,95,28,0,0,95,5,4,5,30,1,45,5,0,0,5,-5,2,1,0,60,0
374,0,63,150,20,70,10,1,1,80,15,5,7,12,1,35,0,2,2,50,15,3,2,1,85,0
375,1,74,220,6,110,25,0,0,98,50,6,4,27,2,20,4,1,1,8,10,4,1,1,65,0
376,0,68,300,14,85,18,2,1,88,8,3,6,20,3,25,3,3,3,40,30,2,3,2,78,0
377,1,77,170,9,105,32,0,0,96,12,4,5,34,2,50,6,0,0,4,-5,3,1,0,70,0
378,0,59,130,18,60,12,1,1,82,5,5,7,14,1,28,1,3,3,60,35,2,2,1,82,0
379,1,73,260,11,115,27,0,0,97,55,6,4,29,2,22,4,1,1,12,8,4,1,1,66,0
380,1,85,200,10,130,30,0,0,98,-7,7,8,31,1,36,5,1,1,20,-5,3,2,0,55,0
381,0,70,220,5,105,18,0,0,93,3,5,6,20,2,40,2,2,2,50,55,5,2,1,70,0
382,1,68,170,2,65,25,0,0,97,40,6,6,25,4,50,0,4,4,70,60,6,5,2,95,0
383,1,75,180,6,75,33,0,0,99,-7,7,8,33,5,42,4,1,1,10,5,3,7,0,60,0
384,0,80,210,14,85,19,0,0,92,15,5,6,19,0,38,1,3,3,15,-7,4,2,1,52,0
385,1,88,530,12,250,28,0,0,100,-7,7,8,31,0,20,-8,0,0,5,-8,3,1,0,35,0
386,0,65,175,15,75,18,0,0,80,2,4,6,19,1,55,3,2,2,60,25,5,3,0,72,0
387,1,82,230,9,85,33,0,0,100,-7,7,8,33,3,28,10,0,0,12,50,9,4,0,68,0
388,1,84,150,13,95,18,0,0,96,50,6,6,19,2,75,-8,0,0,28,75,4,4,0,98,0
389,0,67,160,10,80,20,1,1,85,20,6,6,21,2,60,0,3,3,38,20,2,4,1,60,0
390,1,74,215,10,105,28,1,0,95,-7,6,7,30,2,30,0,0,0,20,60,5,2,0,55,0
391,0,68,180,12,85,22,2,1,89,14,5,4,26,1,25,7,1,1,15,50,3,1,1,45,0
392,1,80,290,6,110,40,0,0,100,-7,7,8,42,4,35,0,0,0,10,80,4,3,0,60,0
393,0,66,120,15,70,18,3,2,80,20,6,3,20,2,40,5,2,1,30,40,2,2,2,50,0
394,1,78,200,8,90,25,1,1,92,12,6,5,28,3,28,0,0,0,18,70,6,2,0,58,0
395,0,64,150,20,80,15,2,1,85,15,5,4,22,1,36,-7,1,1,25,50,3,1,1,48,0
396,1,81,275,2,115,38,0,0,100,-7,7,8,40,5,45,0,0,0,8,90,2,3,0,65,0
397,0,65,100,9,60,10,1,1,75,18,6,3,15,2,33,-7,2,1,35,40,2,1,1,52,0
398,1,77,240,5,100,30,1,0,97,10,5,6,32,3,29,0,1,1,22,65,5,2,0,57,0
399,0,63,130,17,75,12,2,1,82,17,6,4,18,2,38,-7,1,1,28,45,3,1,1,50,0
400,1,79,185,5,90,25,0,0,99,-7,7,8,30,2,38,3,2,2,22,-5,3,2,1,50,0
401,0,68,210,10,75,30,1,1,95,35,1,3,35,3,32,2,1,1,50,15,7,4,1,80,0
402,1,72,195,8,85,26,0,0,98,-7,6,8,28,1,37,1,1,1,28,60,5,3,0,65,0
403,0,60,60,15,40,10,2,1,70,5,3,2,12,2,35,0,2,2,80,85,4,2,1,90,0
404,1,75,160,12,65,35,0,0,100,-7,5,8,40,0,30,0,0,0,18,70,6,3,0,55,0
405,0,62,180,3,50,20,0,0,92,20,5,5,25,3,36,-7,1,1,45,65,7,4,2,70,0
406,1,70,130,6,55,18,1,0,90,10,2,3,20,3,28,-7,3,3,30,20,3,2,0,48,0
407,0,77,170,20,70,15,0,0,100,-7,7,8,18,0,40,0,1,1,5,40,1,2,0,45,0
408,0,66,400,2,80,40,0,0,100,-7,7,8,45,5,25,0,4,4,55,90,9,5,3,60,0
409,1,64,120,3,45,15,1,1,92,8,1,3,16,3,28,-7,3,3,20,15,2,1,0,42,0
410,1,75,180,25,100,30,0,0,98,-7,7,8,32,1,50,2,1,1,30,40,3,2,1,60,0
411,0,70,145,10,80,22,1,0,85,12,5,7,25,3,45,1,2,2,50,60,4,3,2,70,0
412,1,82,300,50,150,40,0,0,100,-7,7,8,45,2,20,0,1,1,20,30,2,2,0,50,0
413,0,65,160,5,70,10,1,1,75,20,6,6,15,1,55,0,3,3,70,50,3,1,1,80,0
414,1,77,200,30,110,35,0,0,95,-7,7,8,38,2,30,1,0,0,40,20,2,1,1,65,0
415,0,68,140,15,60,15,0,0,80,18,5,6,18,2,60,0,2,2,60,70,4,2,1,75,0
416,1,81,320,40,140,50,0,0,100,-7,7,8,55,3,35,0,1,1,25,35,3,2,0,55,0
417,0,62,130,12,50,12,1,1,70,15,6,7,14,1,65,0,3,3,75,65,5,3,2,85,0
418,1,79,290,35,120,45,0,0,97,-7,7,8,48,2,25,1,0,0,35,45,3,2,0,60,0
419,0,64,175,20,90,20,0,0,88,10,5,6,22,3,40,0,2,2,55,65,4,2,1,75,0
420,1,80,210,12,110,15,0,0,95,5,3,5,18,2,40,3,1,1,20,10,2,2,1,80,0
421,0,60,180,20,85,10,2,1,80,10,5,7,15,3,50,5,3,2,30,15,3,1,0,70,0
422,1,85,300,5,150,25,0,0,98,2,2,4,30,4,60,0,2,2,10,5,4,3,1,90,0
423,0,50,160,15,70,8,3,2,75,8,6,9,12,2,30,6,4,3,40,20,2,2,2,65,0
424,1,90,400,8,180,30,0,0,99,1,1,3,35,5,70,1,1,1,5,2,5,4,0,95,0
425,0,70,250,18,130,20,1,1,85,6,4,6,22,3,45,2,2,2,25,12,3,2,1,75,0
426,1,95,500,3,220,35,0,0,100,0,0,2,40,6,75,0,0,0,0,0,6,5,0,100,0
427,0,65,200,25,100,18,2,1,78,9,5,8,20,4,55,4,3,3,35,18,4,3,2,85,0
428,1,88,350,14,160,28,0,0,97,3,2,4,32,5,65,1,1,1,8,4,5,4,0,92,0
429,0,55,140,30,60,12,4,3,70,15,7,9,14,2,35,7,4,3,45,25,3,2,1,60,0
430,1,85,205,12,90,15,0,0,99,-7,7,8,28,2,19,0,3,3,30,50,6,2,0,66,0
431,0,68,220,5,110,22,0,0,95,45,6,6,26,1,15,0,5,5,40,-5,7,1,1,62,0
432,1,92,160,30,100,4,0,0,100,-7,7,8,4,0,70,14,0,0,0,6,0,1,0,52,0
433,0,67,180,8,50,35,0,0,97,70,6,6,38,2,27,1,2,2,20,-7,11,2,1,65,0
434,1,70,240,6,85,9,1,1,80,5,2,4,10,3,24,0,0,0,0,-7,0,2,0,61,0
435,0,60,190,7,60,18,0,0,100,-7,7,8,22,1,6,0,2,2,85,-8,13,1,7,85,0
436,0,71,470,9,150,37,3,3,100,-7,6,8,41,2,35,0,3,3,55,52,13,2,3,88,0
437,0,65,150,3,50,16,1,1,100,-7,6,8,16,3,18,-7,1,1,65,-8,8,2,3,77,0
438,1,82,430,22,180,12,0,0,100,-7,7,8,12,0,22,22,0,0,35,40,3,2,1,52,0
439,1,88,330,6,115,27,0,0,100,-7,7,8,32,1,42,0,0,0,15,85,4,2,0,58,0
440,1,78,190,10,70,30,0,0,95,-7,7,8,32,1,35,1,2,2,10,60,3,2,1,50,0
441,0,62,150,5,65,20,0,0,80,15,5,7,22,3,40,0,1,1,50,70,4,3,2,75,0
442,1,84,210,8,85,35,0,0,100,-7,7,8,37,2,30,3,2,2,20,50,2,2,0,60,0
443,0,66,170,12,90,18,0,0,85,5,3,5,20,1,45,0,0,0,70,30,4,1,1,80,0
444,1,74,200,9,72,28,0,0,90,2,6,7,30,3,25,1,1,1,40,55,3,3,1,65,0
445,0,70,160,11,60,15,1,0,75,10,4,6,18,2,50,0,1,1,60,40,2,2,1,70,0
446,1,82,220,6,80,34,0,0,100,-7,7,8,36,1,28,2,2,2,25,50,3,2,0,55,0
447,0,64,140,7,50,10,1,1,70,12,5,7,12,2,55,0,0,0,80,20,4,1,1,85,0
448,1,88,230,4,100,40,0,0,100,-7,7,8,42,2,20,1,2,2,15,45,2,3,0,50,0
449,0,58,130,9,55,12,0,0,78,8,4,6,14,1,60,0,1,1,90,30,3,2,1,70,0
450,0,72,150,7,58,20,1,1,95,12,6,7,22,5,30,3,2,2,28,55,4,2,0,67,0
451,1,81,180,2,68,40,0,0,100,-7,8,9,45,4,22,0,4,4,22,50,6,4,1,48,0
452,0,66,160,15,62,18,2,1,85,10,5,6,20,1,27,1,1,1,30,75,5,2,1,78,0
453,1,83,190,3,72,25,0,0,100,-7,7,8,28,2,35,0,3,3,18,65,4,3,0,54,0
454,0,78,200,6,69,30,0,0,98,15,6,7,32,3,29,0,2,2,25,60,5,3,1,70,0
455,1,88,145,8,75,35,0,0,100,-7,8,9,37,1,20,0,0,0,10,45,2,2,0,40,0
456,1,74,175,5,70,28,0,0,99,20,6,7,31,4,26,0,1,1,33,85,3,2,1,68,0
457,0,79,210,9,135,38,0,0,98,17,6,7,40,2,24,0,1,1,19,50,5,3,1,69,0
458,1,76,270,6,78,18,0,0,100,-7,8,9,20,2,21,20,0,0,60,40,2,1,2,62,0
459,0,82,220,10,140,42,0,0,97,19,6,7,44,3,23,0,1,1,17,52,6,4,1,72,0
460,0,63,250,5,76,30,0,0,85,1,5,7,35,3,30,2,5,4,20,80,8,3,1,70,0
461,1,70,180,3,90,28,0,1,95,-7,6,8,30,2,35,1,2,1,50,60,4,2,2,60,0
462,0,75,210,6,80,20,0,0,90,-7,7,8,25,3,40,0,3,3,30,50,6,4,1,65,0
463,1,68,190,8,85,18,1,0,88,0,5,7,20,2,25,1,6,6,40,70,7,3,3,72,0
464,0,79,230,2,95,40,0,0,98,10,5,6,42,5,45,4,1,1,10,90,2,5,0,55,0
465,1,65,160,9,70,15,1,1,80,-7,6,8,18,1,20,0,4,3,60,30,3,2,2,68,0
466,0,83,200,4,60,35,0,0,92,5,4,6,38,4,50,3,2,2,15,85,4,4,1,80,0
467,1,72,175,7,65,20,0,0,85,-7,7,8,22,3,30,2,4,4,45,55,3,3,2,75,0
468,0,77,220,6,82,32,0,0,97,8,5,6,34,2,42,1,1,1,25,75,5,4,1,68,0
469,1,67,150,10,88,24,1,1,82,-7,7,8,26,1,28,0,3,2,55,35,2,2,2,70,0
470,0,68,150,10,60,40,1,0,95,20,5,6,50,3,40,1,2,2,70,80,7,2,2,65,0
471,1,88,60,5,100,25,0,0,100,-7,7,8,5,1,10,0,1,1,5,-5,4,-5,0,20,0
472,0,62,200,7,70,50,1,0,92,30,4,5,55,5,30,3,3,3,60,70,9,4,3,70,0
473,1,75,80,4,90,20,0,0,99,-7,6,7,10,2,20,1,2,2,15,50,5,3,1,45,0
474,0,70,170,8,65,45,1,0,96,25,3,4,60,4,35,2,4,4,65,75,6,5,2,60,0
475,1,85,50,6,95,30,0,0,100,-7,7,8,8,1,15,0,1,1,10,55,3,4,0,30,0
476,0,60,180,9,55,55,2,0,90,35,5,6,70,6,45,3,5,5,75,85,10,6,3,75,0
477,1,82,70,7,85,35,0,0,98,-7,6,7,12,3,25,1,2,2,20,60,7,5,1,55,0
478,0,72,160,11,75,48,1,0,93,28,4,5,65,5,38,2,3,3,68,78,8,5,2,68,0
479,1,78,65,8,80,22,0,0,100,-7,7,8,7,2,18,0,1,1,8,48,3,2,0,35,0
480,1,78,200,5,85,18,1,1,92,10,5,6,20,3,45,0,1,1,20,80,4,3,1,60,0
481,0,62,120,6,50,12,2,2,70,15,4,5,14,2,50,-7,2,2,10,70,3,2,-8,55,0
482,1,85,350,2,130,22,0,0,98,-8,7,8,23,1,20,0,0,0,4,95,2,2,0,40,0
483,0,68,160,4,90,16,1,1,85,20,5,6,18,3,40,-8,2,1,15,85,4,3,0,65,0
484,1,90,400,1,120,25,0,0,100,-7,8,9,26,2,15,0,0,0,3,90,3,2,0,50,0
485,0,58,130,7,55,14,2,2,75,18,4,5,16,3,55,-7,2,1,12,78,3,3,-8,58,0
486,1,83,340,3,115,20,0,0,97,-8,7,8,22,1,18,0,1,1,5,92,2,2,0,45,0
487,0,66,140,5,80,15,1,1,82,12,5,6,17,3,42,-8,2,1,18,82,4,3,0,62,0
488,1,88,390,4,125,23,0,0,99,-7,8,9,25,2,16,0,1,1,6,88,3,2,0,48,0
489,0,61,110,8,60,13,2,2,78,25,4,5,15,4,48,-7,2,1,14,75,3,3,-8,56,0
490,0,68,205,18,90,22,0,1,92,50,5,6,22,1,48,-6,2,2,35,70,2,4,0,65,0
491,1,74,115,20,62,30,0,0,98,55,6,5,32,0,31,1,1,1,5,62,0,5,0,70,0
492,0,59,175,10,88,16,1,1,87,10,3,6,19,2,36,0,3,3,58,15,3,2,1,68,0
493,1,78,245,3,85,35,0,0,95,47,6,6,37,3,27,-8,1,1,3,49,8,1,1,55,0
494,0,53,160,28,70,6,1,0,55,2,3,5,7,1,35,0,2,2,40,17,2,2,0,52,0
495,1,76,170,12,76,28,0,0,97,52,6,6,29,1,42,20,1,1,60,72,4,3,2,73,0
496,0,62,140,14,78,5,3,3,99,-8,7,8,9,0,48,0,0,0,-6,85,-7,3,-7,99,0
497,0,72,210,8,92,24,0,0,90,12,4,6,25,3,24,0,0,0,37,-10,5,3,1,54,0
498,1,80,260,2,88,34,0,0,93,46,6,6,36,5,28,-6,0,0,2,45,6,1,1,52,0
499,0,60,155,11,74,5,3,3,98,-6,7,8,9,0,49,0,0,0,-7,88,-7,3,-7,98,0
0,0,74,39,3,16,6,0,0,100,-7,7,8,6,3,33,0,2,2,23,99,2,2,0,80,1
1,0,60,141,13,83,7,3,1,55,17,6,2,11,0,36,-7,1,1,80,-8,2,1,2,80,1
2,0,77,59,19,41,6,0,0,100,-7,7,8,6,0,50,4,2,1,0,93,0,2,-8,67,1
3,1,82,207,4,69,18,0,0,100,-7,7,8,22,2,16,4,2,2,0,-8,0,1,0,14,1
4,1,80,226,79,122,10,0,0,70,8,4,6,11,0,0,-7,0,0,1,-8,1,-8,0,33,1
5,1,89,168,22,85,31,0,0,100,-7,7,8,33,0,36,21,0,0,2,-8,2,1,0,33,1
6,0,54,35,14,22,6,1,1,83,6,0,6,6,0,67,-7,2,2,79,86,1,3,1,100,1
7,0,69,80,9,39,9,0,0,100,-7,7,8,9,1,11,0,1,1,42,-8,5,1,2,75,1
8,1,91,340,2,125,16,0,0,100,-7,7,8,18,2,17,-8,0,0,5,-8,1,1,0,29,1
9,0,51,169,5,70,19,0,0,62,2,4,6,21,1,33,0,0,0,87,48,5,2,4,64,1
10,1,91,296,49,163,14,0,0,100,-7,7,8,15,0,20,-8,0,0,2,-8,1,-8,0,17,1
11,0,69,261,2,88,23,0,0,84,0,4,6,26,6,24,2,2,1,16,100,2,3,0,38,1
12,0,72,48,10,26,4,0,0,100,-7,7,8,4,1,25,-7,1,1,54,-8,3,1,0,100,1
13,0,88,229,20,102,22,0,0,100,-7,7,8,22,0,27,0,0,0,5,-8,2,1,0,50,1
14,1,63,74,4,42,13,0,0,92,2,4,6,13,1,23,0,0,0,71,73,4,2,2,100,1
15,0,61,206,5,89,30,0,0,90,34,6,6,30,2,20,0,1,1,61,28,10,2,5,72,1
16,1,77,206,5,80,27,0,0,96,31,6,6,28,2,43,0,2,2,31,60,5,2,0,70,1
17,0,57,66,5,36,19,0,0,95,-8,5,6,19,2,63,0,1,1,92,61,5,3,2,100,1
18,0,65,159,28,49,11,0,0,91,14,6,6,22,0,27,9,0,0,52,-8,4,1,1,83,1
19,0,65,317,5,132,12,2,1,80,10,3,2,15,4,20,0,9,7,43,90,7,2,2,100,1
20,0,68,53,10,24,13,2,2,100,-7,6,8,2,3,46,2,4,4,4,-8,3,1,0,57,1
21,0,-9,-9,-9,-9,-9,-9,-9,-9,-9,-9,-9,-9,-9,-9,-9,-9,-9,-9,-9,-9,-9,-9,-9,1
22,0,82,295,40,116,5,0,0,100,-7,7,8,5,0,40,6,0,0,58,-8,1,1,0,67,1
23,0,-9,-9,-9,-9,-9,-9,-9,-9,-9,-9,-9,-9,-9,-9,-9,-9,-9,-9,-9,-9,-9,-9,-9,1
24,1,92,421,42,161,17,0,0,100,-7,7,8,19,0,42,0,0,0,0,-8,1,-8,0,50,1
25,1,75,349,5,111,33,0,0,94,15,6,6,33,1,48,4,1,1,31,69,6,3,0,77,1
26,1,75,278,75,123,6,0,0,83,20,6,6,6,0,17,0,1,1,7,-8,2,-8,-8,75,1
27,1,89,136,17,77,7,0,0,100,-7,7,8,6,0,14,-7,0,0,6,-8,2,1,0,75,1
28,0,66,176,7,83,17,0,0,94,8,4,6,17,1,35,-7,0,0,64,-8,2,1,2,57,1
29,1,91,287,15,161,22,0,0,100,-7,7,8,23,0,30,15,0,0,1,19,1,2,0,23,1
30,0,57,121,7,65,18,0,0,73,0,4,6,22,1,14,-7,0,0,56,48,9,2,3,92,1
31,1,79,173,3,89,12,0,0,100,-7,7,8,12,2,25,0,0,0,30,87,4,3,1,80,1
32,1,64,217,39,104,15,0,0,88,10,4,6,16,0,50,1,2,2,56,10,3,2,2,83,1
33,1,86,228,2,79,42,0,0,100,-7,7,8,17,4,20,0,6,6,9,-8,7,1,0,50,1
34,1,80,230,6,84,34,0,0,94,24,6,6,34,1,32,1,2,2,11,47,5,2,0,64,1
35,0,61,46,2,23,9,1,1,100,-7,6,8,10,2,40,1,5,4,56,72,5,2,0,88,1
36,1,86,398,1,104,33,0,0,100,-7,7,8,35,1,18,1,2,2,6,47,4,3,0,62,1
37,0,66,152,5,74,20,2,2,87,13,5,2,23,2,52,5,1,1,0,57,0,3,-8,75,1
38,1,75,499,2,88,33,0,0,100,-7,7,8,36,4,53,1,4,4,29,80,7,6,2,72,1
39,1,60,131,6,50,31,0,0,100,-7,7,8,31,2,35,10,0,0,75,54,14,5,8,95,1
40,1,86,212,7,90,26,0,0,100,-7,7,8,29,1,21,-8,0,0,10,-8,1,2,0,57,1
41,0,70,117,12,56,11,0,0,100,-7,7,8,11,0,27,0,1,1,99,6,4,1,2,100,1
42,1,71,82,1,87,20,0,0,100,-7,7,8,3,3,33,1,2,2,64,100,4,2,3,60,1
43,0,68,89,8,52,20,0,0,86,55,6,6,21,2,14,0,1,1,29,79,7,2,0,67,1
44,1,70,308,4,77,41,1,1,95,2,0,2,42,3,29,0,2,2,6,78,4,7,1,48,1
45,0,58,78,9,33,8,2,2,100,-7,6,8,9,2,44,0,1,1,87,49,2,4,1,100,1
46,1,78,238,18,106,30,0,0,93,55,6,6,30,0,27,0,1,1,13,73,2,4,0,58,1
47,0,57,346,25,68,13,1,1,73,4,4,6,26,0,53,9,0,0,0,53,2,4,0,67,1
48,1,69,201,9,66,37,0,0,97,0,4,6,17,2,30,9,0,0,2,46,5,2,1,32,1
49,1,62,188,7,96,23,5,3,74,12,6,2,12,1,35,-7,2,2,23,40,4,4,0,67,1
50,1,82,295,16,108,18,0,0,100,-7,7,8,18,0,39,0,0,0,36,47,2,2,1,40,1
51,0,65,399,15,147,11,2,2,80,5,0,2,15,0,7,0,1,1,30,-8,6,-8,0,60,1
52,0,-9,-9,-9,-9,-9,-9,-9,-9,-9,-9,-9,-9,-9,-9,-9,-9,-9,-9,-9,-9,-9,-9,-9,1
53,1,76,160,4,62,20,0,0,100,-7,7,8,20,4,40,0,0,0,17,94,5,6,1,85,1
54,1,90,174,31,98,13,0,0,100,-7,7,8,13,0,38,14,0,0,8,-8,1,1,0,40,1
55,1,71,385,4,89,23,0,0,96,55,6,6,23,2,39,12,0,0,53,59,8,3,3,85,1
56,1,-9,-9,-9,-9,-9,-9,-9,-9,-9,-9,-9,-9,-9,-9,-9,-9,-9,-9,-9,-9,-9,-9,-9,1
57,0,62,89,4,30,17,0,0,100,-7,7,8,17,3,47,0,0,0,82,75,7,3,4,100,1
58,1,70,335,3,105,35,2,2,87,34,6,4,39,5,33,0,2,2,27,6,10,3,1,88,1
59,0,69,188,20,80,18,3,3,85,23,6,2,3,0,40,-7,5,5,16,-8,5,-8,0,83,1
60,0,70,85,3,23,18,1,1,89,45,6,4,19,7,47,0,4,4,28,69,6,4,1,77,1
61,0,-9,-9,-9,-9,-9,-9,-9,-9,-9,-9,-9,-9,-9,-9,-9,-9,-9,-9,-9,-9,-9,-9,-9,1
62,0,62,114,8,48,42,0,0,100,-7,7,8,42,2,24,0,1,1,26,-8,10,1,3,52,1
63,0,71,80,6,45,27,0,0,100,-7,7,8,27,1,33,0,0,0,43,96,3,3,1,46,1
64,1,76,133,26,69,5,0,0,80,25,6,6,5,0,60,-7,1,1,13,65,1,2,0,75,1
65,0,61,172,24,80,4,1,0,43,7,4,5,7,0,14,0,2,2,91,-8,4,-8,3,80,1
66,1,84,153,0,62,11,0,0,100,-7,7,8,19,2,33,0,1,1,11,-8,2,-8,1,40,1
67,0,66,99,7,51,27,2,2,85,28,6,6,29,3,15,0,0,0,36,61,10,2,1,63,1
68,0,70,84,1,46,16,0,0,94,-7,5,7,23,2,11,0,2,2,86,91,7,1,4,80,1
69,1,70,-8,7,64,13,1,1,93,29,6,2,14,2,36,-7,0,0,54,83,4,2,0,100,1
70,1,80,80,4,39,18,0,0,100,-7,7,8,18,2,28,0,2,2,7,87,1,2,0,27,1
71,1,83,130,7,62,15,0,0,100,-7,7,8,15,1,33,6,0,0,13,-8,3,1,0,57,1
72,1,85,127,9,58,22,0,0,100,-7,7,8,22,2,50,0,0,0,2,-8,1,1,0,33,1
73,0,86,155,69,127,9,0,0,100,-7,7,8,9,0,44,-8,0,0,12,-8,2,-8,0,100,1
74,0,59,198,6,89,29,3,2,79,21,6,2,34,1,38,-7,3,3,38,98,11,1,1,86,1
75,0,36,377,1,113,10,7,2,63,0,0,5,17,2,19,0,0,0,59,78,8,3,2,85,1
76,1,68,206,3,63,19,0,0,89,21,6,6,19,4,26,0,1,1,49,60,5,2,1,88,1
77,1,60,273,3,126,32,4,4,89,2,4,6,35,3,11,0,0,0,37,74,16,2,0,95,1
78,1,88,217,7,94,12,0,0,100,-7,7,8,12,1,17,-8,0,0,6,-8,3,-8,0,38,1
79,1,71,229,14,104,35,0,0,100,-7,7,8,36,0,22,19,0,0,74,65,6,3,1,69,1
80,0,69,380,2,87,12,0,0,92,37,6,6,13,7,23,0,0,0,88,86,6,2,2,80,1
81,0,76,153,19,72,20,0,0,100,-7,7,8,20,0,10,-7,1,1,19,-8,2,1,1,25,1
82,0,68,42,1,20,13,0,0,100,-7,7,8,16,6,31,0,8,8,39,89,2,4,0,54,1
83,0,67,245,5,87,11,0,0,77,2,4,6,14,1,23,2,2,2,28,-8,2,-8,0,40,1
84,1,85,273,4,109,29,0,0,100,-7,7,8,29,2,17,0,0,0,1,-8,4,1,0,43,1
85,1,88,196,5,85,32,0,0,100,-7,7,8,32,1,16,0,1,1,8,-8,1,-8,0,10,1
86,0,66,79,3,31,19,0,0,100,-7,7,8,20,1,45,0,5,5,81,68,6,4,1,100,1
87,1,84,196,11,84,18,0,0,100,-7,7,8,4,1,47,-8,0,0,0,89,1,3,0,67,1
88,0,67,-8,6,57,18,1,1,100,-7,6,8,0,3,44,-7,5,5,31,77,4,2,1,86,1
89,0,70,134,6,67,19,0,0,95,57,6,6,20,3,45,0,0,0,52,78,2,3,2,63,1
90,0,67,77,3,109,21,0,0,86,3,4,6,4,2,19,-7,3,3,22,83,5,1,0,60,1
91,1,88,182,17,83,9,0,0,100,-7,7,8,9,0,44,-7,0,0,10,15,2,2,0,67,1
92,0,73,221,13,72,12,0,0,92,37,6,6,12,0,25,-7,0,0,94,18,2,2,2,67,1
93,0,69,232,1,59,16,0,0,95,22,6,6,57,6,47,0,5,5,54,74,2,5,-8,78,1
94,0,61,96,3,28,9,1,1,80,8,4,2,16,3,40,-7,0,0,26,99,3,2,1,63,1
95,1,67,284,5,84,44,0,0,100,-7,7,8,45,1,27,2,1,1,48,50,11,3,4,70,1
96,0,56,150,12,80,22,0,0,83,1,4,6,23,0,13,0,0,0,85,-8,8,-8,4,100,1
97,0,60,9,3,5,5,0,0,100,-7,7,8,5,5,20,0,7,7,36,-8,2,1,1,80,1
98,1,91,181,36,103,15,0,0,100,-7,7,8,14,0,20,-7,1,0,2,-8,1,1,0,29,1
99,0,54,424,0,147,7,4,2,73,19,6,2,12,3,27,0,4,4,61,91,6,2,1,89,1
100,0,55,152,66,113,13,7,6,65,4,0,2,23,0,22,0,1,1,56,-8,2,1,2,57,1
101,1,83,208,10,100,40,0,0,98,-8,6,6,40,2,48,-8,0,0,13,88,4,2,0,43,1
102,0,57,92,29,65,5,2,2,67,27,6,4,7,0,50,0,1,1,28,-8,2,1,-8,75,1
103,0,66,145,6,91,18,1,1,100,-7,6,8,19,1,21,0,2,2,67,8,7,2,3,69,1
104,1,82,123,3,38,10,0,0,100,-7,7,8,10,2,40,0,3,3,6,-8,2,1,0,60,1
105,1,88,184,8,85,22,0,0,100,-7,6,7,22,1,41,4,1,1,10,92,1,2,0,60,1
106,0,45,56,10,35,4,3,3,75,2,0,6,4,1,25,-7,4,4,68,69,1,1,0,50,1
107,0,72,118,8,48,19,1,0,95,60,6,5,20,1,45,21,0,0,53,88,5,4,0,100,1
108,1,79,199,12,87,12,0,0,92,9,4,6,14,0,17,-7,0,0,1,-8,3,1,0,67,1
109,0,82,115,4,45,16,0,0,100,-7,7,8,16,3,63,0,0,0,0,92,1,3,0,50,1
110,0,66,269,5,72,9,0,0,80,16,6,6,10,3,30,10,0,0,98,-8,4,1,1,83,1
111,0,75,106,2,41,8,0,0,100,-7,7,8,9,2,44,2,5,5,42,79,3,2,1,83,1
112,0,58,189,2,82,41,1,0,85,21,6,5,15,2,11,-7,2,0,49,-8,10,1,5,46,1
113,0,70,23,1,11,12,0,0,100,-7,7,8,13,8,8,0,1,1,17,89,4,1,1,56,1
114,1,89,348,11,103,11,0,0,100,-7,7,8,11,1,27,10,0,0,10,83,3,1,0,57,1
115,1,59,28,2,13,6,0,0,100,-7,7,8,7,4,43,0,0,0,98,77,3,3,3,100,1
116,1,68,148,7,65,17,0,0,83,31,6,6,18,1,44,0,0,0,28,48,2,2,2,40,1
117,1,84,172,8,83,20,0,0,100,-7,7,8,22,1,14,0,1,1,6,-8,3,1,0,67,1
118,0,79,209,5,77,28,0,0,100,-7,7,8,28,3,29,0,0,0,43,-8,4,2,2,55,1
119,0,64,252,29,127,3,1,1,100,-7,6,8,3,0,100,-8,0,0,-8,4,-8,1,-8,100,1
120,0,73,132,9,47,4,0,0,100,-7,7,8,4,1,75,-7,0,0,94,-8,1,1,1,100,1
121,0,-9,-9,-9,-9,-9,-9,-9,-9,-9,-9,-9,-9,-9,-9,-9,-9,-9,-9,-9,-9,-9,-9,-9,1
122,1,78,188,5,106,40,0,0,100,-7,7,8,34,3,28,2,1,1,5,51,6,5,0,52,1
123,0,66,165,13,55,15,3,3,94,69,6,2,17,0,76,0,4,3,86,76,1,3,1,80,1
124,0,60,155,15,53,16,1,1,81,5,4,6,16,0,44,5,0,0,79,-8,5,1,2,86,1
125,1,59,278,1,135,32,2,2,71,4,0,2,34,2,15,0,1,1,3,58,8,2,0,52,1
126,0,75,172,2,47,10,0,0,100,-7,7,8,11,5,18,0,1,1,32,-8,5,-8,1,83,1
127,0,69,217,44,118,30,1,0,94,8,4,5,23,0,25,8,0,0,10,-8,9,-8,1,75,1
128,0,60,188,31,136,12,1,0,65,4,4,5,17,0,47,0,3,3,51,54,4,2,1,100,1
129,1,84,245,10,113,16,0,0,94,17,6,6,17,1,12,-7,0,0,6,-8,2,-8,0,40,1
130,1,82,182,6,106,10,0,0,100,-7,7,8,10,1,30,0,0,0,65,-8,2,2,0,80,1
131,0,80,116,6,49,13,0,0,92,67,6,6,13,1,69,-7,2,2,1,73,1,3,0,67,1
132,0,66,195,13,67,19,0,0,95,0,4,6,20,0,42,3,1,1,23,83,3,3,0,88,1
133,1,85,112,20,70,11,0,0,100,-7,7,8,11,0,73,0,0,0,12,-8,1,1,0,100,1
134,1,84,140,2,54,8,0,0,100,-7,7,8,9,2,33,3,2,1,10,89,1,3,0,67,1
135,0,63,257,12,84,31,0,0,97,14,6,6,61,0,29,0,4,4,70,73,10,3,5,70,1
136,0,68,130,8,51,30,2,2,97,71,6,6,36,2,53,0,0,0,59,24,5,4,0,75,1
137,0,59,116,10,70,3,1,1,75,11,0,2,4,1,100,0,1,1,-8,77,-8,2,-8,100,1
138,0,64,212,2,61,33,1,0,87,11,4,5,39,7,49,-7,10,10,0,100,1,5,0,50,1
139,1,88,194,36,95,12,0,0,100,-7,7,8,15,0,53,-7,0,0,3,-8,1,1,0,50,1
140,1,73,126,2,80,23,1,1,88,12,6,2,25,1,24,0,1,1,25,-8,2,1,0,43,1
141,1,89,404,55,170,7,0,0,100,-7,7,8,8,0,38,-8,0,0,0,-8,1,-8,-8,33,1
142,0,79,161,5,85,7,0,0,100,-7,7,8,9,2,78,0,3,3,14,-8,2,1,0,100,1
143,1,79,170,31,86,4,0,0,100,-7,7,8,4,0,25,-8,0,0,71,-8,3,1,1,100,1
144,0,63,95,3,37,19,2,2,100,-7,6,8,19,4,37,-7,2,2,43,67,5,4,1,69,1
145,1,70,234,10,93,27,0,0,89,12,6,6,27,1,44,0,2,2,51,100,5,2,2,70,1
146,0,71,206,2,85,34,0,0,100,-7,7,8,35,1,34,0,1,1,95,61,5,2,5,70,1
147,0,82,223,22,87,21,1,0,68,12,6,5,25,0,16,0,0,0,0,-8,0,1,0,20,1
148,0,75,146,1,69,16,0,0,100,-7,7,8,20,6,25,-7,2,2,43,98,3,2,0,63,1
149,0,-9,-9,-9,-9,-9,-9,-9,-9,-9,-9,-9,-9,-9,-9,-9,-9,-9,-9,-9,-9,-9,-9,-9,1
150,1,60,189,3,80,42,0,0,95,30,6,6,42,5,33,3,1,1,60,76,15,11,5,84,1
151,1,87,433,87,198,6,0,0,100,-7,7,8,7,0,0,0,0,0,13,-8,1,-8,0,25,1
152,1,80,248,9,141,27,0,0,100,-7,7,8,30,1,30,-7,1,1,23,91,2,3,1,56,1
153,1,55,106,4,51,18,1,1,76,2,0,2,22,3,57,3,1,1,22,38,4,2,0,67,1
154,0,57,164,7,62,16,1,1,72,2,4,3,19,2,47,0,1,1,67,62,5,2,3,100,1
155,1,64,116,14,47,43,0,0,100,-7,7,8,48,0,15,0,1,1,59,78,15,2,3,91,1
156,1,84,165,1,84,18,0,0,100,-7,7,8,20,1,50,2,1,1,12,63,4,1,0,71,1
157,0,58,79,6,40,43,0,0,100,-7,7,8,43,3,49,0,2,2,59,96,8,2,4,77,1
158,1,79,114,9,49,28,0,0,100,-7,7,8,28,2,36,0,1,1,2,42,3,3,0,43,1
159,1,79,198,24,102,9,1,1,90,54,6,2,10,0,40,0,0,0,1,-8,2,1,0,43,1
160,0,81,-8,2,79,18,0,0,100,-7,7,8,0,2,42,-7,2,2,21,73,4,3,0,78,1
161,0,65,26,2,13,8,0,0,100,-7,7,8,11,4,45,0,2,2,39,83,5,2,0,88,1
162,0,87,204,1,78,45,0,0,100,-7,7,8,46,2,59,14,0,0,1,95,3,2,0,50,1
163,1,63,325,3,92,29,0,0,93,12,6,6,30,2,52,-7,2,2,63,65,8,4,3,75,1
164,1,60,12,2,7,1,1,1,100,-7,7,8,3,1,50,0,3,3,18,-8,1,-8,-8,100,1
165,0,-9,-9,-9,-9,-9,-9,-9,-9,-9,-9,-9,-9,-9,-9,-9,-9,-9,-9,-9,-9,-9,-9,-9,1
166,0,77,215,10,85,35,0,0,97,29,6,6,35,1,20,-8,0,0,40,-8,3,1,3,29,1
167,1,84,166,7,92,10,0,0,100,-7,7,8,10,1,40,6,0,0,44,83,2,2,0,80,1
168,1,71,350,13,122,24,1,0,88,3,4,5,25,0,28,8,0,0,13,53,3,3,0,58,1
169,0,66,236,11,74,26,2,0,90,8,4,2,29,1,17,0,0,0,77,-8,4,1,2,100,1
170,1,82,418,9,58,21,0,0,100,-7,7,8,37,1,24,1,2,2,5,-8,1,1,0,29,1
171,1,85,167,2,58,11,0,0,100,-7,7,8,12,2,42,-7,2,2,15,-8,2,1,0,75,1
172,0,55,194,26,100,18,0,0,84,1,4,6,11,0,42,23,0,0,84,48,5,3,3,100,1
173,1,89,490,6,99,18,0,0,100,-7,7,8,18,2,39,-7,0,0,2,52,2,2,0,57,1
174,0,62,106,8,46,21,0,0,95,9,4,6,21,3,33,0,6,6,62,81,3,4,1,78,1
175,0,62,164,1,51,31,0,0,91,3,4,6,32,2,28,0,1,1,17,62,8,3,2,52,1
176,0,88,188,17,107,9,0,0,100,-7,7,8,16,0,33,-7,0,0,0,69,1,2,0,57,1
177,1,85,141,12,71,14,0,0,100,-7,7,8,16,0,21,-7,0,0,1,47,2,2,0,44,1
178,0,65,186,6,84,6,1,0,71,9,3,5,7,1,14,0,2,2,56,-8,2,1,-8,75,1
179,0,76,177,3,53,28,0,0,100,-7,7,8,29,4,64,-7,2,2,1,81,3,11,0,82,1
180,1,-9,-9,-9,-9,-9,-9,-9,-9,-9,-9,-9,-9,-9,-9,-9,-9,-9,-9,-9,-9,-9,-9,-9,1
181,1,70,150,26,165,31,0,0,95,1,4,6,10,0,37,1,3,3,7,-8,4,2,0,46,1
182,0,75,221,12,64,35,0,0,94,9,4,6,36,0,36,11,0,0,18,59,3,4,0,44,1
183,0,61,261,7,95,28,0,0,89,7,4,6,28,1,39,0,1,1,67,68,10,3,3,93,1
184,1,55,139,3,65,51,0,0,98,2,4,6,51,3,27,0,11,9,80,-8,17,2,10,79,1
185,0,73,72,4,30,13,0,0,100,-7,7,8,13,3,62,0,9,8,41,88,3,5,0,80,1
186,0,75,282,2,59,22,0,0,87,21,6,6,23,2,30,0,1,1,17,69,6,3,0,60,1
187,1,81,244,8,68,26,0,0,96,40,6,6,28,2,12,0,2,2,2,-8,1,-8,0,6,1
188,0,65,298,16,102,28,0,0,79,8,4,6,29,0,45,0,1,1,41,72,4,3,2,73,1
189,1,88,294,5,84,15,0,0,100,-7,7,8,15,2,53,4,1,1,2,82,2,2,0,50,1
190,0,56,239,3,98,12,0,0,75,1,4,6,12,1,25,0,3,3,69,82,7,3,2,100,1
191,0,66,193,6,68,23,0,0,88,5,4,6,24,1,21,4,1,1,3,72,4,3,0,50,1
192,0,68,-8,1,18,7,0,0,100,-7,7,8,8,4,38,-7,9,7,37,-8,2,1,0,67,1
193,0,70,115,3,124,30,1,1,94,8,0,2,8,2,23,3,4,4,39,77,6,2,2,53,1
194,0,66,133,43,95,16,0,0,94,-8,6,6,17,0,71,0,5,4,30,-8,2,1,1,100,1
195,0,78,174,2,98,18,0,0,95,-8,6,6,20,2,55,0,1,1,23,57,1,4,0,75,1
196,0,66,88,6,38,18,0,0,95,39,6,6,19,6,47,0,2,2,87,87,3,5,1,80,1
197,0,54,114,12,49,9,3,3,64,4,0,2,12,0,27,0,0,0,62,14,6,2,1,100,1
198,1,79,142,20,74,23,0,0,100,-7,7,8,25,0,28,0,1,1,23,-8,3,1,0,83,1
199,0,79,210,7,96,24,0,0,92,6,4,6,24,1,21,0,2,2,18,45,4,3,0,58,1
200,0,63,141,6,28,2,0,0,50,30,6,6,10,1,0,6,0,0,72,-8,2,-8,0,100,1
201,1,70,200,6,95,23,0,0,96,14,6,6,24,1,58,0,3,3,34,75,5,4,0,82,1
202,0,66,152,5,78,11,2,2,100,-7,6,8,12,1,36,0,1,1,86,64,4,2,1,86,1
203,1,86,149,3,68,31,0,0,100,-7,7,8,33,2,23,3,1,1,1,77,3,1,0,40,1
204,0,56,82,8,39,6,1,1,86,47,0,6,8,2,71,0,1,1,118,72,1,2,-8,100,1
205,0,64,164,8,71,25,1,0,92,7,4,6,26,3,38,0,3,3,58,84,3,3,0,67,1
206,1,89,379,156,257,3,0,0,100,-7,7,8,3,0,33,-7,0,0,0,-8,0,-8,-8,0,1
207,0,61,166,3,49,29,0,0,100,-7,7,8,29,4,31,0,1,1,56,68,7,4,3,73,1
208,1,78,228,1,98,18,0,0,100,-7,7,8,21,1,19,0,1,1,35,-8,6,-8,2,67,1
209,1,72,224,2,66,31,0,0,100,-7,7,8,33,3,24,0,0,0,28,69,9,2,0,61,1
210,1,85,225,0,78,42,0,0,100,-7,7,8,45,3,38,0,1,1,6,92,3,2,0,31,1
211,0,71,282,6,95,28,2,2,89,33,6,6,28,2,57,1,6,6,33,75,4,5,0,83,1
212,1,86,253,7,64,42,0,0,100,-7,7,8,66,1,19,13,0,0,1,41,2,2,0,17,1
213,0,-9,-9,-9,-9,-9,-9,-9,-9,-9,-9,-9,-9,-9,-9,-9,-9,-9,-9,-9,-9,-9,-9,-9,1
214,0,65,96,20,88,16,1,1,82,5,0,2,8,0,29,-7,0,0,50,12,4,2,1,64,1
215,1,77,126,1,53,31,0,0,100,-7,7,8,33,3,24,11,0,0,2,59,3,2,0,56,1
216,0,66,341,6,81,31,4,4,86,37,6,3,35,3,43,0,0,0,68,72,8,7,2,89,1
217,1,85,143,26,79,26,0,0,100,-7,7,8,27,0,15,0,2,2,3,-8,3,1,0,50,1
218,0,56,191,0,76,53,1,1,100,-7,0,8,54,7,48,-7,3,3,51,60,13,5,1,78,1
219,1,82,234,4,90,36,0,0,97,28,6,6,17,4,29,7,0,0,14,62,4,1,1,50,1
220,1,80,264,5,53,16,0,0,100,-7,7,8,27,1,75,-8,0,0,42,23,2,3,0,83,1
221,0,68,213,1,96,31,0,0,100,-7,7,8,33,2,18,1,3,3,81,76,15,2,7,95,1
222,0,58,146,3,48,23,1,0,80,22,5,5,25,6,24,-7,1,1,61,85,10,2,1,80,1
223,1,79,171,34,95,6,0,0,100,-7,7,8,6,0,67,6,0,0,-8,-8,-8,1,-8,100,1
224,0,66,265,6,101,32,3,2,86,8,4,2,36,4,33,0,1,1,39,-8,7,1,1,89,1
225,0,68,13,13,13,1,0,0,100,-7,7,8,1,0,100,0,1,1,-8,-8,-8,1,-8,100,1
226,0,64,120,8,38,8,0,0,100,-7,7,8,8,1,38,10,0,0,93,67,4,3,4,100,1
227,1,59,126,12,58,18,2,1,85,5,2,4,24,0,30,0,10,10,95,42,5,3,2,80,1
228,0,63,-8,2,51,11,2,2,88,1,0,2,16,4,50,-7,3,3,12,87,1,4,0,56,1
229,1,80,150,1,65,27,0,0,100,-7,7,8,29,5,17,6,0,0,29,-8,3,1,1,67,1
230,1,79,190,16,151,15,0,0,100,-7,7,8,17,0,35,-7,1,1,35,15,4,2,1,75,1
231,1,70,-8,2,103,7,1,1,100,-7,6,8,0,2,25,-8,0,0,78,81,4,1,1,83,1
232,1,80,116,2,62,24,0,0,100,-7,7,8,26,1,23,0,1,1,23,81,3,2,1,83,1
233,1,86,186,2,77,24,0,0,100,-7,7,8,25,1,20,0,0,0,9,-8,2,1,0,21,1
234,1,84,-8,16,66,11,0,0,100,-7,7,8,0,0,50,10,0,0,4,-8,2,1,0,67,1
235,1,73,207,4,68,25,0,0,96,17,6,6,26,4,46,0,4,3,0,-8,2,1,0,43,1
236,1,86,275,13,87,18,0,0,100,-7,7,8,18,0,33,0,0,0,8,-8,4,-8,0,50,1
237,0,56,154,9,68,19,1,0,75,3,4,5,20,2,30,0,0,0,55,92,5,3,2,80,1
238,1,77,210,6,85,36,0,0,100,-7,7,8,39,1,19,-7,1,1,30,53,3,2,1,31,1
239,1,68,219,18,127,20,1,0,91,4,3,5,23,0,14,4,1,1,21,91,4,3,1,88,1
240,0,82,189,2,86,13,0,0,100,-7,7,8,14,3,57,-7,3,3,18,81,2,3,1,71,1
241,1,-9,-9,-9,-9,-9,-9,-9,-9,-9,-9,-9,-9,-9,-9,-9,-9,-9,-9,-9,-9,-9,-9,-9,1
242,0,59,302,10,137,24,2,1,88,2,4,5,39,1,32,1,2,2,50,75,3,4,0,70,1
243,0,82,163,18,86,14,0,0,100,-7,7,8,14,0,7,5,1,0,35,70,3,1,0,83,1
244,0,60,255,2,99,9,1,0,50,4,4,5,14,1,43,0,1,1,64,56,4,4,2,80,1
245,1,80,136,3,49,24,0,0,100,-7,7,8,25,2,20,-7,2,2,11,-8,2,1,0,38,1
246,1,68,106,3,54,29,1,1,87,51,6,2,31,2,65,0,1,1,85,73,3,5,2,100,1
247,1,76,183,1,65,30,0,0,100,-7,7,8,32,3,19,-7,2,2,21,100,3,2,0,50,1
248,0,70,250,11,60,15,0,0,100,-7,7,8,15,2,40,2,2,2,63,-8,5,2,2,100,1
249,0,68,181,6,98,2,1,1,67,66,6,3,3,1,100,-7,0,0,-8,-8,-8,1,-8,100,1
250,0,63,148,2,56,31,1,1,97,67,6,2,38,5,45,0,3,3,82,-8,9,2,6,92,1
251,1,79,135,3,59,29,0,0,100,-7,7,8,31,3,45,0,1,1,2,51,2,4,1,60,1
252,1,65,150,5,47,24,1,1,84,11,4,3,36,1,28,0,2,2,51,93,7,2,1,69,1
253,1,87,203,3,93,22,0,0,100,-7,7,8,23,2,22,0,0,0,4,67,5,2,0,47,1
254,1,64,209,15,62,43,0,0,100,-7,7,8,43,0,47,3,2,2,91,47,3,2,2,63,1
255,1,89,171,3,90,14,0,0,100,-7,7,8,15,1,27,3,1,1,3,29,1,2,0,60,1
256,1,68,89,13,52,10,1,0,73,10,4,5,11,0,82,7,0,0,0,71,0,4,0,67,1
257,0,61,128,11,60,11,4,3,73,42,6,2,15,1,60,-7,3,3,47,91,1,5,0,86,1
258,0,-9,-9,-9,-9,-9,-9,-9,-9,-9,-9,-9,-9,-9,-9,-9,-9,-9,-9,-9,-9,-9,-9,-9,1
259,1,70,281,9,55,14,0,0,93,8,4,6,15,2,57,14,0,0,58,45,2,3,1,71,1
260,1,89,169,10,109,14,0,0,100,-7,7,8,15,1,27,21,0,0,37,-8,1,-8,0,33,1
261,0,58,192,5,95,21,0,0,90,3,4,6,21,4,10,0,2,2,51,-8,5,-8,4,38,1
262,0,62,159,6,67,14,0,0,86,3,4,6,18,3,36,0,2,2,71,93,2,3,1,83,1
263,1,81,119,6,54,15,0,0,100,-7,7,8,16,1,20,-7,0,0,26,-8,4,1,0,56,1
264,0,-9,-9,-9,-9,-9,-9,-9,-9,-9,-9,-9,-9,-9,-9,-9,-9,-9,-9,-9,-9,-9,-9,-9,1
265,0,76,71,6,34,13,0,0,100,-7,7,8,15,2,40,0,1,1,27,83,2,3,0,63,1
266,0,70,214,1,74,41,0,0,98,41,6,6,42,3,21,1,1,1,69,-8,15,3,3,95,1
267,0,-9,-9,-9,-9,-9,-9,-9,-9,-9,-9,-9,-9,-9,-9,-9,-9,-9,-9,-9,-9,-9,-9,-9,1
268,0,70,122,2,59,23,0,0,96,1,4,6,25,4,52,1,1,1,11,65,2,4,1,67,1
269,1,86,136,7,82,11,0,0,100,-7,7,8,11,1,9,-7,1,1,6,-8,2,-8,0,50,1
270,0,70,183,3,69,20,1,0,79,0,3,5,24,2,42,3,1,1,16,80,5,3,0,80,1
271,1,69,375,20,107,17,2,1,79,49,6,5,8,0,37,16,0,0,0,-8,0,2,0,50,1
272,0,78,-8,1,102,12,0,0,86,17,6,6,0,2,57,-7,0,0,16,101,3,4,0,89,1
273,1,91,450,29,196,12,0,0,100,-7,7,8,12,0,8,-8,0,0,6,-8,2,-8,0,67,1
274,0,70,156,42,82,4,1,1,100,-7,6,8,10,0,0,-8,0,0,-8,-8,1,-8,-8,100,1
275,1,70,122,1,64,26,1,1,97,3,0,2,12,3,30,9,0,0,20,100,3,2,0,38,1
276,1,79,133,2,68,27,0,0,100,-7,7,8,30,3,36,0,4,4,1,93,4,2,0,60,1
277,1,54,189,6,85,7,1,0,50,3,3,5,10,1,40,0,0,0,81,-8,4,1,1,100,1
278,1,79,197,17,100,15,0,0,93,29,6,6,15,0,40,5,1,1,48,26,1,2,1,75,1
279,1,66,437,4,113,27,9,9,96,51,0,6,33,2,11,8,0,0,17,85,3,1,0,31,1
280,1,80,130,4,57,24,0,0,100,-7,7,8,24,3,38,4,1,1,41,43,3,3,0,46,1
281,1,63,284,1,92,40,0,0,93,2,4,6,29,1,12,-8,0,0,45,69,7,3,3,59,1
282,1,83,289,25,115,15,0,0,100,-7,7,8,35,0,40,24,0,0,15,31,2,2,1,57,1
283,1,63,309,23,114,21,2,1,78,14,6,5,24,0,26,0,0,0,43,72,5,2,1,54,1
284,0,73,345,11,74,25,0,0,92,34,6,6,25,1,20,0,0,0,54,46,6,2,3,62,1
285,1,73,153,3,75,46,0,0,100,-7,7,8,46,8,17,1,2,2,38,89,3,5,2,44,1
286,1,78,263,23,102,19,0,0,95,31,6,6,19,0,42,14,0,0,17,29,6,3,0,82,1
287,0,67,140,12,80,11,0,0,73,17,5,6,11,0,55,12,0,0,87,-8,4,1,3,100,1
288,1,85,197,4,81,26,0,0,100,-7,7,8,26,3,19,-7,3,3,4,6,2,2,0,29,1
289,1,71,75,2,29,14,0,0,100,-7,7,8,16,3,25,0,1,1,48,91,3,2,1,100,1
290,0,58,8,2,4,1,0,0,100,-7,7,8,3,3,0,0,46,46,70,-8,3,-8,2,100,1
291,0,88,293,26,75,19,0,0,100,-7,7,8,35,0,16,-8,0,0,1,-8,1,1,0,33,1
292,1,71,155,1,71,24,0,0,100,-7,7,8,25,3,32,3,3,3,54,-8,3,1,1,100,1
293,0,58,100,14,62,33,1,1,94,2,4,6,34,0,35,1,3,3,44,99,5,3,2,73,1
294,0,64,114,8,55,24,0,0,92,14,6,6,26,3,35,-7,2,2,41,85,6,2,2,73,1
295,0,74,16,2,9,2,0,0,100,-7,7,8,3,2,33,0,3,3,8,83,2,1,0,100,1
296,0,63,62,4,20,7,2,2,88,26,6,2,8,4,50,0,1,1,43,77,3,2,0,100,1
297,0,56,274,15,91,29,2,1,78,4,4,3,32,0,3,0,0,0,33,-8,14,-8,3,56,1
298,0,-9,-9,-9,-9,-9,-9,-9,-9,-9,-9,-9,-9,-9,-9,-9,-9,-9,-9,-9,-9,-9,-9,-9,1
299,1,70,160,4,76,25,0,0,96,36,6,6,25,2,16,6,0,0,47,43,7,3,1,67,1
300,1,74,173,4,96,37,0,0,100,-7,6,7,38,4,45,-7,3,3,41,97,3,2,0,36,1
301,0,72,410,2,147,7,1,1,100,-7,6,8,10,2,38,0,6,6,6,98,1,1,0,50,1
302,1,73,238,2,101,44,2,1,87,6,4,2,50,2,13,0,2,2,5,-8,4,1,0,29,1
303,1,70,204,20,114,27,0,0,85,4,4,6,27,0,19,-8,0,0,8,-8,2,1,0,50,1
304,1,81,356,13,116,28,0,0,100,-7,7,8,31,0,24,-7,0,0,34,-8,4,1,1,45,1
305,1,76,222,4,85,47,0,0,100,-7,7,8,47,2,28,0,0,0,37,59,4,4,0,53,1
306,1,86,287,15,117,23,0,0,100,-7,7,8,23,0,30,11,0,0,3,54,3,3,0,60,1
307,1,86,173,7,89,18,0,0,100,-7,7,8,18,1,33,6,0,0,1,19,2,2,0,36,1
308,1,-9,-9,-9,-9,-9,-9,-9,-9,-9,-9,-9,-9,-9,-9,-9,-9,-9,-9,-9,-9,-9,-9,-9,1
309,0,76,243,4,101,24,0,0,96,5,4,6,25,2,4,0,0,0,17,-8,7,-8,0,54,1
310,0,72,177,21,75,15,1,0,94,13,6,5,16,0,38,0,0,0,30,-8,5,1,1,86,1
311,0,57,23,8,56,4,2,1,67,16,6,4,1,1,33,1,2,2,92,75,1,1,-8,67,1
312,0,63,208,6,86,39,1,1,95,9,4,6,43,1,45,0,11,11,5,82,6,5,0,86,1
313,0,66,107,18,56,17,0,0,94,17,6,6,17,0,12,0,0,0,72,-8,10,-8,2,100,1
314,0,56,161,33,118,6,3,2,71,8,0,5,10,0,10,-8,0,0,81,-8,3,-8,2,75,1
315,0,65,216,5,89,50,0,0,96,44,5,6,51,2,43,0,3,2,88,56,12,7,8,90,1
316,0,80,-8,10,90,25,0,0,92,6,4,6,0,1,28,-7,0,0,8,55,4,3,0,73,1
317,0,58,39,4,22,12,0,0,83,6,4,6,12,3,8,0,3,3,45,100,6,1,1,88,1
318,1,89,218,4,87,24,0,0,100,-7,7,8,10,2,35,22,0,0,9,-8,1,1,0,20,1
319,1,78,124,6,67,25,0,0,100,-7,7,8,25,1,28,-7,0,0,13,-8,4,1,1,45,1
320,0,69,192,2,106,27,3,1,88,15,5,4,32,5,53,-7,2,2,15,23,4,4,0,67,1
321,1,87,147,1,69,8,0,0,100,-7,7,8,11,2,45,1,3,3,2,100,1,1,0,50,1
322,0,75,194,2,78,12,0,0,100,-7,7,8,13,2,62,-7,1,1,97,86,4,3,3,100,1
323,1,71,-8,4,43,15,0,0,93,44,6,6,15,1,53,-7,2,2,44,89,3,3,0,75,1
324,0,65,96,15,33,11,0,0,100,-7,7,8,12,0,9,-7,0,0,85,-8,6,1,3,100,1
325,0,83,306,27,113,17,0,0,100,-7,7,8,17,0,65,-8,0,0,43,33,3,2,0,83,1
326,0,70,83,7,48,7,1,0,88,40,6,5,8,1,13,2,1,1,38,-8,3,1,0,67,1
327,1,82,151,4,66,10,1,0,91,51,6,5,13,2,23,10,0,0,0,-8,0,1,-8,33,1
328,1,65,116,1,58,24,1,1,100,-7,7,8,38,6,59,0,7,7,35,78,3,7,2,71,1
329,0,61,43,3,23,25,0,0,100,-7,7,8,25,6,0,0,6,3,44,-8,12,-8,3,52,1
330,1,59,219,4,84,30,1,0,91,26,6,5,32,3,44,2,4,4,41,89,9,4,3,76,1
331,0,-9,-9,-9,-9,-9,-9,-9,-9,-9,-9,-9,-9,-9,-9,-9,-9,-9,-9,-9,-9,-9,-9,-9,1
332,0,68,46,12,31,11,0,0,91,13,6,6,11,0,36,0,0,0,33,56,4,2,0,86,1
333,1,75,116,2,61,41,0,0,100,-7,7,8,42,1,17,0,2,1,34,-8,2,-8,1,22,1
334,1,80,220,28,79,25,0,0,100,-7,7,8,29,0,41,16,0,0,51,49,4,5,1,69,1
335,1,81,218,4,68,53,0,0,100,-7,7,8,9,3,25,5,0,0,26,40,4,3,1,54,1
336,1,64,130,1,33,13,0,0,100,-7,7,8,14,6,0,4,1,1,64,-8,7,-8,3,78,1
337,0,59,192,10,37,17,0,0,88,19,5,6,18,1,59,0,2,2,49,84,4,3,-8,78,1
338,1,81,401,2,126,20,0,0,100,-7,7,8,31,2,18,2,1,1,26,-8,2,1,1,40,1
339,0,63,175,3,64,15,1,0,65,3,4,5,17,3,24,0,4,4,11,-8,5,1,0,75,1
340,1,73,412,37,192,23,0,0,87,24,6,6,55,0,26,5,0,0,38,-8,11,1,1,100,1
341,0,62,168,1,67,16,2,2,89,6,0,2,20,1,42,20,0,0,89,91,2,2,1,83,1
342,0,74,92,10,57,21,2,2,92,45,6,2,24,1,29,0,0,0,21,64,4,3,0,70,1
343,1,82,395,21,153,35,0,0,100,-7,7,8,36,0,25,0,0,0,18,-8,4,1,0,60,1
344,0,50,214,3,77,22,0,0,83,1,4,6,24,3,46,0,2,2,82,69,12,6,6,100,1
345,0,58,118,21,66,14,3,0,75,3,4,5,20,0,30,0,0,0,62,66,5,4,0,90,1
346,1,82,141,10,73,26,0,0,100,-7,7,8,9,1,50,5,0,0,28,52,2,3,1,63,1
347,0,69,265,25,106,10,0,0,67,18,6,6,13,0,15,1,2,2,42,-8,3,1,0,57,1
348,0,61,284,6,81,9,0,0,90,6,4,6,10,2,0,0,4,4,86,-8,4,-8,2,67,1
349,0,82,374,29,131,17,0,0,94,56,7,6,18,0,56,0,6,6,1,-8,1,-8,0,33,1
350,0,59,216,2,65,22,2,2,96,10,2,4,31,1,32,0,6,6,31,40,4,2,1,55,1
351,1,88,135,67,85,4,0,0,100,-7,7,8,4,0,50,0,1,1,0,-8,0,-8,0,0,1
352,0,72,165,8,59,31,0,0,90,17,6,6,31,4,39,0,0,0,16,-8,4,2,1,50,1
353,0,72,177,0,48,31,0,0,100,-7,7,8,34,7,47,0,12,12,45,93,6,6,2,60,1
354,0,63,175,3,61,19,0,0,100,-7,7,8,16,5,37,4,1,1,95,91,8,4,4,92,1
355,0,77,187,15,74,37,0,0,100,-7,7,8,37,0,14,0,0,0,35,-8,4,1,2,38,1
356,0,59,180,5,55,45,1,1,80,0,4,4,49,6,65,1,2,2,20,87,7,4,0,80,1
357,0,83,202,14,89,12,0,0,92,39,6,6,12,0,58,1,1,1,17,76,2,2,-8,67,1
358,1,91,412,8,102,18,0,0,100,-7,7,8,19,1,42,5,1,1,4,-8,2,1,0,43,1
359,0,70,261,2,63,19,0,0,100,-7,7,8,21,1,25,-7,1,1,60,62,5,3,3,73,1
360,0,78,191,16,100,10,2,2,91,55,6,2,11,0,45,0,0,0,5,-8,2,1,0,75,1
361,1,68,147,27,61,17,0,0,78,14,6,6,18,0,39,0,1,1,28,57,3,2,1,63,1
362,0,65,257,1,96,18,0,0,90,64,6,6,21,2,29,5,1,1,81,89,8,3,5,100,1
363,0,-9,-9,-9,-9,-9,-9,-9,-9,-9,-9,-9,-9,-9,-9,-9,-9,-9,-9,-9,-9,-9,-9,-9,1
364,1,88,74,2,120,23,0,0,100,-7,7,8,13,2,25,3,1,1,2,61,3,1,0,56,1
365,1,62,189,31,80,8,3,2,36,32,6,3,11,0,27,0,2,2,57,-8,3,1,0,80,1
366,0,83,161,10,66,15,0,0,100,-7,7,8,15,3,13,0,0,0,37,56,3,2,0,45,1
367,1,68,164,29,75,9,2,2,89,-7,5,7,11,0,22,0,1,1,49,-8,2,-8,1,50,1
368,1,69,140,15,54,8,1,0,78,25,6,5,16,0,44,-7,1,1,48,76,4,2,1,86,1
369,0,71,170,9,88,43,2,2,93,6,4,2,46,2,17,0,1,1,33,100,8,4,1,60,1
370,0,71,285,3,84,25,1,0,93,26,6,5,27,1,33,0,7,7,30,38,2,4,1,78,1
371,1,76,404,7,125,27,1,0,97,69,6,5,29,2,10,4,1,1,11,-8,5,1,2,50,1
372,1,75,204,17,86,28,1,1,100,-7,0,8,46,0,10,14,0,0,1,49,2,1,0,19,1
373,0,60,141,50,94,13,2,2,73,4,4,6,15,0,27,0,0,0,61,-8,2,1,0,100,1
374,1,79,192,8,84,31,0,0,94,7,4,6,32,1,50,-7,0,0,3,-8,3,1,0,50,1
375,0,69,74,72,73,2,1,1,100,-7,6,8,2,0,100,0,0,0,-8,4,-8,1,-8,100,1
376,1,62,166,6,42,5,1,0,67,17,6,5,6,2,17,0,1,1,50,-8,3,1,1,80,1
377,0,57,246,4,72,34,2,1,88,3,1,3,40,4,73,2,3,3,12,70,3,12,0,89,1
378,0,66,-8,7,63,23,0,0,96,31,6,6,25,3,24,-7,0,0,73,47,8,3,4,85,1
379,0,58,71,8,36,9,0,0,78,2,4,6,9,1,67,0,3,3,93,82,1,2,1,100,1
380,1,87,190,16,139,28,0,0,100,-7,7,8,29,0,34,7,0,0,19,-8,3,1,0,50,1
381,1,69,214,3,101,16,0,0,95,2,4,6,19,1,32,0,2,2,53,58,4,3,1,78,1
382,1,67,166,3,61,24,0,0,96,44,6,6,24,3,54,1,3,3,74,63,5,4,3,100,1
383,1,78,179,4,69,32,0,0,100,-7,7,8,32,4,44,3,2,2,7,2,2,6,0,63,1
384,0,79,231,12,80,17,0,0,94,16,6,6,18,0,39,0,2,2,8,-8,4,1,1,50,1
385,1,89,521,15,244,27,0,0,100,-7,7,8,30,0,19,-8,0,0,3,-8,3,1,0,33,1
386,0,64,179,13,70,17,0,0,78,1,4,6,18,0,50,4,1,1,57,22,4,2,0,75,1
387,1,81,229,7,82,32,0,0,100,-7,7,8,32,2,25,11,0,0,9,54,10,3,0,65,1
388,1,83,140,11,94,17,0,0,94,56,6,6,18,1,76,-8,0,0,30,77,3,3,0,100,1
389,0,66,147,8,79,19,1,1,84,23,6,6,20,1,63,0,2,2,35,17,1,3,1,57,1
390,1,77,409,15,137,33,0,0,100,-7,6,8,34,0,26,0,0,0,18,68,8,2,0,65,1
391,1,76,197,8,73,19,2,0,86,19,6,5,22,2,24,8,0,0,7,-8,1,1,0,29,1
392,0,73,230,5,89,61,0,0,100,-7,6,7,37,3,18,0,2,2,59,72,9,1,7,53,1
393,1,-9,-9,-9,-9,-9,-9,-9,-9,-9,-9,-9,-9,-9,-9,-9,-9,-9,-9,-9,-9,-9,-9,-9,1
394,0,61,97,18,57,5,3,2,44,16,6,2,9,0,33,-7,0,0,73,-8,2,1,1,75,1
395,1,82,154,1,82,35,0,0,100,-7,7,8,36,5,42,0,1,1,12,100,2,2,0,44,1
396,1,75,303,4,97,35,1,1,97,29,6,2,37,1,49,0,0,0,6,49,2,2,1,57,1
397,0,61,33,7,18,5,0,0,100,-7,7,8,7,1,80,-7,0,0,92,-8,1,1,-8,100,1
398,0,62,251,19,92,41,1,1,98,10,0,6,53,0,15,0,3,3,83,-8,17,1,11,72,1
399,1,79,251,25,99,23,0,0,91,11,4,6,24,0,17,20,0,0,6,8,3,2,0,31,1
400,1,83,200,2,98,21,0,0,100,-7,7,8,22,2,36,4,2,2,20,-8,1,1,1,29,1
401,1,73,192,6,74,27,0,0,100,-7,7,8,27,1,41,0,1,1,24,-8,6,4,2,59,1
402,0,70,217,0,80,29,1,1,97,40,0,2,33,2,29,1,1,1,55,10,9,3,1,86,1
403,0,54,51,11,34,7,2,2,63,3,4,2,9,1,33,0,1,1,86,88,3,1,0,100,1
404,1,77,173,14,71,39,0,0,100,-7,6,8,42,0,31,0,0,0,19,66,8,3,1,50,1
405,1,73,206,7,97,28,0,0,97,23,6,6,31,1,35,0,0,0,34,56,4,3,0,73,1
406,0,83,175,26,69,16,0,0,100,-7,7,8,16,0,38,0,1,1,4,43,2,2,0,40,1
407,0,65,395,1,77,42,0,0,100,-7,7,8,43,4,26,0,3,3,51,94,8,4,4,55,1
408,0,58,183,2,47,29,0,0,93,25,6,6,24,4,40,-7,0,0,53,77,8,5,3,72,1
409,1,65,116,4,49,14,1,1,93,7,1,3,15,4,27,-7,4,4,25,17,2,2,0,44,1
410,0,68,150,3,67,20,0,0,90,6,4,6,20,4,60,0,3,3,69,71,3,3,1,75,1
411,1,84,387,227,322,4,0,0,100,-7,7,8,24,0,25,3,1,1,22,-8,1,-8,0,100,1
412,1,63,155,12,57,15,0,0,94,-7,5,7,16,0,25,0,5,5,93,71,5,2,4,78,1
413,1,78,143,5,71,60,0,0,100,-7,7,8,61,4,16,0,1,0,12,73,4,2,1,23,1
414,0,66,132,16,66,8,2,2,78,64,6,2,9,0,56,0,3,3,60,12,2,1,1,100,1
415,1,80,138,44,97,26,0,0,100,-7,7,8,34,0,62,6,0,0,8,-8,1,1,0,33,1
416,0,63,271,2,51,20,0,0,100,-7,7,8,26,2,32,-7,1,1,88,94,9,2,3,100,1
417,1,83,227,13,95,18,0,0,100,-7,7,8,19,0,37,0,0,0,26,33,2,2,0,50,1
418,0,60,125,8,34,26,0,0,96,10,4,6,26,2,15,0,3,3,56,70,4,1,1,67,1
419,0,54,190,6,74,21,0,0,65,1,4,6,23,1,48,0,0,0,94,-8,6,1,2,100,1
420,0,66,220,28,119,6,0,0,57,1,4,6,7,0,0,7,0,0,17,-8,3,-8,1,75,1
421,1,77,148,27,96,13,0,0,100,-7,7,8,14,0,50,0,2,2,75,-8,1,1,0,100,1
422,1,71,196,3,53,27,0,0,96,7,4,6,27,1,22,2,1,1,17,99,4,5,0,60,1
423,0,56,197,6,115,16,4,3,74,4,4,2,19,3,32,-7,5,5,12,70,1,2,0,75,1
424,0,70,294,4,98,29,0,0,91,8,4,6,32,1,53,0,2,2,30,-8,4,2,1,86,1
425,0,-9,-9,-9,-9,-9,-9,-9,-9,-9,-9,-9,-9,-9,-9,-9,-9,-9,-9,-9,-9,-9,-9,-9,1
426,0,64,145,2,54,28,0,0,100,-7,7,8,29,5,66,-7,4,3,74,59,5,4,2,82,1
427,1,91,455,10,202,11,0,0,100,-7,7,8,11,1,18,-7,1,1,5,-8,1,1,0,33,1
428,1,56,308,7,98,23,8,7,75,12,0,2,28,1,46,-7,5,5,5,37,1,2,-8,43,1
429,1,76,284,7,92,13,1,1,93,66,6,3,15,1,43,4,1,1,27,20,1,3,0,100,1
430,1,84,196,10,82,12,0,0,100,-7,7,8,25,1,17,0,2,2,29,54,5,2,0,64,1
431,1,73,211,3,116,23,0,0,92,48,6,6,24,1,13,0,6,6,41,-8,8,1,2,64,1
432,1,90,152,28,107,3,0,0,100,-7,7,8,3,0,67,13,0,0,0,5,0,1,0,50,1
433,0,66,193,6,43,40,0,0,98,71,6,6,40,3,25,1,1,1,19,-8,12,2,1,64,1
434,1,66,233,7,82,8,1,1,78,4,2,4,9,2,22,0,0,0,0,-8,0,2,0,60,1
435,0,61,198,6,56,20,0,0,100,-7,7,8,21,2,5,0,1,1,88,-8,12,1,8,87,1
436,0,69,476,8,157,38,4,4,100,-7,6,8,39,1,36,0,4,4,50,54,14,2,4,89,1
437,0,63,146,2,47,17,1,1,100,-7,6,8,15,4,17,-7,2,2,64,-8,9,2,4,79,1
438,1,83,440,24,190,10,0,0,100,-7,7,8,10,0,20,23,0,0,33,42,2,2,1,50,1
439,1,87,326,7,111,26,0,0,100,-7,7,8,30,1,40,0,0,0,12,89,3,2,0,56,1
440,1,64,75,7,46,12,0,0,75,11,4,6,12,1,42,-7,1,1,45,92,4,3,1,88,1
441,1,85,186,18,75,23,0,0,100,-7,7,8,25,0,32,2,1,1,1,-8,2,2,1,57,1
442,1,72,202,2,62,28,0,0,83,7,4,6,30,3,24,2,2,2,6,63,2,2,0,33,1
443,0,65,273,7,116,18,0,0,84,21,6,6,19,2,47,0,1,1,86,-8,5,2,2,78,1
444,1,80,188,11,71,36,0,0,100,-7,7,8,36,2,39,0,7,7,15,-8,1,1,0,25,1
445,0,68,203,13,84,23,0,0,96,1,4,6,24,0,42,0,0,0,81,68,4,3,3,89,1
446,1,76,282,7,109,25,0,0,100,-7,7,8,25,2,24,0,1,1,29,81,5,4,1,67,1
447,1,72,233,6,98,36,0,0,100,-7,7,8,38,2,34,0,1,1,63,-8,5,1,2,55,1
448,0,64,184,6,130,5,1,1,83,2,0,2,6,1,0,0,0,0,10,-8,1,-8,0,40,1
449,0,60,99,3,48,33,0,0,97,7,4,6,34,6,94,0,1,0,100,95,1,5,-8,100,1
450,1,69,73,4,34,9,1,1,100,-7,6,8,9,2,44,9,0,0,32,84,3,3,1,86,1
451,1,70,188,1,59,45,0,0,100,-7,7,8,50,6,24,0,6,6,29,45,5,3,1,43,1
452,0,59,156,14,63,17,2,2,82,-8,5,6,19,0,24,0,1,1,35,76,6,2,2,80,1
453,1,65,29,9,18,10,0,0,100,-7,7,8,10,3,40,0,5,5,38,68,5,3,0,89,1
454,0,87,208,10,63,42,0,0,100,-7,7,8,42,2,26,0,0,0,9,70,5,3,0,56,1
455,1,80,163,9,76,16,0,0,100,-7,7,8,16,1,38,0,0,0,14,72,3,3,1,75,1
456,1,89,135,19,80,30,0,0,100,-7,7,8,30,0,17,0,0,0,0,-8,1,1,0,22,1
457,1,77,197,4,74,26,0,0,97,24,6,6,29,4,28,0,1,1,36,91,3,2,1,71,1
458,0,76,214,8,137,35,0,0,97,18,6,6,36,3,25,0,1,1,20,-8,6,3,1,71,1
459,1,75,279,5,79,16,0,0,100,-7,7,8,16,3,19,22,0,0,61,-8,3,-8,3,60,1
460,0,60,281,1,73,35,0,0,78,0,4,6,40,4,28,0,8,8,16,86,10,4,2,68,1
461,0,59,207,6,68,16,0,0,82,2,4,6,17,2,29,0,2,2,32,-8,5,2,2,64,1
462,1,-9,-9,-9,-9,-9,-9,-9,-9,-9,-9,-9,-9,-9,-9,-9,-9,-9,-9,-9,-9,-9,-9,-9,1
463,0,74,212,4,32,22,0,0,100,-7,7,8,22,4,41,6,0,0,38,73,5,5,2,77,1
464,1,77,170,10,84,25,0,0,100,-7,7,8,26,1,12,-7,2,2,58,46,3,1,2,50,1
465,0,71,164,10,81,12,0,0,100,-7,7,8,12,1,33,0,1,0,83,40,5,2,2,78,1
466,0,66,57,4,31,7,2,2,100,-7,6,8,7,1,57,0,0,0,-8,86,-8,3,-8,100,1
467,0,85,241,7,98,22,1,0,96,33,6,5,23,4,39,3,1,1,4,97,1,3,0,45,1
468,1,69,180,2,99,27,0,0,100,-7,7,8,19,1,20,2,3,3,81,-8,5,1,3,78,1
469,1,82,193,1,75,36,0,0,100,-7,7,8,37,3,38,0,5,5,7,-8,2,2,0,33,1
470,0,59,185,6,81,47,2,0,90,29,6,5,49,1,43,2,3,3,61,87,6,3,3,60,1
471,0,69,44,18,37,4,0,0,100,-7,7,8,4,0,25,0,3,3,95,-8,3,-8,1,100,1
472,0,66,87,6,51,31,0,0,100,-7,5,7,31,4,32,-7,0,0,49,91,8,3,1,79,1
473,0,59,187,2,62,17,2,0,80,50,6,5,20,4,20,20,0,0,69,-8,9,1,3,85,1
474,1,85,55,3,105,28,0,0,100,-7,7,8,4,2,7,2,1,1,3,-8,3,-8,0,19,1
475,1,66,92,3,63,30,1,0,94,4,3,5,10,4,32,2,4,4,4,73,4,2,0,43,1
476,0,65,196,2,52,60,0,0,98,55,6,6,74,7,35,0,5,5,63,61,8,4,2,71,1
477,0,65,258,5,73,62,0,0,97,7,4,6,60,7,25,3,2,2,20,54,11,9,1,49,1
478,1,90,240,20,123,19,0,0,100,-7,7,8,21,0,19,-8,0,0,3,-8,2,1,0,50,1
479,0,74,68,4,36,15,0,0,100,-7,7,8,15,3,47,0,0,0,86,94,1,2,1,75,1
480,0,60,78,8,29,14,1,1,67,3,0,2,15,3,53,-7,1,1,1,76,2,3,-8,63,1
481,0,72,185,3,75,24,0,0,96,52,6,6,26,2,38,0,2,2,43,88,5,2,2,70,1
482,0,70,145,145,145,2,0,0,50,60,6,6,2,0,100,0,1,1,-8,-8,-8,1,-8,100,1
483,1,86,380,3,138,23,0,0,100,-7,7,8,23,1,13,0,1,1,5,99,3,2,0,42,1
484,1,75,167,1,70,7,0,0,88,-8,6,6,8,1,25,0,0,0,18,100,2,2,2,57,1
485,1,81,150,4,58,29,0,0,100,-7,7,8,29,4,34,0,1,1,3,96,2,2,0,36,1
486,1,89,363,1,106,21,0,0,100,-7,6,7,24,1,29,0,1,1,2,74,5,2,0,64,1
487,0,56,111,3,40,25,0,0,96,1,4,6,27,6,56,0,1,1,37,63,5,7,0,75,1
488,1,85,420,7,109,22,0,0,96,81,6,6,24,2,17,0,0,0,1,-8,2,1,0,18,1
489,0,63,153,1,106,9,4,4,67,22,6,2,15,1,47,-7,2,1,0,100,0,1,-8,50,1
490,0,73,192,20,93,20,1,1,95,48,6,6,20,0,50,-7,1,1,33,75,1,5,0,60,1
491,0,61,108,1,64,3,0,0,67,79,6,6,8,2,50,0,4,4,81,81,1,1,1,75,1
492,1,79,117,15,59,31,0,0,97,53,6,6,31,0,29,0,1,1,0,60,0,4,0,67,1
493,0,61,189,5,101,18,0,0,83,6,4,6,18,1,39,0,4,4,60,-8,4,1,1,71,1
494,0,51,162,35,73,4,1,1,50,1,2,4,6,0,33,0,0,0,43,11,1,1,0,50,1
495,0,70,219,9,93,23,0,0,91,11,4,6,23,2,22,0,0,0,39,-8,6,2,1,53,1
496,1,77,267,1,89,33,0,0,94,45,6,6,35,4,29,-7,0,0,4,47,7,2,1,50,1
497,1,-9,-9,-9,-9,-9,-9,-9,-9,-9,-9,-9,-9,-9,-9,-9,-9,-9,-9,-9,-9,-9,-9,-9,1
498,0,61,149,13,75,4,4,4,100,-7,7,8,8,0,50,0,0,0,-8,89,-8,2,-8,100,1
499,1,75,189,11,73,27,0,0,96,58,6,6,28,1,43,22,0,0,65,78,3,3,2,75,1
