Field name,Reservoir unit,Country,Region,Basin name,Tectonic regime,Latitude,Longitude,Operator company,Onshore/offshore,Hydrocarbon type,Reservoir status,Structural setting,Depth,Period,Lithology,Gross,Netpay,Porosity,Permeability,Oil density,Oil recovery factor,Condensate recovery factor,Gas recovery factor
210.3623547488702,0.0,50.0,5.0,120.0,0.0,-21.76081544091156,-151.6153,0.0,1.0,5.0,8.0,0.0,5966.4,26.99676034080896,1.0,3613.465329486758,0.4828277926876967,1.3,0.0,698.7654320987654,0.05,0.3188283549316161,0.4403349446523908
0.0,406.0,0.0,2.0,0.0,4.0,-38.5221,150.20657684537127,197.0,0.0,5.0,7.0,10.0,5958.942985779508,1.0,16.0,3.3,0.0,35.0,7500.0,712.492523952037,0.86,0.7,0.37
0.2940317157553385,0.0,48.790081938851365,6.0,117.00137990496528,9.0,70.3458,-151.6153,7.36740248611328,1.0,5.0,0.0,0.0,66.0,27.0,11.0,3.3,0.0022547791037976,9.4410383630689,20.168363984033007,969.5264415528004,0.0538295962719698,0.5950693511642517,0.8194867411046217
439.0,406.0,50.0,6.0,0.0011634395800897,0.0,-28.949193347335296,-111.18336478603196,0.0,1.0,5.0,0.0,11.0,5966.4,27.0,1.0,3750.0,7.126263133100581,1.3,0.0,698.7654320987654,0.05,0.2420457231414199,0.93
439.0,314.3232174860861,50.0,6.0,0.8149707084293962,0.0,47.82356804060981,-151.6153,0.0,1.0,5.0,13.0,0.0,756.709352968531,2.2292363953067253,15.0,3.314680054646467,0.0,30.648436376912088,0.4555882063555313,763.6456703200032,0.05,0.2661357436234307,0.9293609219701195
373.6960002072268,406.0,0.0,6.0,5.489415572073192,9.0,69.65000916512231,-151.6153,0.0,0.0,5.0,13.0,11.0,111.64263324204036,1.0,16.0,6.011645066505534,20.396409724533157,6.521243968189951,7500.0,1017.985611510791,0.86,0.7,0.37
437.2522772138171,405.86695661751287,49.9003531085946,6.0,119.18036751732777,0.0,48.09550676164865,-151.6153,0.0,1.0,2.0,2.0,10.0,5966.4,26.99958943017856,1.0,3749.992428913917,892.8,1.3,0.0,698.7654320987654,0.0804086207294682,0.540807877084524,0.9013658298157315
432.5515700694881,113.04904813849978,49.99998941624234,6.0,88.70456891910595,0.0,23.82769876187615,-136.21877740236027,23.31213999991286,1.0,2.0,0.0,2.0,5876.735206196686,26.8250525309466,11.0,221.6315556521173,884.3342799557934,1.3,0.0,716.321085645221,0.0775085641633572,0.24,0.7027389274655422
416.5888270502165,0.0,50.0,6.0,3.576801572702353,4.0,-24.31047747486525,-151.6153,0.0,1.0,5.0,0.0,0.0,69.03727795262759,26.99882929175776,1.0,8.191798605382719,8.204175316045387,2.4344990071398733,0.0,698.7654320987654,0.05,0.24,0.4708743264671822
0.0,0.0,0.8007826825367891,0.0,0.0,2.0,69.16497976507777,149.98211921153376,0.0,1.0,3.0,0.0,0.0,802.5001007008999,23.23496074985184,15.0,12.414877568751477,0.0,24.61709470546309,0.0009295607126729,698.7654320987654,0.0500107619821902,0.2400195558867256,0.93
439.0,406.0,0.0,6.0,120.0,9.0,70.34529074348676,-151.6146098558801,145.88588257845703,1.0,5.0,13.0,0.0,66.85541398429439,26.998215766990523,15.0,80.4158571594217,0.8829399856272672,2.0719267729454662,7500.0,892.9052696143441,0.86,0.293373423325699,0.6758054860347226
0.0005869892864018,124.94617208456548,0.0,0.0,0.0,2.0,33.862636031780845,-70.01047499197954,6.494896541996619,1.0,3.0,6.0,10.0,5964.906477128112,1.0,15.0,238.66932056576357,52.986521458379606,16.671630004867662,7499.875703001142,1016.6163265235218,0.8599989136632695,0.7,0.370660403862289
439.0,405.9565196745771,0.0,6.0,119.99995261691828,0.0,70.16091370112753,-150.63239348081987,180.00695206279522,1.0,5.0,13.0,10.0,66.0,1.0,6.0,3.3,0.0028245958304025,18.619185275143685,7467.72788310467,825.3557938480857,0.86,0.6962041737914202,0.6870080635549108
439.0,7.830065137273171,50.0,6.0,119.9997482484942,0.0,62.25654468988994,-151.61492042543327,0.0,0.0,5.0,0.0,0.0,2414.0398067646274,23.319681040722948,1.0,80.1898684681255,0.0,1.3870133602703525,0.0,698.7975655958412,0.05,0.24,0.3700043415303398
0.0,0.0,0.0,0.0,0.9395162974049516,5.0,70.32815067463481,-95.80580955600884,0.0183570930265898,1.0,2.0,0.0,11.0,5966.4,27.0,15.0,3750.0,0.0,34.91622318841704,4.165843265249409e-05,698.7654320987654,0.8128734795331719,0.24,0.93
0.0,406.0,49.99969418304571,6.0,89.9363944060375,0.0,52.63961997011701,-146.37157337672906,197.0,1.0,5.0,7.0,6.0,1806.8021549360672,27.0,1.0,3.3,4.181336729079998,1.537818360205336,7499.940127897545,793.7825140608574,0.86,0.6914720407926107,0.3700747961183992
438.996312187361,0.0,50.0,6.0,119.9275235943869,0.0,-37.84231349531747,-141.91427719529128,0.0,1.0,2.0,0.0,2.0,5640.156430834924,27.0,1.0,3749.976353515916,892.7734591732013,1.3,0.0,698.7663216564931,0.05,0.24,0.9294239294991056
438.992836216386,0.0025474830594229,50.0,6.0,89.23706654908183,9.0,-38.503066244089375,-151.6153,195.51998619014648,1.0,2.0,12.0,11.0,5966.4,27.0,1.0,3750.0,31.078379111163382,2.1289527228655003,64.39634287732108,698.7654320987654,0.2001541995693934,0.2864508618239502,0.93
3.066162316934061,406.0,0.0175680985973299,2.0,46.88896026138307,9.0,-38.5221,113.37998411370438,0.03191280325168,0.0,5.0,13.0,1.0,68.46060029840804,27.0,11.0,3.300032522937394,559.891106444093,1.3028622073013871,7500.0,698.7654320987654,0.86,0.2400003780342355,0.92962604310875
436.9851610752477,0.0,50.0,6.0,119.99955463665351,0.0,47.17080178406994,-142.67697440818375,1.504435463790325,1.0,5.0,0.0,0.0,2424.5359721880614,26.99998026731511,1.0,100.957080096482,0.0128527688844826,1.310636544804427,0.0,718.7152005924377,0.05,0.24,0.495581584748416
270.53478527080193,380.8582467198911,48.0,6.0,0.0,0.0,-33.02618214125195,-151.3865439384601,31.857399432685952,1.0,2.0,0.0,11.0,5966.4,27.0,1.0,3750.0,68.97180287271917,1.3,0.2945873375486705,844.3900301326967,0.2557262078856872,0.5133333333333333,0.7773207950476899
0.0240204286828652,0.0,0.0,0.0,0.0,2.0,32.38278619523814,-151.6153,197.0,0.0,5.0,0.0,0.0,66.0,1.0,16.0,3.3,0.0939210927037918,35.0,7500.0,1017.985611510791,0.86,0.7,0.705666838426602
202.06980972829516,388.5420484717502,0.0,2.0,0.0,9.0,-38.5221,149.78755316055464,11.314435785626475,0.0,5.0,12.0,3.0,5402.763555083443,1.0,15.0,3.3,0.1345109826097632,34.99997407749459,7500.0,698.7654320987654,0.86,0.7,0.8806269484667719
437.5105137332872,0.0,50.0,6.0,120.0,0.0,-38.52083219786901,-151.6153,0.0,1.0,2.0,0.0,9.0,5966.4,27.0,1.0,3750.0,892.8,1.3,0.0,698.7654320987654,0.05,0.24,0.93
438.9980446747823,404.3705961428275,8.860169439189601,5.0,0.0123253480486644,3.0,29.80184312526472,72.6552139056239,2.796779520556375,1.0,5.0,12.0,0.0,67.73009515254935,1.0,15.0,358.97367703628703,34.213217295568896,34.997630816523554,4892.914841633552,1016.6002343038566,0.8471718328243564,0.6997893733920517,0.93
0.0,0.0,50.0,0.0,0.0,5.0,-38.5221,-151.6153,125.02866162429758,1.0,2.0,0.0,11.0,3191.270327469024,27.0,16.0,3.3,0.0,35.0,7500.0,698.7654320987654,0.05,0.24,0.9281547914104372
439.0,77.74639998369763,50.0,6.0,0.0186436364236397,0.0,68.60393231926655,-151.6151575356278,0.0,1.0,2.0,1.0,11.0,5966.4,27.0,1.0,3750.0,55.37727328709255,1.3,0.0,698.7654320987654,0.0977460054764529,0.7,0.9039044559899214
439.0,406.0,50.0,6.0,119.8863802743398,0.0,70.3458,-151.6153,0.0,0.0,5.0,13.0,0.0,71.9387798912292,1.0,15.0,3.3,0.0,35.0,7475.07188589777,1017.985611510791,0.86,0.3434065961074464,0.37
434.8060712963924,0.0,50.0,6.0,116.34753912619692,4.0,-38.51835602243506,-97.41614243661732,41.17847373989328,0.0,5.0,0.0,0.0,579.3130114499522,27.0,1.0,233.79277948061008,888.4678983340109,1.3,0.0,715.2608297650958,0.05,0.24,0.9252827737434358
0.0,138.57933960522803,0.0,2.0,117.96953251728976,0.0,70.3458,105.10977692774244,193.417488587306,1.0,5.0,13.0,6.0,66.0,26.236518398960968,11.0,37.32550671639654,892.55474533163,35.0,7500.0,1017.985611510791,0.3424252967863873,0.7,0.37
439.0,405.9998839323074,50.0,3.0,120.0,0.0,70.3458,150.21,197.0,1.0,5.0,0.0,0.0,67.14858523403856,19.428844775928454,16.0,3750.0,0.0,35.0,1974.4166191150268,1017.985611510791,0.05,0.24,0.7540111601815358
18.54712578284075,406.0,0.0,2.0,0.0,9.0,-38.5221,88.60394657836522,0.0,0.0,5.0,0.0,11.0,66.32261456646263,1.0,1.0,3749.9935623984943,8.702435125930766,30.92433061975064,7500.0,876.4320710691115,0.86,0.7,0.8122082684876369
439.0,333.77374699791613,47.25240293532514,2.0,0.0993874348307244,0.0,36.82296478198274,-110.93817472063802,4.129930711462053e-05,1.0,5.0,2.0,2.0,342.5409491544416,1.459124519733134,1.0,11.531759976244029,0.0095506433601712,1.6405957359055454,0.4113381990624149,753.7232404486025,0.05,0.6741991243207984,0.9295917562167388
439.0,0.0,50.0,4.0,0.0015572471430592,0.0,-38.5221,48.433491727540805,0.0,0.0,5.0,0.0,0.0,66.0,27.0,1.0,229.27532246578104,892.8,1.3,0.0,1016.1934000984317,0.05,0.24,0.4449300530718543
333.5714199191153,406.0,0.0,5.0,119.95065461406472,0.0,23.33389070952064,-151.58249461080206,0.0,1.0,5.0,13.0,10.0,66.0,1.0,11.0,3.3271914916766545,21.857411201282662,35.0,7500.0,1014.9667300804424,0.8599671936524622,0.6999973079428012,0.4486926859051131
0.0,406.0,0.0,2.0,0.0367381700541313,4.0,-38.11946379710231,-113.39730171709785,197.0,0.0,2.0,0.0,0.0,66.0,1.0,15.0,3750.0,892.8,35.0,2753.495680119634,1017.5119657940496,0.8599629835842064,0.7,0.7900551905658345
438.995810213862,394.71641431218416,48.96665802155484,2.0,0.0177592030958932,0.0,26.89627069711222,132.61452613995917,189.83027357147552,1.0,5.0,0.0,9.0,1608.9609356591543,26.54188991861897,1.0,3095.435920061814,868.413183170223,1.3,1.28080551344064e-05,931.2519286763894,0.0500647261033291,0.2439608363810864,0.5945252348606355
0.0,406.0,0.0,5.0,0.0,0.0,70.3458,-151.6144863306627,196.99978106578448,1.0,5.0,13.0,11.0,66.0,1.0,16.0,3.3,118.40185413292691,35.0,7500.0,1017.985611510791,0.86,0.7,0.37
91.11289567218984,0.0,50.0,6.0,119.95738447709309,0.0,-38.37909366696753,-106.71848948473846,28.98647856329652,1.0,5.0,0.0,0.0,88.20997791307182,27.0,1.0,3747.1750784099154,8.097827619581974,1.3291691770370269,0.0,709.4960235567614,0.05,0.24,0.6662356048032853
355.47239961733595,307.31842776243354,7.020055532293488,3.0,37.73203280319673,0.0,55.8772153653492,39.5615043204234,176.59555306162068,1.0,5.0,12.0,6.0,1977.789209565,1.0427286820335573,14.0,1131.0731004659224,94.73610495400686,25.96635286068729,1170.0103443812775,834.7699769175373,0.4690676445569383,0.5133333333333333,0.7733768298341597
439.0,405.7378087388501,4.326974728805706,5.0,41.757922971394336,3.0,-16.490173772735172,-145.42078557967457,4.409459844378344,2.0,5.0,13.0,0.0,66.0,1.0,11.0,3.3,892.7982336716212,35.0,7500.0,1017.985611510791,0.86,0.7,0.93
0.0,3.6307061721441474,28.64208472741464,6.0,0.1598190333229696,3.0,-37.79781058955492,-151.61525680393643,0.0,0.0,2.0,12.0,6.0,5966.4,1.0000470393736105,14.0,3.303107633519694,0.0,34.99653331641339,7500.0,774.8212799469255,0.86,0.6999631013823354,0.7591627184329233
0.0,405.9592800618517,0.0,5.0,120.0,2.0,69.79421912513843,-151.6153,197.0,1.0,2.0,13.0,10.0,5966.4,1.0,1.0,3703.608535164393,892.8,1.3,0.0,835.8506208993138,0.05,0.24,0.37
0.0,406.0,0.0,2.0,88.24120324323997,9.0,-38.5221,150.21,0.0648834709699044,0.0,5.0,13.0,0.0,66.0,1.0,16.0,3750.0,892.8,1.3023363589424626,0.0,698.7654320987654,0.8405708338896865,0.7,0.93
72.5009121399971,317.3877288645348,48.0,6.0,116.98635555790622,0.0,63.96523947662323,-151.60516613541918,1.5680691517120633,1.0,5.0,1.0,2.0,99.9669787309235,1.8928649256737329,11.0,3.3,0.01514355618118,22.910315882939525,188.95720116001428,872.9782845486766,0.3945716981794211,0.5133333333333333,0.5934231131019289
439.0,0.0,50.0,6.0,98.32021645817102,0.0,-37.75435038665584,-151.6153,17.44968852752592,1.0,5.0,0.0,6.0,958.2211824482798,27.0,1.0,3750.0,882.7696078341115,1.3,0.0,698.776387256022,0.05,0.24,0.93
5.526468907142088,405.8224099716118,48.0,6.0,0.4508159060247876,0.0,48.63373974378678,40.70924648527509,13.060466849544234,1.0,2.0,5.0,6.0,5966.38839389622,26.9999374569973,1.0,3730.156675422855,92.89930469751782,1.3,2.937303093774562e-06,702.4147475705136,0.0532924046931325,0.7,0.929064423379568
439.0,406.0,50.0,3.0,1.406625585535846e-05,0.0,70.3458,150.19500811205194,196.57282639457168,1.0,5.0,12.0,0.0,66.0,1.0,16.0,3750.0,0.0,35.0,7500.0,1017.985611510791,0.2093623100117762,0.6143482306138939,0.93
0.0021390779804948,0.0574557740888647,0.0,1.0,120.0,0.0,70.3458,-55.31801319651412,179.13290313648469,1.0,5.0,2.0,0.0,2890.117847262583,1.0,15.0,15.22390192669044,0.0,35.0,7500.0,1010.547232614362,0.86,0.7,0.3703685766646281
439.0,406.0,0.0155799286036889,2.0,0.4348092197576106,2.0,70.3458,149.232769216133,2.5878079679286683e-05,1.0,5.0,12.0,10.0,4431.488762386864,15.925831256824026,16.0,3750.0,750.0186271203836,1.3,0.0,1017.985611510791,0.05,0.2963045622405484,0.6013529685555601
438.6204376730155,405.9907343971624,0.0,2.0,0.0,3.0,70.16488749093037,-151.46132334935592,195.53427545394672,1.0,5.0,13.0,6.0,66.0,1.0,16.0,3749.7710984012792,22.11501803061809,35.0,7500.0,1017.985611510791,0.795216198058511,0.7,0.9239769776473136
371.0714683989392,0.0444799698615603,49.60112314830303,6.0,0.0069657117474607,0.0,-36.04022495609318,-151.6153,0.0560242327467066,1.0,2.0,13.0,10.0,5966.4,26.99991680922872,6.0,3748.379737273448,0.3390529226288631,31.461538081449937,7500.0,698.7654320987654,0.6834956758613816,0.3766666666666666,0.7961162264169982
311.9047991166225,406.0,1.326694314074488,6.0,117.960101347094,9.0,70.3458,-151.6153,42.18738770537816,0.0,5.0,5.0,0.0,2701.36602319496,1.0,11.0,365.764461398407,3.2376471081177525,23.01760910839225,7499.264021422429,1017.985611510791,0.856272649325049,0.5133333333333333,0.3700034217213062
439.0,0.0,50.0,0.0,87.06580595298574,9.0,57.16316996464931,-151.6099933838422,0.0,0.0,2.0,0.0,0.0,1256.414959809319,24.29529365530058,1.0,1640.8155067220189,0.0377224205492068,1.3001607599164002,0.0,816.7887413936702,0.05,0.24,0.37
3.5359917903485214,240.3589164854311,0.0207232359207434,2.0,39.44811210405257,4.0,-38.511941962435344,119.004606084448,110.78504166740734,0.0,5.0,10.0,2.0,66.0,4.2940256124066245,15.0,3408.936761533645,556.7107288714492,34.8243301656494,7475.896207220485,854.7985821550261,0.8594558566832841,0.6942022163094813,0.8141654434359387
22.99223334975528,0.0005465216867638,48.1710518866393,2.0,36.02335762235525,0.0,23.70877180210421,32.89637028742623,15.513430367126718,1.0,5.0,12.0,3.0,168.31444054348307,26.54001545137547,15.0,5.388355771387964,0.9552577901774286,9.538643345872488,311.2793934571673,1012.8396141962226,0.05,0.3766666666666666,0.7587622263065008
2.968900647414623,379.5200461313681,39.4712807241608,6.0,8.52329304529669,9.0,23.23817510388965,-120.3561691927793,154.06640543397583,1.0,5.0,8.0,7.0,5822.045209019868,7.0,11.0,560.5028604956757,579.1628621962544,12.625688409083931,2007.2796798617144,712.7840509734488,0.8599845571900693,0.3432479745791345,0.487256642707306
438.431108299393,406.0,0.0,6.0,120.0,0.0,70.3458,-151.6153,23.10823213422813,1.0,5.0,13.0,0.0,66.0,1.0,16.0,3.3,0.0,35.0,7500.0,1017.985611510791,0.86,0.7,0.37
0.0,0.0,50.0,0.0,1.5891872775295586,5.0,61.242664230695794,150.0613715336055,196.99218448590992,1.0,5.0,12.0,11.0,5966.4,27.0,15.0,3.3,0.0,1.3,10.12148492753833,1017.985611510791,0.1144974841872824,0.24,0.5101417856629105
425.5919454062411,81.81907942708818,0.0,2.0,0.0001750010314385,9.0,-38.5221,145.33501991763427,189.404711556366,0.0,5.0,11.0,2.0,3991.27782140454,1.0,16.0,7.339722520910255,69.79324256828215,34.99996425516428,7500.0,698.815895878894,0.86,0.7,0.3706182203832144
438.96163219848256,11.166340641648365,2.050778230508383,5.0,1.4415068690181938,9.0,34.32745426169356,-95.46199413916044,110.04729767293996,1.0,5.0,13.0,3.0,1697.5373990942896,1.0038278451294456,6.0,6.2090631175251545,628.378602759335,27.582957376135624,7277.793515942097,800.8935760460391,0.0500006908699583,0.3766666666666666,0.929999154733354
358.6366976948121,406.0,0.0,2.0,16.84929291530583,9.0,-36.11134251419793,134.8109315643658,5.012720936767551e-05,0.0,5.0,12.0,10.0,66.25752909729994,1.1737587947185502,1.0,3741.599064638776,5.451879791898943,1.301504571824633,7443.52003235557,699.405809831564,0.86,0.6998529912304431,0.9150692779675376
10.47844513598893,391.9946496665777,0.0099589091476658,2.0,0.0,4.0,38.49835656780114,-98.45360055742864,25.66878093963149,1.0,5.0,12.0,5.0,66.0,1.0039665949355108,15.0,218.85994561328252,43.35146725297583,35.0,7500.0,1017.985611510791,0.5226624245504363,0.7,0.3999637831262718
439.0,0.0,49.99647632211607,2.0,0.0109181926014709,4.0,-38.5221,64.22028912830716,196.99434750292323,0.0,5.0,11.0,0.0,66.0,26.99990369959125,15.0,3749.985031846792,780.0577381502172,34.99927373306491,7500.0,1017.985611510791,0.2459336339070079,0.2400016386706625,0.9249495658185088
424.56587131821976,405.9999294420074,49.52305814800842,6.0,0.0003005992913811,0.0,-15.135288651891532,-98.51921837256664,29.85747010763825,1.0,2.0,5.0,10.0,5966.3893893990935,17.05480889723706,1.0,3.3003868926122264,1.1301971102205477,33.653040422342954,286.1327119970699,698.908340919178,0.6510131845331887,0.2573212010120236,0.7513043277835513
0.0,406.0,8.511707611440826,1.0,0.0,4.0,70.3458,-151.6153,197.0,1.0,5.0,13.0,1.0,66.0,1.0,16.0,113.63360242992115,0.2554632270603514,35.0,7500.0,1017.985611510791,0.86,0.7,0.37
439.0,406.0,49.99101629375737,1.0,117.36391525567343,4.0,70.3458,149.87628805305835,0.0,0.0,3.0,0.0,11.0,5966.4,1.0,1.0,3750.0,892.8,35.0,0.0,699.4454384808909,0.86,0.24,0.8200912920981875
439.0,1.237242747507644,50.0,6.0,0.0,0.0,-38.51135078762744,-151.4110609693126,0.0013449924852928,1.0,2.0,0.0,10.0,5966.4,27.0,1.0,3750.0,808.8437717163729,1.3,324.4573613918359,698.7654320987654,0.0500979283476394,0.24,0.9286874408403494
438.930554388796,16.40626110959767,50.0,6.0,117.95479262063864,0.0,-4.766426407919695,-151.61513621936388,58.776386938709,1.0,2.0,0.0,10.0,5961.979413075832,27.0,1.0,2696.4441677530504,892.7988159636297,1.3,0.0001827573958997,698.8147603261077,0.0501000473133624,0.24,0.8175914734792414
0.0,0.0,2.6866570479046112,0.0,8.008225474474221,5.0,3.8466316729964207,-151.6147285939793,187.0845704082108,1.0,2.0,0.0,11.0,5966.4,27.0,16.0,2627.23431994612,0.0,32.37199742199746,1100.1807965746289,698.7654320987654,0.8599366765821677,0.24,0.9147812090333656
90.09885718967952,394.74303766315984,0.0,0.0,0.0041847177519133,3.0,67.47051412505559,-106.61018032752013,196.9995775202407,1.0,5.0,13.0,2.0,66.0,1.0,15.0,3.3123114092561474,128.76123349008907,35.0,7500.0,1017.1304869349644,0.86,0.7,0.929999841035865
271.7931323401815,7.498721659318986,48.4328947257063,2.0,37.07421054625982,0.0,29.31392161179218,148.79152631930086,112.30006095650576,1.0,5.0,12.0,3.0,3239.620678981757,27.0,11.0,2915.5905999341967,1.5395740524971373,13.160568426915027,0.8947729456812958,793.7624665075405,0.4610673502831086,0.249169938752999,0.3757537323105497
439.0,0.1408799531444573,3.677195224738897,6.0,35.635631173636305,2.0,25.253296434174143,-146.79114347353203,111.62823991157964,1.0,5.0,13.0,0.0,5404.091106758811,7.0,15.0,2724.915660493906,883.7148314158904,11.27818797430546,7412.614868898975,1017.9755430005134,0.86,0.6459898304858567,0.93
438.6265601752317,0.0,50.0,6.0,105.67302994021324,4.0,0.045181725177116,-151.6153,65.90625426208356,1.0,2.0,0.0,6.0,3801.0431346097,26.294712557804385,1.0,2162.2600608429293,63.12692271970885,1.3,0.0,705.985525698787,0.05,0.24,0.5952252423908391
0.0090131064820992,0.0,49.99999406706808,2.0,102.47305460655066,4.0,69.60672587453013,150.05625835173495,144.20374381040995,1.0,2.0,13.0,10.0,5966.4,27.0,14.0,3649.3028495280246,0.0590096051125852,1.3,0.9373483323050305,975.321634676794,0.2326385698705367,0.24,0.37
4.485249305727926,405.5085760491891,1.127986382210817,6.0,93.22465311709254,9.0,49.484126038805655,-101.52423992451544,111.33681918743667,1.0,5.0,6.0,4.0,214.23834454931367,1.0017713816920786,10.0,45.42106735063761,9.433101743038415,10.007043274700836,1442.3354954562174,861.2930904124589,0.8461567312533511,0.6953438237153624,0.8811415274818439
46.73397778185099,406.0,0.0,2.0,0.0,9.0,-38.5221,-151.6153,51.11927573118344,0.0,2.0,0.0,10.0,5938.210944147248,25.55533165633939,15.0,324.430890465967,0.0,35.0,7500.0,701.6366152454898,0.2881926557217312,0.3766666666666666,0.6797649027658037
0.0,0.0228857815199427,17.338656097761586,0.0,0.0,2.0,65.4645192184291,126.49754002829197,0.0266032862077442,1.0,3.0,0.0,6.0,2012.9931041795212,9.998428702310392,15.0,117.26934867584689,0.0,11.852305077804251,0.0,792.2500758094134,0.855631241986205,0.6905198074883533,0.8276734065793077
437.1936121292624,0.0,50.0,6.0,119.99966078299504,0.0,-38.5221,-151.55747397417784,54.772893116291314,1.0,5.0,0.0,0.0,66.0,27.0,1.0,3750.0,577.3826833059907,1.3,0.0,698.7654320987654,0.05,0.24,0.7581365619310427
439.0,405.9648250707732,50.0,6.0,0.231551626595573,0.0,30.915165668110312,78.82628021031931,0.392244244059547,1.0,2.0,0.0,10.0,5125.869889599248,27.0,1.0,3746.942873207852,15.026895226476013,1.3,0.0,698.7876291937354,0.05,0.2400936877256783,0.9299907521512416
439.0,402.2292597755248,1.201812220430278,1.0,5.475441706813228,2.0,-35.17566839079216,-151.6153,0.0,0.0,5.0,13.0,0.0,5966.4,1.0,16.0,3038.8865016235263,892.8,1.3,7500.0,1017.985611510791,0.86,0.2400176297262658,0.93
56.06176918516334,0.0001847261676299,0.0,1.0,119.99977656947335,0.0,70.3457841027076,-151.6151109444769,175.05799901236,1.0,5.0,11.0,0.0,66.0,1.0,16.0,3.3,0.0002814186823125,35.0,7500.0,1017.985611510791,0.86,0.7,0.37
439.0,406.0,0.0,5.0,120.0,3.0,55.645430238971535,-96.7387776457918,48.01984811601515,1.0,5.0,13.0,11.0,66.0,1.0,1.0,3.3,99.84672408356818,34.731475236836985,7419.479231017824,1017.90875757686,0.86,0.7,0.9240014746735096
0.0001331901162326,0.0,46.17706675536308,6.0,120.0,4.0,50.77767891236771,-110.7154544206431,197.0,1.0,2.0,13.0,2.0,5966.330192660698,27.0,16.0,160.49960780623533,8.192754280578718,1.3,0.0,826.6393113344553,0.05,0.2402817680751219,0.37
402.8077384096821,87.62243131506055,0.0,6.0,119.99999486810896,0.0,70.3458,-151.6153,196.81981488580664,1.0,5.0,0.0,1.0,66.10946571012678,1.0,15.0,3.3,0.1885607452329541,33.396031520908046,7500.0,1017.985611510791,0.86,0.7,0.7908816945244895
0.0,0.0,6.252759561854012e-05,0.0,0.0,5.0,70.22425823628325,-110.59520443980828,0.0,1.0,2.0,0.0,11.0,1285.8608698585108,26.9998679632652,16.0,3517.921001210113,0.0,34.99995571775654,7500.0,698.7654320987654,0.2148727027041393,0.24,0.7399173740964868
11.7463122824582,0.0,8.291905138597537,6.0,49.45169343878321,0.0,34.36818419925382,-109.11159964552714,196.9965948990018,1.0,5.0,0.0,0.0,1236.5798475864449,1.0209732390216684,15.0,3.3,7.165766958932277,35.0,7500.0,1017.985611510791,0.8559307915525607,0.244833663785161,0.5312410934152642
0.0,0.0,2.1741989279600737,0.0,0.0,2.0,-0.7099497472325993,47.43271514391191,0.0,1.0,3.0,0.0,6.0,5947.535770907387,9.939197404052896,15.0,3.4644202743530434,0.0,33.81849448530605,1348.323960146386,698.7654320987654,0.3822061957283795,0.24,0.929902785785845
439.0,16.289143842472942,50.0,6.0,120.0,0.0,50.07506888519751,-151.6153,0.0,1.0,5.0,0.0,0.0,5966.4,27.0,1.0,3750.0,892.8,1.3,0.0,698.7654320987654,0.05,0.2559396052684885,0.9299998972922292
439.0,406.0,0.0010071709307757,2.0,0.0021483793644263,9.0,-38.5221,150.20971219895634,0.0949403639839165,0.0,5.0,13.0,0.0,66.0,1.0,16.0,3750.0,80.3797128156766,34.99986106382851,7500.0,1011.7176001942892,0.86,0.7,0.93
0.0,0.0,49.99999615112022,0.0,0.0,2.0,-38.36414323486246,-44.07693178054333,0.0,1.0,3.0,0.0,0.0,5946.481285117514,1.0,1.0,11.54086349319741,0.0045792656129019,4.514389015234364,898.3773514840739,798.3827459483795,0.05,0.5628419808623965,0.8689629735838229
356.4955415800053,6.740034052426189,50.0,4.0,67.26837651543727,9.0,10.762428306419736,8.391534760886238,63.170840819278204,1.0,5.0,7.0,10.0,5957.737897200012,26.99823123537624,2.0,2970.531069277182,466.6318283391977,9.553813643210948,3.6146121547588823,758.8402006746134,0.3102750306377392,0.5133333333333333,0.9287575692062472
221.15104932978517,406.0,48.215343636140034,4.0,119.99919839049744,9.0,-38.5221,-119.42459861401387,0.0,1.0,5.0,13.0,10.0,1343.9661517430764,27.0,1.0,3.4083749539441355,213.7065823212934,1.3,7500.0,748.8803648254526,0.86,0.24,0.93
439.0,1.914118014011308,11.55954480343641,2.0,0.0,2.0,48.79944558053603,138.2410650067087,51.72904143128928,1.0,5.0,12.0,0.0,2931.2937303015333,26.999991077675546,1.0,3749.966205663216,21.25145626135563,3.831390633407121,6127.690493104716,1017.985611510791,0.2602292720824126,0.6668146201082521,0.9299982542799436
432.969525595012,5.661465539024828,49.99067685603322,6.0,38.701538937845775,0.0,63.53996484354845,64.47062850736798,0.0043967066711849,1.0,2.0,13.0,9.0,5966.4,27.0,11.0,3750.0,42.62106045103376,1.3003699916456526,0.2771714574666706,698.7654320987654,0.8594136175179852,0.6590600385113089,0.9138384061673251
439.0,406.0,50.0,6.0,1.4706214071357254e-05,3.0,31.73851626272529,149.33697013887212,4.465509491811488,1.0,5.0,0.0,0.0,592.418924660318,27.0,1.0,3750.0,892.8,1.3,0.0,698.7711064008674,0.2277034829818258,0.240219230916834,0.93
0.0,406.0,0.0,6.0,36.13038065932778,0.0,70.3458,8.690659574574175,0.0,1.0,2.0,13.0,0.0,717.5031616074629,27.0,16.0,3.3,0.0,1.3,0.0,698.7654320987654,0.05,0.6997473419136098,0.93
439.0,0.0,50.0,6.0,0.0,0.0,35.694953334637354,-151.10925613436945,0.0,0.0,5.0,0.0,0.0,66.01749437774028,26.999633165530067,1.0,22.882450989195576,0.0186662316129983,6.692944941216469,0.0,698.7654320987654,0.05,0.24,0.6651040817705909
438.4832164970203,168.43113827059855,50.0,6.0,1.688701300490574,0.0,-38.50935362161575,-151.6153,0.0,1.0,5.0,13.0,2.0,1300.4815730116698,27.0,1.0,3.4080067057353216,0.0001042903458155,23.908170070048374,3641.4665483290655,698.7654320987654,0.05,0.24,0.8450299348111561
439.0,5.1351735369291855,4.211855420643802,2.0,0.0001082144702504,2.0,59.30457708892535,142.5729649717359,59.89174565054632,1.0,5.0,10.0,0.0,2318.416536929213,15.0,15.0,1857.6556179345528,797.48557333228,18.76381010064495,143.2641768282141,1017.985611510791,0.0534984307028071,0.4130417705092525,0.8651795062464682
0.0,43.46509674970511,47.3445570383524,0.0,118.39774870606152,0.0,39.21668218755586,-145.86560018237415,189.5426028981296,1.0,2.0,0.0,11.0,4076.8862458734648,27.0,2.0,4.54656085780483,3.208594665040521,1.3000132158228723,1032.5362640968644,728.1889328852169,0.8581594762075329,0.24,0.8499759805907571
439.0,17.688870292855878,50.0,6.0,0.054974444238052,0.0,49.10045606134627,-105.29052966199583,2.8897592889369825,1.0,2.0,0.0,6.0,5513.328037397168,26.999947777393466,1.0,1910.596377068944,14.716923276160912,1.3014161326151374,0.0,790.3985444974622,0.05,0.24,0.6347727199647446
0.0,0.0020008030664195,0.0,0.0,0.0,2.0,14.78024931233054,25.376186518113144,0.0017035926655547,1.0,3.0,0.0,10.0,3378.628143271609,1.0,15.0,426.81942821636267,10.193124144386909,6.185959122319503,29.260671028137605,868.2549012585214,0.4345229364137917,0.7,0.9276374514812266
393.4953191773157,0.0,0.0,3.0,120.0,5.0,70.33952963645079,150.20315849524525,163.3383501171288,1.0,5.0,13.0,1.0,66.0,27.0,12.0,3749.700213664781,8.363058424272976,11.216176863800838,0.0425433182053167,698.7654320987654,0.05,0.7,0.3743647570232504
439.0,405.88229145025895,50.0,6.0,86.82061970519779,9.0,57.01497899344316,-151.6153,0.0,0.0,5.0,13.0,3.0,66.0,1.0,16.0,3739.20576595212,0.0,34.97049803479782,308.2709121681338,765.5811716017719,0.0500089179682383,0.6999618906847545,0.8268176408522728
398.0092816907887,6.116078026105584,49.34966435683754,6.0,119.94879245481312,0.0,63.2639975030004,-96.55349262367744,0.0131503540198068,1.0,2.0,12.0,10.0,5966.4,27.0,2.0,3750.0,892.3502814116903,1.3,0.0,698.7654320987654,0.3405585416258341,0.2400003105316503,0.8348204697434066
425.5935858869076,405.3899678164563,49.999994514522506,6.0,119.70956434720227,0.0,-38.50642162724021,-151.61251876853655,10.839246000443868,0.0,5.0,0.0,11.0,4001.274129814665,27.0,7.0,68.20107266514381,0.0200505185225119,35.0,2456.4174443703505,786.0007719571254,0.2873690403246058,0.2562628979390148,0.8907826175617289
437.7598852630624,16.488033293466277,49.99999536707435,3.0,0.0292189038157997,9.0,40.06530880321611,149.54508253689423,184.9136668940111,1.0,2.0,7.0,2.0,5966.4,23.63161132113548,1.0,4.611651035924355,8.59035921090168,15.642923284181034,1.6627754255107323,727.0553116117768,0.0939367222430363,0.24,0.3802164360199292
439.0,318.8853244529323,50.0,6.0,0.6136260478893777,0.0,-5.4235064888794255,-151.6153,0.0,1.0,5.0,13.0,3.0,5966.4,27.0,1.0,3749.376766866209,2.3182382118212104,1.3,0.0208829176918448,698.7654320987654,0.05,0.24,0.8775506069531169
439.0,406.0,49.9992655612812,2.0,0.0,2.0,-26.037613220177395,150.21,197.0,1.0,5.0,13.0,11.0,5966.4,20.44579341031733,16.0,3750.0,0.0,1.3,0.0,1017.985611510791,0.05,0.7,0.37
438.9997642767085,406.0,49.31041296606792,6.0,0.1488458192061889,2.0,47.52646107159295,53.59145860019712,0.0026015147098843,1.0,5.0,12.0,9.0,5801.107246366775,3.663728680410392,1.0,33.377173707865865,0.0020100239481187,1.5150120243962604,133.23408190221798,698.7715793966776,0.54589019428445,0.7,0.7548916934891035
439.0,360.753952646993,48.0,5.0,33.281511653614494,0.0,51.43331946904665,-96.78861119422544,61.22240993553597,1.0,5.0,13.0,0.0,66.0,1.0,16.0,3750.0,0.0093055218191574,35.0,7500.0,1017.985611510791,0.0500018354608516,0.2511241780754512,0.93
432.2590673857601,0.0,49.99964818889608,2.0,2.724783167950984,3.0,-38.39902535033946,85.74482798667711,131.04913885190592,0.0,5.0,0.0,0.0,211.61894941445615,27.0,1.0,3748.6994511998273,892.759718100173,34.33917373217718,64.60322141097562,904.7710745265964,0.0500117104806558,0.24,0.7492253835453356
0.0,405.99994444159785,0.0,1.0,8.521925123683577,2.0,70.34392046340898,-151.4638665189836,196.60502872291303,0.0,5.0,12.0,10.0,67.19160841661733,1.0,15.0,28.02638236430656,128.5950533799773,34.698800097011656,7499.7592364777665,909.7304215457548,0.86,0.7,0.66656049032643
0.0,304.81464146937543,49.441784395983255,0.0,25.38671023609558,0.0,-38.5221,-151.6153,6.86490263828564e-05,1.0,2.0,0.0,11.0,5966.4,22.91015739486388,15.0,4.064227210881707,0.0,35.0,7500.0,764.5348737154684,0.86,0.3766666666666666,0.3789872623033913
439.0,0.0,50.0,6.0,120.0,0.0,-38.5221,16.15594465065888,0.0,1.0,5.0,0.0,0.0,66.0,27.0,1.0,3750.0,892.8,1.3,0.0,698.7654320987654,0.05,0.24,0.7974453820645774
0.1518398654473885,406.0,0.0,1.0,0.0,4.0,70.3458,-151.6153,0.0,0.0,3.0,0.0,11.0,5966.4,1.0,1.0,3750.0,892.8,35.0,0.0,1017.9854706769254,0.86,0.24,0.3700321841018797
437.49957998493744,0.0005897725112941,0.0,6.0,119.9996835610398,0.0,70.3458,-151.6153,195.33063555967613,1.0,5.0,7.0,0.0,1853.420368937595,1.0,15.0,4.379272586637975,0.0,7.267347664404101,7500.0,1017.985611510791,0.05,0.5413005890155969,0.8261791271604411
0.0,269.036055061477,50.0,6.0,119.92319412794622,0.0,18.126186613679085,-133.53080517325216,5.226651165756232,1.0,3.0,12.0,0.0,5966.4,25.969520829165248,1.0,10.57889669077231,137.6657559891848,20.650126910031208,7500.0,698.7655963126133,0.3555478696756903,0.699979903834516,0.6606823335711773
31.1532426267299,406.0,49.90793877870663,2.0,0.0,4.0,61.03432609742988,118.69494547425278,145.8590985436943,1.0,5.0,10.0,3.0,453.8904002469435,1.012802975121357,15.0,120.29537151503686,0.0,35.0,7500.0,1017.985611510791,0.05,0.6999960922152726,0.4883154291916153
0.0,0.0,0.0,0.0,0.0,2.0,69.82281627968264,149.96883285644392,0.0,1.0,3.0,0.0,1.0,3019.520686007605,1.0,13.0,10.550998686059865,0.0,34.98210606211938,18.75446791699971,698.7654320987654,0.379907978698692,0.6999954690855676,0.9295551072784548
3.1929435389491205,328.85641845709523,49.27014755038782,6.0,119.67047702288365,9.0,42.41121047869833,-132.67531244025488,0.0,1.0,3.0,5.0,2.0,5966.4,26.875415075556525,11.0,40.47968901593464,0.032648355879986,1.3,340.1414428596862,698.7657849117237,0.6011221618287883,0.7,0.8180696781780913
438.9920784916717,405.5486934599276,49.9947170505872,6.0,83.02067477329169,0.0,28.550768970281343,-151.6153,0.0,1.0,5.0,13.0,0.0,2698.9760985385974,1.001303998744248,15.0,3.3,0.0,33.79116878541748,0.5218884551206113,698.7654320987654,0.05,0.4916349503044942,0.7966212249304572
439.0,405.9998328053077,50.0,4.0,105.64362153082752,0.0,-30.5924260448334,-149.41259439553565,196.99943824297125,1.0,5.0,13.0,0.0,66.0,7.0,16.0,3749.8585012043472,892.7977518406057,35.0,7500.0,1017.985611510791,0.05,0.24,0.6936181148062172
208.99668247778555,0.0,0.0,2.0,89.102419840912,4.0,-38.5221,150.21,183.26035517521427,0.0,2.0,6.0,0.0,66.0,27.0,1.0,3747.697406400873,19.01660607587204,1.473447014276114,7499.93047107068,872.4309530320036,0.0767887668836932,0.24,0.8959506175095956
75.52362405686183,0.3482151746726997,49.9015797172063,6.0,116.93552858150886,0.0,34.67142724227356,-98.69435441038362,113.27690720345012,1.0,5.0,2.0,2.0,2392.248429740049,26.98846619585534,7.0,183.80717816394824,8.800569736919817,3.417919233818183,0.1818455513443642,826.2544966317583,0.0500003032712576,0.341729503980682,0.747564649091578
0.0,406.0,0.0,6.0,120.0,9.0,70.3458,-151.6153,28.31800490136585,1.0,5.0,13.0,0.0,5948.740641767648,1.0,9.0,3.319538591521886,3.4445533634397446e-05,35.0,7448.748854280023,1017.985611510791,0.8599683189486291,0.7,0.370001795776576
438.9184848290049,0.0,50.0,0.0,120.0,4.0,-34.718551319048366,-151.6153,2.416119612429457e-05,0.0,2.0,0.0,0.0,66.45075788816551,26.98535072119596,1.0,3743.70011259072,0.0,1.3,0.0,698.7654320987654,0.05,0.24,0.37
420.1209620051162,0.0,50.0,6.0,119.98438466937908,0.0,68.42769057316299,150.02904404664986,0.0,0.0,2.0,12.0,0.0,5965.99320606885,27.0,6.0,3217.7533601027626,891.0444375279064,1.3206842470766311,0.0,704.3655237967128,0.05,0.24,0.7669464609598488
54.27901272146183,405.9077321020226,0.0,6.0,119.8523255938712,9.0,70.07176396428144,-151.55771839867012,0.0,1.0,5.0,11.0,2.0,106.04830489647384,1.0,15.0,8.728937318574078,0.0003186207170725,1.8406735721496164,5605.036737767994,700.0265330264695,0.86,0.7,0.77744794494555
0.0,0.0,0.9917610781356672,0.0,0.0,5.0,70.3458,142.9831820214852,19.88642498089053,1.0,2.0,0.0,11.0,5958.583381396573,16.93161933419384,16.0,74.93636120915683,0.0,14.183507110060685,254.63988642734785,1013.8967182772228,0.8173290585584564,0.24,0.37
403.4361787663239,71.40538970081622,46.17844323139203,3.0,119.333276275374,4.0,70.3458,145.49112830311935,197.0,1.0,5.0,0.0,10.0,66.34502016780185,25.827078590925908,15.0,3.3,0.0,9.64502165322484,0.3375359287185675,1017.793237106102,0.458342077747647,0.5133333333333333,0.907783520985296
439.0,406.0,0.1538954619780222,6.0,116.3267124668764,0.0,-31.274675560930746,-151.6153,0.2865848551899838,1.0,2.0,13.0,11.0,1776.6919764685636,26.93433344870764,1.0,3750.0,892.8,1.3,0.0,698.7654320987654,0.05,0.2400004678713699,0.93
0.0,225.7937794011033,34.714405628742995,5.0,119.78590055361975,0.0,-38.01243537738068,-151.2954559803004,106.70943894445789,1.0,5.0,13.0,2.0,5966.4,1.0000086350553796,12.0,27.36771081707952,7.288820538356214,4.339065209707912,7500.0,856.7416672617114,0.86,0.5133333333333333,0.433949031635206
438.0692549858384,406.0,49.99912787539762,2.0,0.0433609592921183,2.0,-38.5221,149.8556030478606,0.3944245970965996,0.0,1.0,0.0,0.0,5966.389596776911,1.0007905830605062,1.0,3742.734849063861,892.8,1.3,0.0005191875301739,1017.985611510791,0.4096018013880115,0.24,0.93
226.05262739994876,244.8469407971537,48.0,6.0,27.73366758418685,0.0,33.22748294595583,-79.01670489260252,30.69712787261298,1.0,5.0,5.0,5.0,2705.280933521931,22.621541063659443,2.0,358.15079061403617,52.76910281449744,10.589647178667152,28.291427900359118,810.9977216825645,0.3441382479347938,0.4428594169176955,0.6687115309945953
438.5496054546187,405.9440962591527,0.0,6.0,0.0002231898477564,0.0,69.99043771892288,-151.57390569341976,0.015596209213792,1.0,5.0,12.0,6.0,66.0,1.0,16.0,3.3099279157139847,57.41840344009685,35.0,7500.0,1017.985611510791,0.6093247674323486,0.7,0.4092361710551793
439.0,59.45951852768867,0.0,2.0,0.0387069448039117,9.0,-38.5221,149.7939265545876,193.4569597290768,0.0,5.0,0.0,1.0,5965.425139012752,16.094223642451183,15.0,3.3869571662485143,31.98251518062111,35.0,7500.0,795.9568135897574,0.8599867750899586,0.6811299944851422,0.4118089412924788
363.3026730594349,398.9633526473149,0.0017932800999008,2.0,77.04746942532601,2.0,-38.378379523358575,142.96546441801428,2.313137851298932,0.0,1.0,12.0,0.0,1482.673881088413,26.270384930503305,1.0,412.8733642839941,892.8,1.3590063737742613,283.0238770549866,715.0688812669497,0.5064299742383445,0.2692304875540203,0.8754297370143641
422.7336916326728,406.0,0.0,2.0,27.79436700486942,9.0,21.575680320278444,150.20981306351794,195.206668703174,1.0,5.0,13.0,6.0,1004.4137014060674,1.001331161244258,16.0,111.94125284020544,11.51521289699068,1.302702639987385,0.0005937906890569,698.7675792240132,0.0698132770807987,0.7,0.93
0.0,406.0,0.0,2.0,0.1110403359377778,4.0,-38.517468573423386,150.1803312155189,193.454619009713,0.0,5.0,13.0,10.0,66.0,1.0,16.0,426.1163711675841,892.8,35.0,4692.763101642513,698.7657365125624,0.8599675846436042,0.7,0.9299975945901144
439.0,347.383306188712,0.0,2.0,0.0,4.0,70.21271533282797,23.42239664387009,71.67421604838337,1.0,5.0,0.0,0.0,66.00068937848978,1.0,16.0,3750.0,0.3119536839604974,35.0,7500.0,1017.985611510791,0.86,0.7,0.93
439.0,406.0,0.0,2.0,119.9799501416972,4.0,-38.5221,150.21,3.379867702698392,0.0,5.0,0.0,10.0,114.39785311130484,1.0,11.0,3.946185636073381,0.0,35.0,7500.0,802.1995815539314,0.86,0.7,0.9298988759061702
438.549956402975,406.0,0.0,1.0,119.99997567018556,4.0,70.3458,-151.6153,0.0,0.0,5.0,0.0,11.0,66.0,1.0,1.0,3750.0,892.8,35.0,0.0,1013.9077689549864,0.86,0.24,0.37
0.0,406.0,0.0,1.0,0.0,0.0,70.19314732514364,-151.4127794192066,3.194637452670447,1.0,5.0,12.0,10.0,66.0,1.0,16.0,55.40363762796611,261.4317207950631,35.0,7500.0,1017.985611510791,0.86,0.7,0.3799640670795392
0.0,406.0,0.0,2.0,1.282561770576991,4.0,-38.52198654762679,150.14005707075177,0.0506507445859064,0.0,5.0,12.0,10.0,66.02592514329945,1.0,13.0,6.739815167859426,35.32685009364513,34.99996661656072,7500.0,997.9847403287332,0.8593109294017715,0.7,0.645335004218657
439.0,0.1087409024339572,50.0,6.0,0.0,0.0,-30.745636999514744,-151.6153,0.0010155895729772,1.0,5.0,0.0,0.0,167.69759663212687,27.0,1.0,3750.0,8.654645956510876,4.508169992935714,7478.15340283667,1017.985611510791,0.8551429688714531,0.6999996063543139,0.93
438.99991325041793,0.2942822570849546,0.0,2.0,0.0020607884701884,4.0,-38.52178084158186,116.14683914657104,0.6236234162941557,0.0,5.0,7.0,0.0,66.0,1.0,16.0,3711.2132714704494,891.8341308466194,34.99987839552462,7500.0,1017.9201452492796,0.86,0.7,0.9298864305406606
0.0515877308424416,0.0,50.0,1.0,120.0,2.0,70.3458,150.21,0.0,0.0,3.0,0.0,1.0,5966.4,27.0,1.0,3.4175073868339663,30.57259982600148,34.99833373024371,0.0,889.7131635566174,0.05,0.2746718059224995,0.6854308084557786
439.0,0.0,50.0,6.0,0.0,4.0,70.3458,-151.6153,0.0,0.0,5.0,13.0,0.0,827.7290281050797,26.99975654658259,1.0,179.37215910705268,892.8,1.3,7394.118965011906,699.5478672522398,0.05,0.24,0.37
439.0,86.91819887325691,0.0,2.0,0.2519205443450193,9.0,-38.5221,150.2083858825282,190.616371015273,0.0,5.0,0.0,2.0,66.0,26.999929812362264,16.0,3.3,892.8,34.51791602932945,7500.0,1017.9804302697756,0.86,0.24,0.37
0.0,0.0,0.0002580019511853,0.0,0.0043887575327236,5.0,26.29594039394744,-151.6153,197.0,1.0,2.0,13.0,11.0,130.01794896734705,27.0,16.0,3750.0,0.0,34.997619548772406,7499.770964066329,698.7654320987654,0.86,0.24,0.3700009853242175
439.0,405.0184957966856,0.0,2.0,0.0,9.0,-38.5221,53.44068756455439,0.0756203311923958,0.0,2.0,0.0,2.0,3761.81518016679,26.99278688443721,4.0,1180.8439870272769,13.577712238970522,33.59757672392196,7500.0,805.5456600146848,0.86,0.5133333333333333,0.7539459503031826
