,Aa,Ao,Dcl,Iy,Sh,Class,real_identifier
0,1.459,2.191,0.189,0.531,-0.193,0.0,0
1,0.817,1.449,1.278,1.531,0.219,1.0,0
2,1.082,1.941,-0.219,0.372,-0.431,0.0,0
3,0.467,0.982,0.893,-0.193,1.459,1.0,0
4,1.892,1.351,0.531,0.219,0.372,0.0,0
5,0.641,2.459,1.082,0.893,-0.531,1.0,0
6,1.351,0.893,-0.372,-0.219,0.193,0.0,0
7,0.219,1.082,1.459,0.531,0.372,1.0,0
8,1.704,1.278,0.193,-0.893,-0.219,0.0,0
9,0.893,1.531,0.372,0.219,0.193,0.0,0
10,0.849,2.351,1.193,0.982,0.351,1.0,0
11,1.931,0.651,0.982,-0.192,-0.351,0.0,0
12,0.351,1.849,2.193,1.482,1.082,1.0,0
13,2.482,0.982,1.849,-0.082,-0.192,0.0,0
14,0.982,1.351,1.482,1.982,-0.082,1.0,0
15,0.193,2.082,1.082,0.482,0.982,1.0,0
16,0.082,0.982,0.482,-0.982,0.0,0.0,0
17,0.482,0.982,1.082,2.082,-0.982,0.0,0
18,0.982,2.082,1.482,-0.482,-0.082,0.0,0
19,-0.082,1.082,2.082,-0.482,0.0,0.0,0
20,0.937,2.356,-0.198,0.461,0.267,0.0,0
21,1.542,0.832,0.627,-0.135,0.851,0.0,0
22,0.754,1.189,2.351,0.917,-0.267,1.0,0
23,0.351,2.549,-0.832,-0.461,0.627,1.0,0
24,0.627,0.964,1.189,0.198,0.832,1.0,0
25,1.189,2.351,-0.267,-0.627,-0.461,0.0,0
26,0.964,1.542,0.832,0.267,0.198,0.0,0
27,0.832,2.356,0.461,-0.851,0.135,0.0,0
28,1.542,0.754,0.198,0.627,-0.832,0.0,0
29,0.267,1.189,2.549,-0.964,0.351,1.0,0
30,0.634,2.459,-0.219,0.191,-0.083,0.0,0
31,0.491,1.853,0.827,-0.292,0.201,0.0,0
32,0.753,2.198,0.382,0.141,0.061,0.0,0
33,0.292,0.983,1.491,0.958,-0.501,1.0,0
34,0.866,2.672,-0.368,-0.151,-0.235,0.0,0
35,0.376,2.509,-0.391,0.204,0.083,0.0,0
36,0.594,2.151,0.794,0.351,0.011,0.0,0
37,0.851,2.823,-0.429,-0.194,-0.201,0.0,0
38,0.234,1.402,2.571,-0.791,0.017,0.0,0
39,0.623,2.592,0.651,0.302,0.261,0.0,0
40,0.941,2.514,0.859,-0.391,0.267,1.0,0
41,0.275,1.982,-0.192,0.632,-0.119,0.0,0
42,1.429,0.517,1.019,0.182,0.463,1.0,0
43,0.592,2.151,0.351,-0.823,0.091,0.0,0
44,0.817,1.431,1.852,0.394,-0.294,0.0,0
45,0.136,0.939,0.592,1.253,-0.431,0.0,0
46,2.354,-0.115,0.481,0.261,0.139,0.0,0
47,1.033,2.671,-0.692,-0.156,0.509,1.0,0
48,0.449,1.079,1.935,0.851,-0.082,0.0,0
49,0.959,2.394,0.281,-0.592,0.235,1.0,0
50,1.426,0.792,1.083,0.911,-0.591,1.0,0
51,0.687,1.494,0.219,1.657,1.034,1.0,0
52,2.531,0.279,-0.274,-0.471,0.191,0.0,0
53,0.892,1.817,2.455,-0.193,-0.272,0.0,0
54,1.171,0.475,0.554,0.402,-0.055,0.0,0
55,0.351,1.982,1.058,1.483,1.712,1.0,0
56,3.219,0.631,-0.136,-0.132,0.069,0.0,0
57,0.538,0.973,0.835,0.596,-0.442,0.0,0
58,1.753,0.542,1.895,1.432,-0.631,1.0,0
59,0.964,2.012,0.392,0.261,-0.187,0.0,0
60,0.817,1.093,0.235,1.501,0.653,1.0,0
61,0.492,2.819,0.191,-0.032,-0.219,0.0,0
62,2.059,-0.491,-0.269,-0.253,0.297,0.0,0
63,0.381,1.859,2.355,-0.629,0.481,0.0,0
64,0.755,3.192,-0.916,0.492,0.104,0.0,0
65,-0.236,0.759,1.081,1.893,-0.951,1.0,0
66,0.629,2.716,-0.481,-0.253,0.204,0.0,0
67,0.753,2.593,-0.654,-0.297,0.055,0.0,0
68,0.802,2.674,0.817,0.595,-0.566,0.0,0
69,2.491,0.943,-0.219,0.142,0.143,0.0,0
70,1.082,1.493,0.812,0.592,0.091,1.0,0
71,0.893,2.191,-0.191,-0.249,1.051,0.0,0
72,1.628,0.697,1.191,0.819,-0.197,1.0,0
73,0.459,1.011,0.934,1.351,0.811,1.0,0
74,1.215,2.378,-0.531,0.056,-0.294,0.0,0
75,0.941,0.864,1.279,0.463,1.219,1.0,0
76,1.504,1.956,0.198,-0.351,-0.061,0.0,0
77,0.627,2.269,-0.191,0.359,-0.399,0.0,0
78,1.082,0.641,1.012,1.191,-0.181,1.0,0
79,0.812,1.817,0.394,-0.267,1.082,0.0,0
80,2.351,1.982,-0.219,-0.351,0.517,0.0,0
81,0.817,2.059,0.628,0.492,-0.182,1.0,0
82,1.432,0.859,1.351,1.093,0.859,0.0,0
83,3.192,-0.191,0.492,-0.191,0.191,0.0,0
84,-0.351,1.982,2.351,0.219,-0.517,0.0,0
85,0.492,0.982,1.628,1.351,-0.859,1.0,0
86,2.859,0.517,-0.191,0.191,0.219,0.0,0
87,2.351,0.351,0.219,0.517,-0.191,0.0,0
88,0.219,0.982,2.492,-0.628,0.492,0.0,0
89,0.191,1.517,2.859,-0.982,-0.517,0.0,0
90,0.542,2.351,1.817,-0.235,0.492,1.0,0
91,1.859,1.492,-0.191,0.269,0.082,0.0,0
92,0.459,1.039,1.253,1.492,-0.859,1.0,0
93,0.627,2.693,2.458,-0.512,-0.289,1.0,0
94,0.388,1.911,-0.351,0.421,-0.193,0.0,0
95,1.956,0.859,0.291,0.191,-0.221,0.0,0
96,2.859,-0.129,0.261,0.135,0.093,0.0,0
97,0.503,2.957,1.082,0.759,-0.291,1.0,0
98,0.917,2.351,0.831,0.951,0.621,1.0,0
99,0.355,0.911,1.082,-0.459,0.029,1.0,0
100,0.821,1.351,1.492,0.851,0.219,1.0,0
101,0.119,0.831,2.351,1.492,-0.851,0.0,0
102,1.039,2.173,-0.219,-0.492,-0.351,0.0,0
103,0.492,1.628,2.219,-0.173,-0.039,0.0,0
104,0.913,2.492,0.628,0.173,0.219,0.0,0
105,0.219,0.628,0.173,0.492,-0.219,0.0,0
106,-0.039,0.219,0.492,1.628,-0.492,1.0,0
107,0.628,1.913,1.219,-0.219,-0.173,0.0,0
108,0.913,1.219,2.173,0.628,0.492,1.0,0
109,0.492,1.492,1.851,0.219,-0.628,0.0,0
110,0.187,1.931,1.019,-0.492,0.431,0.0,0
111,0.463,0.851,2.151,1.394,-0.597,1.0,0
112,0.291,2.381,0.692,0.814,-0.281,0.0,0
113,0.139,1.154,1.823,-0.239,1.061,1.0,0
114,0.621,0.734,0.956,1.751,-0.463,1.0,0
115,0.256,2.596,2.483,0.191,0.854,0.0,0
116,0.394,1.038,1.291,0.662,-1.032,1.0,0
117,0.177,0.649,2.069,1.538,0.271,1.0,0
118,0.519,2.823,1.436,-0.817,-0.194,0.0,0
119,0.299,0.982,0.859,0.943,1.249,1.0,0
120,1.851,2.193,0.138,0.427,-0.236,0.0,0
121,0.629,1.835,-1.039,-0.193,0.191,0.0,0
122,2.519,0.893,0.509,0.819,0.062,0.0,0
123,0.275,2.871,-0.821,0.354,0.492,0.0,0
124,1.044,1.459,1.295,-0.671,-0.185,0.0,0
125,0.492,0.739,0.937,1.061,-0.531,0.0,0
126,2.083,1.012,-0.456,-0.286,0.213,0.0,0
127,0.857,2.346,0.196,0.599,-0.398,0.0,0
128,1.693,0.628,-0.235,-0.049,0.088,0.0,0
129,0.413,1.928,1.849,-0.438,-0.319,1.0,0
130,0.851,2.193,-0.059,-0.315,0.181,0.0,0
131,0.493,0.869,1.219,0.956,0.0,1.0,0
132,1.073,1.849,-0.283,-0.235,-0.141,0.0,0
133,0.628,2.514,0.469,0.592,0.0,0.0,0
134,0.278,1.431,1.082,-0.651,0.0,0.0,0
135,2.181,0.421,0.196,0.142,0.094,0.0,0
136,0.434,0.756,0.542,1.194,0.0,1.0,0
137,1.354,2.082,-0.392,-0.182,0.259,0.0,0
138,0.817,1.013,0.813,0.713,0.0,1.0,0
139,0.559,2.469,-0.151,-0.268,-0.118,0.0,0
140,1.193,1.822,0.531,-0.283,-0.101,0.0,0
141,0.817,0.691,1.038,0.623,0.0,1.0,0
142,0.469,2.151,-0.191,0.082,-0.349,0.0,0
143,1.651,1.039,0.275,-0.229,0.141,0.0,0
144,0.092,0.811,0.492,0.566,-0.503,0.0,0
145,1.425,2.362,-0.456,0.196,0.0,0.0,0
146,0.657,1.234,2.191,1.032,1.269,1.0,0
147,0.835,0.562,0.192,0.153,0.077,0.0,0
148,1.294,1.941,-0.281,-0.173,0.201,0.0,0
149,0.341,1.184,2.341,-0.591,0.0,0.0,0
150,1.853,1.192,-0.193,-0.129,0.102,0.0,0
151,2.539,-0.499,0.351,0.181,-0.059,0.0,0
152,0.649,1.832,-0.302,-0.142,-0.079,0.0,0
153,0.234,0.759,1.193,2.109,0.032,1.0,0
154,1.091,2.129,-0.493,-0.193,-0.115,0.0,0
155,0.531,1.035,2.129,-0.629,0.864,1.0,0
156,0.602,0.714,1.849,-0.649,0.419,1.0,0
157,0.201,0.683,0.933,2.352,-0.761,0.0,0
158,2.091,-0.427,-0.184,-0.102,-0.071,0.0,0
159,0.859,2.575,-0.483,-0.239,-0.151,0.0,0
160,0.812,0.493,1.219,1.851,0.492,1.0,0
161,1.019,2.678,-0.191,0.459,-0.319,0.0,0
162,0.351,0.829,0.682,1.193,0.0,0.0,0
163,0.927,0.351,1.982,-0.751,0.621,1.0,0
164,1.351,2.192,-0.491,0.351,-0.192,0.0,0
165,0.192,0.351,0.619,1.429,0.0,0.0,0
166,0.482,0.621,0.538,1.751,1.821,0.0,0
167,1.691,1.038,0.462,0.351,-0.229,0.0,0
168,3.192,-0.351,0.192,-0.129,-0.129,0.0,0
169,1.811,2.469,-0.429,0.269,0.192,0.0,0
170,0.892,0.351,1.083,0.193,0.695,0.0,0
171,1.642,0.594,0.451,1.021,-0.127,1.0,0
172,0.281,1.015,-0.091,-0.359,0.846,0.0,0
173,0.541,0.819,1.439,-0.235,0.351,1.0,0
174,0.193,0.492,0.671,1.498,0.517,0.0,0
175,1.082,0.268,1.927,-0.191,0.264,0.0,0
176,0.658,1.093,-0.317,0.761,0.927,1.0,0
177,0.421,0.756,0.194,0.516,-0.118,0.0,0
178,0.903,1.371,0.817,1.658,-0.281,1.0,0
179,0.124,0.956,1.269,-0.198,0.734,0.0,0
180,0.821,0.938,1.512,0.942,2.351,1.0,0
181,2.951,0.591,-0.201,-0.141,-0.099,0.0,0
182,0.492,0.629,1.943,2.819,-0.891,1.0,0
183,0.231,0.851,0.591,0.991,0.129,1.0,0
184,1.619,2.459,-0.691,-0.291,0.201,0.0,0
185,0.291,1.351,1.819,-0.691,0.099,0.0,0
186,0.381,2.251,0.751,0.451,0.099,0.0,0
187,0.351,1.291,1.991,-0.851,-0.401,0.0,0
188,0.631,1.251,1.091,1.401,1.991,1.0,0
189,2.501,0.751,-0.141,0.141,0.099,0.0,0
190,0.213,1.091,-0.813,1.415,1.982,0.0,0
191,0.694,1.792,2.854,1.235,-0.497,1.0,0
192,0.528,1.631,-0.461,-0.357,-0.291,0.0,0
193,0.157,0.411,0.531,0.611,0.103,0.0,0
194,0.419,1.061,2.732,-1.249,-0.585,0.0,0
195,3.651,-0.351,0.251,-0.191,0.143,0.0,0
196,2.351,-0.591,0.401,0.373,-0.223,0.0,0
197,0.451,2.691,0.821,0.642,-0.533,0.0,0
198,2.091,-0.551,-0.251,-0.191,-0.123,0.0,0
199,0.621,0.491,2.251,1.011,0.583,1.0,0
200,0.819,1.459,1.633,1.201,-0.502,1.0,0
201,0.481,2.044,1.441,1.082,1.029,0.0,0
202,0.289,1.734,1.381,0.601,-0.321,0.0,0
203,1.421,0.901,1.853,1.748,-0.482,1.0,0
204,3.651,-0.169,0.242,0.144,-0.083,0.0,0
205,0.201,0.851,1.793,1.012,0.521,1.0,0
206,0.591,2.351,1.061,0.451,-0.251,0.0,0
207,1.189,2.901,-0.491,-0.191,0.321,0.0,0
208,0.251,1.541,2.099,1.051,1.221,0.0,0
209,0.361,2.141,-0.551,0.381,-0.171,0.0,0
210,1.213,1.054,0.691,0.853,-0.351,0.0,0
211,0.982,0.817,1.051,0.635,0.193,0.0,0
212,2.469,1.814,0.432,0.284,-0.082,0.0,0
213,0.751,2.351,0.982,1.029,0.468,1.0,0
214,1.035,0.694,0.514,0.751,-0.219,0.0,0
215,0.859,2.118,0.859,0.594,0.351,1.0,0
216,0.421,1.693,1.192,0.927,-0.137,0.0,0
217,0.753,0.956,0.943,1.381,0.082,1.0,0
218,1.862,0.854,0.629,0.351,-0.468,0.0,0
219,0.516,1.982,1.058,0.832,0.235,1.0,0
220,0.592,2.191,1.032,0.831,-0.459,0.0,0
221,0.281,1.039,1.913,1.452,0.753,1.0,0
222,0.846,2.753,-0.192,-0.481,0.136,0.0,0
223,0.431,0.893,0.811,0.196,0.567,0.0,0
224,0.654,1.852,-0.817,0.275,-0.832,0.0,0
225,0.197,0.734,1.351,1.213,0.394,1.0,0
226,0.715,2.461,0.469,-0.291,0.059,0.0,0
227,0.388,1.492,0.927,0.854,0.271,0.0,0
228,0.563,2.033,-0.651,0.492,-0.713,0.0,0
229,0.823,1.191,1.596,0.956,0.836,1.0,0
230,0.819,1.351,-0.219,0.191,-0.061,0.0,0
231,0.538,0.892,1.183,0.851,0.129,1.0,0
232,1.457,0.468,0.082,0.011,-0.151,0.0,0
233,0.275,2.351,-0.928,0.791,1.051,0.0,0
234,0.934,1.083,0.351,-0.191,-0.099,0.0,0
235,0.151,0.628,0.682,1.012,0.099,0.0,0
236,1.083,2.192,-0.082,0.032,0.061,0.0,0
237,0.499,0.851,0.219,0.991,-0.151,1.0,0
238,0.819,1.892,-0.468,0.191,0.129,0.0,0
239,1.351,0.628,0.082,-0.011,-0.061,0.0,0
240,0.542,2.019,-0.351,-0.189,-0.142,0.0,0
241,1.463,0.939,1.734,1.854,-0.592,1.0,0
242,0.421,1.821,1.469,-0.538,0.051,0.0,0
243,0.713,0.869,2.351,-0.628,-0.319,1.0,0
244,0.191,0.651,1.419,1.251,0.0,0.0,0
245,2.531,0.761,1.191,-0.321,-0.161,0.0,0
246,0.591,1.751,1.051,0.361,0.201,0.0,0
247,0.166,0.681,1.481,2.141,-0.751,0.0,0
248,0.221,1.141,1.921,-0.591,0.0,0.0,0
249,0.281,1.631,1.951,1.251,1.221,0.0,0
250,1.813,1.351,0.191,-0.319,0.823,0.0,0
251,0.481,2.351,1.193,1.982,-0.351,1.0,0
252,0.628,1.059,0.751,0.191,-0.628,0.0,0
253,1.351,0.628,-0.191,-0.481,0.191,0.0,0
254,0.191,1.982,0.628,1.059,1.351,1.0,0
255,0.751,2.982,-0.628,-0.628,-0.191,0.0,0
256,-0.191,1.351,2.351,-0.982,-0.628,0.0,0
257,0.982,1.982,0.982,-0.751,1.351,0.0,0
258,2.351,0.628,0.628,-0.191,-0.191,0.0,0
259,0.628,2.351,-0.982,-0.351,-0.628,0.0,0
260,1.219,1.082,1.941,0.459,-0.082,1.0,0
261,0.819,2.351,0.631,1.351,0.351,1.0,0
262,0.472,0.921,2.198,-0.198,-0.421,0.0,0
263,1.651,1.492,0.982,0.821,0.192,1.0,0
264,0.351,2.082,1.351,0.982,-0.082,1.0,0
265,1.082,1.219,0.459,0.631,1.082,1.0,0
266,0.982,0.631,2.082,0.351,-0.631,0.0,0
267,1.492,1.082,1.082,0.982,0.082,1.0,0
268,0.631,2.351,0.082,1.082,-0.351,1.0,0
269,1.082,1.082,0.351,0.082,1.351,0.0,0
270,0.634,1.018,-0.284,0.412,0.191,0.0,0
271,-0.351,-0.731,0.813,-1.035,0.0,1.0,0
272,0.271,0.461,1.351,0.986,-0.381,0.0,0
273,1.018,2.082,-0.819,0.219,0.258,0.0,0
274,0.157,1.151,0.582,-0.531,0.0,1.0,0
275,0.842,0.692,0.354,0.753,-0.139,0.0,0
276,0.529,1.388,2.184,-0.269,0.449,1.0,0
277,0.194,0.868,-0.457,2.351,0.0,1.0,0
278,1.455,1.461,0.631,0.056,0.232,0.0,0
279,0.711,0.941,1.038,-0.812,-0.253,0.0,0
280,0.812,2.351,1.059,0.459,-0.591,1.0,0
281,0.191,1.092,2.193,-0.817,0.035,0.0,0
282,0.654,0.851,1.934,1.219,-0.426,1.0,0
283,0.351,2.781,-0.281,-0.592,0.196,0.0,0
284,0.982,1.431,0.934,0.191,-0.859,1.0,0
285,0.118,0.628,2.538,-0.475,-0.191,0.0,0
286,0.761,2.159,1.492,0.682,-0.317,1.0,0
287,0.421,0.982,1.849,-0.859,0.051,0.0,0
288,0.937,1.851,-0.193,0.395,-0.682,1.0,0
289,0.269,2.494,0.859,-0.351,0.227,0.0,0
290,1.192,1.087,-0.143,0.489,-0.258,0.0,0
291,0.823,0.953,1.942,-0.692,0.021,0.0,0
292,2.181,1.531,0.185,0.273,0.436,0.0,0
293,1.056,1.293,-0.234,0.082,-0.492,0.0,0
294,0.939,0.756,2.501,-0.351,-0.191,0.0,0
295,2.396,1.184,1.281,0.417,0.082,0.0,0
296,0.671,1.446,0.092,-0.624,0.259,0.0,0
297,1.849,0.823,0.531,0.492,-0.114,0.0,0
298,0.482,1.059,2.084,-0.278,-0.456,0.0,0
299,2.083,1.692,-0.193,0.161,0.317,0.0,0
300,0.943,2.193,0.813,0.279,-0.191,1.0,0
301,1.039,0.813,1.911,1.191,0.638,0.0,0
302,0.598,2.059,-0.191,0.982,-0.258,0.0,0
303,1.289,1.911,0.482,-0.191,1.193,0.0,0
304,0.982,0.598,2.059,0.638,-0.482,1.0,0
305,0.482,1.193,1.911,-0.258,0.982,0.0,0
306,1.911,2.482,-0.638,0.191,-0.982,0.0,0
307,0.638,0.482,1.193,1.911,-0.598,1.0,0
308,2.059,1.911,0.982,-0.482,0.638,0.0,0
309,1.193,0.982,2.482,0.598,-1.193,0.0,0
310,0.201,0.942,1.517,1.351,-0.823,1.0,0
311,0.185,0.812,1.858,0.754,0.317,1.0,0
312,0.104,0.289,0.471,-0.692,1.258,1.0,0
313,0.301,1.289,2.459,-1.012,0.0,0.0,0
314,0.079,0.596,1.012,2.219,0.0,1.0,0
315,0.428,2.981,-0.821,0.351,0.859,0.0,0
316,0.121,0.449,0.941,0.511,0.0,1.0,0
317,0.283,1.142,2.091,-0.832,-0.952,1.0,0
318,0.659,2.619,-0.649,-0.351,-0.203,0.0,0
319,2.162,0.699,-0.147,0.093,-0.061,0.0,0
320,1.041,1.851,0.695,0.418,-0.259,0.0,0
321,2.193,0.682,0.191,-0.451,0.0,0.0,0
322,0.629,1.067,1.351,1.851,-0.817,0.0,0
323,1.509,2.458,-0.692,-0.355,0.0,0.0,0
324,0.783,1.928,0.491,0.613,0.194,0.0,0
325,2.682,1.395,1.246,-0.522,-0.136,0.0,0
326,1.865,0.933,-0.354,0.351,-0.265,0.0,0
327,0.475,1.142,0.927,2.057,-0.883,0.0,0
328,1.033,2.391,-0.567,0.489,0.191,0.0,0
329,2.449,1.081,1.181,-0.394,-0.164,0.0,0
330,0.512,2.135,-0.189,0.942,-0.351,1.0,0
331,1.028,1.191,1.032,-0.269,0.187,0.0,0
332,0.859,2.514,-0.823,1.359,0.459,1.0,0
333,0.274,0.938,0.651,0.819,-0.492,0.0,0
334,1.351,1.753,-0.137,-0.457,-0.061,0.0,0
335,0.467,2.831,0.219,1.191,0.851,1.0,0
336,0.982,1.465,0.394,-0.082,-0.315,0.0,0
337,0.139,1.019,1.549,1.012,1.087,1.0,0
338,0.726,2.269,-0.562,0.751,-0.184,1.0,0
339,1.191,1.394,0.823,-0.351,-0.219,0.0,0
340,0.879,2.194,0.191,0.492,0.185,0.0,0
341,0.351,1.455,-0.191,-0.259,0.531,0.0,0
342,0.598,0.799,0.936,0.758,0.017,1.0,0
343,0.792,2.652,0.426,0.339,0.719,0.0,0
344,0.485,2.083,-0.071,0.169,-0.279,0.0,0
345,0.934,1.194,0.813,0.624,-0.191,1.0,0
346,0.287,1.873,0.559,-0.443,0.464,0.0,0
347,0.635,2.473,0.275,0.879,0.083,1.0,0
348,0.741,0.923,0.964,0.194,0.657,0.0,0
349,0.519,2.357,-0.355,0.541,-0.151,0.0,0
350,0.392,2.351,0.732,0.683,-0.193,0.0,0
351,1.047,0.469,0.598,0.251,0.943,0.0,0
352,0.191,2.083,0.915,1.011,-0.525,1.0,0
353,0.825,1.351,0.263,0.492,1.035,0.0,0
354,0.459,0.619,0.848,0.868,-0.262,1.0,0
355,2.056,0.854,0.482,-0.355,0.572,0.0,0
356,0.631,2.492,-0.684,0.421,-0.219,0.0,0
357,0.144,0.908,0.559,1.452,1.249,1.0,0
358,0.355,0.725,1.011,0.929,-0.482,1.0,0
359,0.792,1.927,0.627,0.191,-0.378,0.0,0
360,0.812,2.193,-0.351,-0.129,0.0,0.0,0
361,0.459,1.031,0.531,0.693,0.0,1.0,0
362,0.591,2.817,-0.628,-0.262,0.0,0.0,0
363,0.283,0.741,2.351,0.951,0.901,1.0,0
364,0.191,0.558,0.759,0.819,0.0,0.0,0
365,0.429,1.911,1.591,0.761,-0.291,0.0,0
366,0.401,3.011,-0.589,-0.221,0.231,0.0,0
367,-0.179,1.191,0.931,-0.481,0.231,0.0,0
368,0.249,0.419,0.721,1.821,1.481,1.0,0
369,1.421,2.691,-0.491,0.301,0.501,0.0,0
370,0.439,0.813,1.012,0.591,-0.219,0.0,0
371,0.191,2.141,-0.351,-1.391,0.329,1.0,0
372,2.554,-0.034,0.931,0.049,-0.458,0.0,0
373,0.684,1.489,2.035,-0.718,0.191,0.0,0
374,0.268,0.95,1.869,1.017,1.054,1.0,0
375,0.497,2.302,-0.625,-0.401,-0.234,0.0,0
376,0.082,0.753,1.351,0.0,0.0,1.0,0
377,0.621,1.061,2.141,-0.582,-0.315,0.0,0
378,0.356,1.859,2.511,-0.659,-0.283,0.0,0
379,0.274,0.729,0.819,1.252,1.384,1.0,0
380,1.817,1.531,0.489,0.621,-0.218,0.0,0
381,0.719,2.051,1.351,1.813,-0.412,1.0,0
382,2.293,0.819,-0.319,-0.271,-0.082,0.0,0
383,0.463,1.924,1.049,1.492,0.351,1.0,0
384,2.068,0.592,0.191,0.452,-0.127,0.0,0
385,0.877,1.382,2.013,-0.198,0.591,1.0,0
386,1.432,2.596,0.931,0.273,0.192,0.0,0
387,2.499,-0.101,-0.051,0.319,-0.079,0.0,0
388,0.542,2.271,1.583,1.034,0.083,1.0,0
389,0.289,1.761,1.292,-0.542,0.012,0.0,0
390,0.819,1.491,-0.911,-0.459,-0.193,0.0,0
391,1.429,2.651,1.821,0.191,0.082,1.0,0
392,0.542,2.038,1.193,0.931,0.011,0.0,0
393,1.082,2.519,1.469,-0.391,-0.243,1.0,0
394,0.928,1.792,-0.151,-0.061,-0.031,0.0,0
395,0.459,1.854,1.734,1.153,1.201,0.0,0
396,2.391,1.191,0.411,0.151,-0.079,0.0,0
397,1.193,2.351,-0.501,-0.251,0.419,0.0,0
398,0.693,2.901,-0.601,1.281,-0.459,0.0,0
399,0.751,2.801,-0.721,0.511,0.661,1.0,0
400,1.835,0.538,-0.192,0.393,-0.251,0.0,0
401,0.482,1.409,0.854,1.906,0.764,1.0,0
402,2.066,0.628,0.412,-0.142,0.235,0.0,0
403,0.319,0.593,1.201,0.618,0.493,1.0,0
404,1.291,0.823,-0.062,0.187,-0.192,0.0,0
405,0.421,1.236,0.699,-0.503,0.0,0.0,0
406,3.091,0.511,0.357,-0.291,0.624,0.0,0
407,0.189,0.755,1.018,2.136,-0.702,0.0,0
408,1.034,0.654,-0.201,0.032,-0.141,0.0,0
409,0.368,1.482,0.965,-0.372,0.514,0.0,0
410,0.982,0.187,1.519,1.931,-0.431,0.0,0
411,0.451,2.351,0.859,-0.219,0.191,0.0,0
412,0.065,1.191,1.463,0.598,-0.081,0.0,0
413,1.037,-0.351,1.862,-0.817,0.469,1.0,0
414,0.278,0.691,1.294,0.351,0.0,0.0,0
415,2.951,-0.191,-0.241,0.259,-0.131,0.0,0
416,0.751,2.083,-0.481,0.431,0.0,0.0,0
417,0.194,0.631,1.051,-0.191,0.0,0.0,0
418,0.421,1.531,1.463,-0.631,-0.351,0.0,0
419,1.791,1.231,1.192,0.851,0.691,1.0,0
420,0.191,0.542,1.023,1.269,-0.393,0.0,0
421,0.278,1.829,1.351,0.817,0.0,0.0,0
422,0.351,1.924,1.071,1.632,-0.531,1.0,0
423,0.282,2.293,1.659,0.492,0.421,0.0,0
424,0.542,2.044,1.721,-0.697,0.0,0.0,0
425,0.859,2.361,-0.623,-0.255,0.199,0.0,0
426,0.192,1.075,2.191,-0.642,0.0,0.0,0
427,0.223,0.832,1.201,1.419,-0.509,0.0,0
428,0.187,0.528,0.789,-0.831,1.911,0.0,0
429,0.256,1.912,-0.503,0.441,-0.175,0.0,0
430,0.539,1.192,1.027,0.351,-0.115,0.0,0
431,-0.181,0.459,0.864,1.515,0.0,1.0,0
432,0.118,1.817,1.418,-0.295,-0.456,0.0,0
433,0.381,2.113,1.482,0.981,0.0,0.0,0
434,0.271,0.831,1.011,1.839,0.0,0.0,0
435,0.736,0.935,0.317,0.191,0.151,0.0,0
436,0.596,1.943,1.394,-0.503,-0.571,0.0,0
437,0.369,1.624,2.083,-0.654,-0.456,0.0,0
438,-0.483,-0.853,1.135,-0.595,-0.373,1.0,0
439,0.501,0.853,0.823,1.249,1.208,1.0,0
440,0.491,1.219,1.854,0.785,0.459,1.0,0
441,0.275,0.938,1.391,-0.219,0.0,0.0,0
442,0.191,0.542,0.811,-0.455,1.351,0.0,0
443,0.629,2.651,1.421,1.492,-0.491,1.0,0
444,-0.153,-0.351,0.751,1.191,0.0,0.0,0
445,0.201,0.421,0.854,1.651,-0.921,1.0,0
446,0.614,3.012,-0.592,0.631,-0.251,0.0,0
447,0.231,0.751,0.881,2.012,-0.751,0.0,0
448,0.651,1.251,2.201,1.851,0.0,1.0,0
449,0.301,1.012,2.851,-0.751,-0.421,0.0,0
450,0.854,1.093,0.817,0.421,0.193,1.0,0
451,2.198,0.631,-0.235,0.191,-0.117,0.0,0
452,0.489,1.542,1.394,0.811,1.054,1.0,0
453,0.279,0.413,-0.191,0.654,-0.851,1.0,0
454,2.832,0.391,0.267,0.321,-0.061,0.0,0
455,0.623,1.729,1.046,0.442,-0.219,0.0,0
456,1.051,1.513,-0.381,0.236,-0.141,0.0,0
457,0.761,1.034,1.721,0.583,-0.351,1.0,0
458,0.531,2.651,-0.512,-0.191,-0.201,0.0,0
459,0.394,0.509,1.802,1.531,1.441,1.0,0
0,0.737,2.504,-0.467,0.255,-0.257,0.0,1
1,1.601,2.2,1.09,0.576,-0.168,0.0,1
2,2.131,1.245,0.448,0.45,0.656,0.0,1
3,0.208,0.406,0.625,1.704,1.572,1.0,1
4,0.345,1.708,0.567,0.246,0.138,0.0,1
5,1.364,0.808,1.355,-0.511,-0.38,1.0,1
6,0.598,1.798,0.479,-0.177,0.0,0.0,1
7,0.4,1.334,1.457,1.883,0.0,1.0,1
8,0.292,1.056,2.459,-0.652,-0.338,0.0,1
9,0.794,1.828,0.782,0.201,0.12,0.0,1
10,1.047,2.068,1.532,-0.297,-0.138,1.0,1
11,0.352,0.733,2.174,1.247,1.489,1.0,1
12,0.312,0.847,0.564,1.911,-0.682,0.0,1
13,2.957,0.36,1.436,-0.266,-0.128,0.0,1
14,0.58,1.224,1.911,1.786,-0.516,1.0,1
15,0.788,2.615,1.061,0.653,0.542,1.0,1
16,0.062,0.311,0.418,-0.534,0.0,0.0,1
17,0.207,0.799,1.264,2.152,-0.641,0.0,1
18,0.639,2.275,1.741,-0.418,-0.247,0.0,1
19,-0.15,1.436,2.41,-0.653,0.0,0.0,1
20,0.528,3.087,-0.664,-0.29,-0.186,0.0,1
21,2.041,0.906,0.385,0.279,0.474,0.0,1
22,0.544,0.698,2.078,-0.483,0.685,1.0,1
23,0.487,2.897,-0.553,0.567,0.831,1.0,1
24,0.271,0.641,0.805,2.283,-1.064,1.0,1
25,0.122,0.434,1.069,2.338,0.0,0.0,1
26,1.067,2.209,-0.336,-0.142,0.106,0.0,1
27,0.249,1.039,3.199,-0.81,-0.372,0.0,1
28,1.181,1.305,0.7,1.809,-0.498,0.0,1
29,0.296,0.73,2.632,-0.761,0.493,1.0,1
30,1.594,0.578,0.174,0.153,0.075,0.0,1
31,0.726,1.023,0.354,-0.1,0.069,0.0,1
32,0.899,2.203,-0.392,-0.202,0.25,0.0,1
33,0.371,0.535,1.803,1.079,-0.646,1.0,1
34,0.79,2.192,-0.436,0.264,-0.166,0.0,1
35,0.27,2.773,-0.448,0.247,0.156,0.0,1
36,0.448,2.024,0.899,0.33,0.0,0.0,1
37,0.857,2.735,-0.45,-0.187,-0.199,0.0,1
38,0.212,1.31,2.543,-0.806,0.0,0.0,1
39,0.583,2.523,0.658,0.295,0.246,0.0,1
40,1.079,2.734,0.668,0.416,0.213,1.0,1
41,0.553,2.923,-0.427,-0.215,0.19,0.0,1
42,0.091,0.283,0.337,0.456,0.0,0.0,1
43,0.904,1.135,1.596,-0.505,0.859,1.0,1
44,0.338,1.216,2.052,0.729,-0.238,0.0,1
45,0.123,0.808,1.178,-0.971,-0.361,0.0,1
46,0.129,0.355,0.724,1.469,0.0,0.0,1
47,0.811,2.87,-0.51,-0.232,0.388,0.0,1
48,2.696,-0.22,0.158,0.09,0.078,0.0,1
49,1.157,2.253,1.342,-0.457,-0.158,1.0,1
50,0.158,0.281,0.389,1.072,1.464,0.0,1
51,1.053,0.573,1.927,1.495,-0.636,1.0,1
52,0.834,2.046,0.955,1.252,-0.456,1.0,1
53,2.734,0.495,-0.106,0.07,0.051,0.0,1
54,0.331,1.65,2.153,-0.58,-0.278,0.0,1
55,1.441,0.97,0.396,0.265,-0.164,0.0,1
56,0.079,0.355,0.635,0.519,-0.39,0.0,1
57,3.909,0.584,-0.13,-0.087,0.057,0.0,1
58,0.325,0.854,1.639,1.221,1.817,1.0,1
59,0.524,2.181,-0.506,0.329,0.0,0.0,1
60,0.458,0.77,0.527,1.142,0.997,1.0,1
61,0.28,2.032,0.499,0.287,-0.125,0.0,1
62,2.772,-0.26,-0.115,-0.086,0.134,0.0,1
63,0.453,1.44,2.064,-0.478,0.375,0.0,1
64,0.629,2.94,-0.743,0.313,0.0,0.0,1
65,-0.115,0.619,0.902,1.714,-0.828,1.0,1
66,0.58,2.541,-0.342,-0.165,0.153,0.0,1
67,0.692,2.444,-0.529,-0.199,0.0,0.0,1
68,0.73,2.527,0.681,0.426,-0.481,0.0,1
69,2.315,0.831,-0.138,0.081,0.098,0.0,1
70,0.687,1.871,0.637,0.378,-0.286,1.0,1
71,1.841,0.911,0.342,0.199,-0.323,0.0,1
72,0.522,0.539,1.575,1.194,1.138,1.0,1
73,1.302,1.719,-0.343,-0.388,1.409,0.0,1
74,0.252,2.056,0.794,0.26,0.168,0.0,1
75,1.063,2.585,-0.415,-0.175,-0.116,0.0,1
76,0.699,1.203,1.834,0.804,0.999,1.0,1
77,0.364,2.511,-0.373,0.233,-0.341,0.0,1
78,0.116,0.471,0.873,2.121,-0.681,1.0,1
79,1.301,2.515,1.07,0.553,-0.166,0.0,1
80,0.095,0.496,0.329,0.523,1.063,0.0,1
81,0.443,0.705,0.759,1.27,0.92,1.0,1
82,0.651,2.023,1.176,-0.344,-0.18,0.0,1
83,2.013,2.143,-0.487,0.522,0.291,0.0,1
84,0.48,0.509,1.364,1.578,-0.978,1.0,1
85,0.748,1.16,0.798,0.896,0.821,1.0,1
86,0.628,2.801,0.76,0.493,0.981,0.0,1
87,0.493,2.278,0.537,1.631,-0.415,0.0,1
88,0.411,2.611,-0.561,0.349,-0.162,0.0,1
89,3.603,0.538,0.434,-0.097,-0.057,0.0,1
90,1.799,2.156,0.795,-0.197,0.201,0.0,1
91,0.486,1.117,0.534,-0.587,1.164,1.0,1
92,1.065,2.259,-0.486,0.252,0.342,0.0,1
93,3.516,-0.361,0.173,0.084,0.069,0.0,1
94,-0.188,1.595,2.108,0.716,-0.332,0.0,1
95,0.356,0.807,1.508,1.552,-1.006,1.0,1
96,2.991,0.411,-0.115,0.109,0.104,0.0,1
97,2.409,0.29,0.153,0.162,-0.061,0.0,1
98,0.226,0.807,2.147,-0.703,0.395,0.0,1
99,0.183,1.354,2.581,-0.754,-0.324,0.0,1
100,0.573,0.733,2.036,-0.445,0.642,1.0,1
101,1.696,1.867,-0.27,0.139,0.158,0.0,1
102,0.319,1.171,0.956,1.831,-0.771,1.0,1
103,0.371,2.472,2.174,-0.429,-0.19,1.0,1
104,0.303,2.016,-0.448,0.305,-0.123,0.0,1
105,1.836,0.751,0.152,0.134,-0.158,0.0,1
106,2.745,-0.224,0.171,0.097,0.073,0.0,1
107,0.433,2.88,0.945,0.65,-0.23,1.0,1
108,0.807,2.168,0.714,0.84,0.58,1.0,1
109,0.285,0.786,0.953,-0.399,0.0,1.0,1
110,0.403,0.357,1.871,1.133,-0.724,1.0,1
111,0.907,1.536,0.369,0.114,0.0,0.0,1
112,0.233,1.469,2.062,1.012,1.114,0.0,1
113,1.041,2.6,-0.384,-0.157,-0.107,0.0,1
114,0.891,2.921,0.797,0.537,0.432,0.0,1
115,0.415,1.521,2.727,-0.666,-0.323,0.0,1
116,0.076,0.256,0.232,0.389,-0.342,0.0,1
117,-0.064,0.499,0.744,1.58,-0.992,1.0,1
118,0.515,1.952,1.204,-0.345,-0.175,0.0,1
119,0.92,1.144,2.172,0.776,0.471,1.0,1
120,0.729,2.055,-0.436,-0.183,0.165,0.0,1
121,0.103,0.576,0.331,0.82,0.0,1.0,1
122,0.199,1.424,1.878,-0.653,-0.339,0.0,1
123,0.408,0.563,1.687,1.186,-0.912,1.0,1
124,0.109,0.517,0.866,1.565,-0.879,1.0,1
125,0.349,0.794,2.317,0.913,1.411,1.0,1
126,0.333,0.408,1.404,1.46,-0.751,0.0,1
127,0.556,3.059,1.234,0.61,-0.238,0.0,1
128,2.039,1.226,0.508,0.35,-0.135,0.0,1
129,0.31,0.953,1.54,1.066,-0.639,1.0,1
130,0.4,3.424,-0.563,-0.259,-0.152,0.0,1
131,3.041,0.446,-0.122,0.089,0.077,0.0,1
132,0.455,2.558,-0.656,0.573,1.14,0.0,1
133,0.197,1.416,2.061,-0.848,-0.299,0.0,1
134,0.518,1.251,-0.303,-0.118,-0.073,0.0,1
135,0.377,0.522,1.817,1.39,-0.38,0.0,1
136,2.302,0.351,-0.09,-0.052,0.045,0.0,1
137,1.312,2.591,0.874,0.534,-0.175,0.0,1
138,0.308,2.052,-0.397,0.273,0.114,0.0,1
139,0.538,1.103,1.581,-0.509,-0.267,1.0,1
140,0.389,2.467,0.795,0.688,1.2,0.0,1
141,0.334,1.01,2.931,-0.842,0.0,0.0,1
142,1.182,2.344,-0.414,-0.178,-0.119,0.0,1
143,0.996,2.348,-0.41,-0.202,0.0,0.0,1
144,0.209,0.617,0.883,1.338,0.705,1.0,1
145,2.459,0.293,0.129,0.075,0.061,0.0,1
146,0.178,1.103,1.556,-0.458,0.0,0.0,1
147,0.321,0.648,0.388,1.075,0.0,1.0,1
148,1.16,1.236,-0.238,-0.093,-0.058,0.0,1
149,1.247,2.31,-0.321,-0.157,0.245,0.0,1
150,0.687,2.34,0.641,0.404,-0.406,0.0,1
151,0.318,0.964,0.848,-0.477,0.0,1.0,1
152,1.568,1.44,-0.223,0.129,-0.079,0.0,1
153,1.309,1.141,1.623,-0.508,-0.211,0.0,1
154,1.528,0.54,0.179,0.149,0.07,0.0,1
155,0.044,0.301,0.313,0.459,-0.43,0.0,1
156,0.234,1.176,0.888,0.714,0.0,1.0,1
157,0.231,0.661,2.467,1.153,1.191,1.0,1
158,1.304,2.081,-0.348,-0.199,0.177,0.0,1
159,0.243,1.265,2.289,-0.524,0.0,0.0,1
160,2.026,1.547,-0.264,-0.085,0.088,0.0,1
161,3.067,-0.27,0.438,0.21,-0.082,0.0,1
162,0.404,2.028,-0.358,-0.176,-0.096,0.0,1
163,0.11,0.626,0.914,2.22,0.0,1.0,1
164,0.925,2.303,-0.408,-0.144,-0.084,0.0,1
165,0.359,1.105,2.39,-0.658,0.947,1.0,1
166,0.432,0.615,1.981,-0.682,0.457,1.0,1
167,0.119,0.604,0.831,2.457,-0.836,0.0,1
168,2.203,-0.374,-0.128,-0.092,-0.065,0.0,1
169,0.764,2.766,-0.448,-0.218,-0.132,0.0,1
170,0.636,0.675,1.915,1.532,0.726,1.0,1
171,0.883,2.215,-0.452,0.337,-0.215,0.0,1
172,0.075,0.376,0.311,0.424,0.0,0.0,1
173,0.738,0.57,2.037,-0.591,0.39,1.0,1
174,1.126,2.533,-0.339,0.183,-0.11,0.0,1
175,0.068,0.272,0.47,1.286,0.0,0.0,1
176,0.253,0.406,0.468,1.567,1.672,0.0,1
177,1.441,0.97,0.396,0.265,-0.163,0.0,1
178,3.5,-0.292,0.161,-0.086,-0.085,0.0,1
179,1.607,2.311,-0.381,0.222,0.163,0.0,1
180,0.34,0.757,2.362,0.896,0.515,0.0,1
181,1.102,0.874,1.714,0.641,-0.258,1.0,1
182,0.763,3.172,-0.441,-0.194,-0.135,0.0,1
183,0.127,0.522,0.881,1.744,0.0,1.0,1
184,0.486,1.584,1.699,-0.48,-0.233,0.0,1
185,0.242,0.421,-0.247,1.066,1.571,1.0,1
186,3.087,-0.304,0.15,-0.072,0.057,0.0,1
187,0.255,0.659,1.591,1.318,0.7,0.0,1
188,0.401,1.784,1.217,0.458,-0.284,0.0,1
189,2.398,1.156,-0.248,-0.077,0.0,0.0,1
190,0.454,0.99,1.292,0.833,2.049,1.0,1
191,3.074,0.471,-0.12,-0.069,-0.049,0.0,1
192,0.37,0.517,1.821,2.47,-0.766,1.0,1
193,0.12,0.715,0.427,0.846,0.0,1.0,1
194,1.406,2.253,-0.535,-0.201,0.1,0.0,1
195,0.193,1.16,1.667,-0.594,0.0,0.0,1
196,0.273,2.073,0.627,0.313,0.0,0.0,1
197,0.257,1.15,1.834,-0.751,-0.301,0.0,1
198,0.515,1.152,0.964,1.276,1.732,1.0,1
199,2.302,0.619,-0.093,0.086,0.052,0.0,1
200,0.135,0.436,-0.691,1.634,1.761,0.0,1
201,0.521,1.331,2.356,0.887,-0.3,1.0,1
202,0.451,1.433,-0.363,-0.198,-0.189,0.0,1
203,0.093,0.281,0.371,0.441,0.0,0.0,1
204,0.344,0.931,2.588,-1.01,-0.41,0.0,1
205,3.414,-0.243,0.187,-0.081,0.082,0.0,1
206,2.17,-0.458,0.274,0.264,-0.124,0.0,1
207,0.385,2.497,0.684,0.532,-0.406,0.0,1
208,1.944,-0.434,-0.145,-0.079,-0.056,0.0,1
209,0.551,0.418,2.13,0.91,0.485,1.0,1
210,0.807,1.647,1.476,1.16,-0.411,1.0,1
211,0.62,1.865,1.31,1.097,0.994,0.0,1
212,0.355,1.684,1.279,0.477,-0.231,0.0,1
213,1.309,0.768,1.78,1.657,-0.414,1.0,1
214,3.496,-0.273,0.18,0.11,-0.06,0.0,1
215,0.255,0.747,1.72,0.953,0.448,1.0,1
216,0.508,2.252,0.998,0.403,-0.207,0.0,1
217,1.109,2.796,-0.443,-0.199,0.278,0.0,1
218,0.234,1.459,2.048,1.016,1.183,0.0,1
219,0.315,2.086,-0.505,0.343,-0.136,0.0,1
220,0.907,1.676,0.617,0.197,-0.13,0.0,1
221,2.756,0.266,0.158,0.194,-0.063,0.0,1
222,0.462,2.713,0.884,0.481,0.242,0.0,1
223,0.543,0.486,0.788,1.553,-0.668,1.0,1
224,1.543,1.994,-0.283,-0.126,0.103,0.0,1
225,0.564,2.68,0.947,0.763,0.722,1.0,1
226,-0.164,1.49,1.931,0.699,0.0,0.0,1
227,0.117,0.509,0.828,0.749,0.0,1.0,1
228,0.162,0.705,1.06,2.135,-0.602,0.0,1
229,2.337,0.69,0.299,0.223,-0.393,0.0,1
230,0.236,0.368,0.404,1.22,2.13,0.0,1
231,0.534,2.848,-0.663,-0.215,-0.118,0.0,1
232,1.305,1.404,-0.301,-0.152,-0.109,0.0,1
233,0.891,1.352,1.66,0.861,0.854,1.0,1
234,0.559,2.521,1.509,0.648,-0.272,0.0,1
235,0.656,3.296,-0.554,0.722,0.378,1.0,1
236,0.558,0.41,1.943,-0.497,0.44,1.0,1
237,0.261,0.293,0.61,1.27,0.929,1.0,1
238,0.102,0.551,0.521,-0.624,2.719,0.0,1
239,0.43,0.597,1.02,2.424,-0.746,0.0,1
240,0.618,1.385,1.77,1.338,-0.361,1.0,1
241,0.745,2.821,-0.503,-0.249,0.884,0.0,1
242,0.867,2.49,-0.311,-0.157,-0.113,0.0,1
243,0.356,0.551,1.79,1.089,0.986,0.0,1
244,0.119,0.654,0.257,0.404,0.873,1.0,1
245,0.169,0.5,1.468,1.001,-1.017,0.0,1
246,0.714,1.3,1.784,-0.571,-0.206,0.0,1
247,2.796,0.551,0.577,0.687,0.401,0.0,1
248,0.308,1.214,0.546,0.307,0.0,0.0,1
249,0.472,3.394,-0.518,0.625,-0.199,0.0,1
250,1.141,0.732,0.151,0.088,0.089,0.0,1
251,0.235,0.673,1.025,1.332,-0.6,1.0,1
252,0.205,1.163,1.643,-0.499,-0.2,0.0,1
253,1.974,0.311,-0.082,0.072,-0.091,0.0,1
254,0.466,2.707,-0.678,0.617,1.006,0.0,1
255,0.125,0.446,0.441,1.127,0.0,0.0,1
256,0.642,2.501,0.739,0.526,-0.199,0.0,1
257,1.142,1.867,-0.351,-0.161,-0.11,0.0,1
258,0.187,0.474,0.548,0.996,0.0,1.0,1
259,1.101,2.678,-0.468,0.32,0.365,0.0,1
260,0.625,2.31,-0.523,-0.207,-0.101,0.0,1
261,1.317,0.82,1.56,1.641,-0.503,1.0,1
262,0.365,1.607,1.354,-0.462,0.0,0.0,1
263,0.616,0.753,2.194,-0.546,-0.23,1.0,1
264,0.151,0.577,1.302,1.116,0.0,0.0,1
265,2.713,0.666,1.063,-0.273,-0.106,0.0,1
266,0.66,1.695,0.99,0.264,0.15,0.0,1
267,0.146,0.612,1.355,2.002,-0.641,0.0,1
268,0.179,1.095,1.834,-0.514,0.0,0.0,1
269,0.243,1.585,1.824,1.145,1.123,0.0,1
270,2.026,1.041,0.429,0.522,0.615,0.0,1
271,0.532,1.06,0.93,2.435,-0.708,1.0,1
272,0.352,1.16,1.638,0.621,-0.535,0.0,1
273,1.746,1.608,-0.257,-0.123,-0.071,0.0,1
274,0.316,0.783,0.865,1.369,1.196,1.0,1
275,0.593,3.003,-0.508,-0.201,-0.142,0.0,1
276,-0.129,1.094,2.569,-0.844,-0.416,0.0,1
277,0.554,2.594,0.879,-0.513,1.205,0.0,1
278,2.241,0.78,0.341,-0.092,-0.053,0.0,1
279,0.675,2.148,-0.462,-0.216,-0.12,0.0,1
280,0.155,0.687,1.305,1.694,0.0,1.0,1
281,0.598,1.598,2.13,0.708,-0.255,1.0,1
282,1.634,0.493,0.12,0.122,-0.173,0.0,1
283,0.337,1.325,1.531,0.701,-0.457,1.0,1
284,1.437,1.91,1.583,0.563,-0.165,1.0,1
285,0.282,1.739,0.825,0.329,0.161,0.0,1
286,1.329,1.413,0.913,0.69,1.283,1.0,1
287,-0.193,1.33,2.367,-0.661,-0.348,0.0,1
288,0.582,3.252,-0.511,0.702,-0.25,0.0,1
289,1.925,0.892,0.355,0.315,1.147,0.0,1
290,0.111,0.59,0.694,2.544,0.0,0.0,1
291,-0.104,-0.438,-0.816,-0.886,0.0,1.0,1
292,0.492,2.604,-0.594,0.313,-0.147,0.0,1
293,0.218,1.486,0.742,0.661,-0.224,0.0,1
294,0.348,0.602,2.488,-0.748,0.714,1.0,1
295,0.825,0.834,0.192,0.083,0.085,0.0,1
296,1.271,2.311,-0.337,-0.152,0.201,0.0,1
297,0.983,1.108,0.327,-0.082,0.062,0.0,1
298,0.406,1.016,1.186,2.047,0.0,1.0,1
299,2.631,1.024,0.564,0.812,0.315,0.0,1
300,0.223,1.357,1.34,-0.372,-0.238,0.0,1
301,0.498,3.28,-0.608,-0.242,0.0,0.0,1
302,0.691,0.817,2.021,-0.679,-0.684,1.0,1
303,0.465,1.193,1.433,1.55,-0.688,1.0,1
304,0.107,0.392,0.376,0.874,1.125,0.0,1
305,0.29,1.224,2.774,-0.656,-0.308,0.0,1
306,0.279,0.892,2.474,-0.53,-0.307,0.0,1
307,0.572,2.468,1.182,0.83,-0.371,1.0,1
308,1.021,0.494,1.73,0.887,-0.244,1.0,1
309,1.092,3.108,-0.643,-0.263,0.162,0.0,1
310,0.81,1.545,-0.303,0.181,-0.087,0.0,1
311,0.442,0.976,2.113,-0.532,-0.387,0.0,1
312,2.437,1.412,0.43,0.15,0.309,0.0,1
313,2.509,0.448,1.68,-0.387,-0.146,0.0,1
314,0.404,1.029,2.73,-0.799,-0.338,0.0,1
315,1.4,1.01,0.296,0.159,-0.166,0.0,1
316,0.794,0.514,1.248,2.127,-0.652,0.0,1
317,0.456,1.513,2.206,-0.545,0.0,0.0,1
318,0.134,0.334,0.428,1.189,0.0,0.0,1
319,1.235,1.996,-0.359,0.21,0.141,0.0,1
320,0.162,0.451,0.517,0.79,0.0,1.0,1
321,1.147,0.598,1.717,0.635,-0.248,1.0,1
322,1.127,2.254,-0.299,0.172,-0.16,0.0,1
323,0.238,0.454,1.589,1.38,0.692,0.0,1
324,0.811,2.064,-0.454,-0.342,1.431,0.0,1
325,2.389,1.318,0.691,0.912,-0.24,0.0,1
326,0.264,0.906,2.213,-0.609,-0.372,1.0,1
327,0.216,1.59,1.132,0.486,-0.201,0.0,1
328,0.605,2.452,-0.534,0.304,0.0,0.0,1
329,0.864,2.681,-0.484,-0.181,-0.12,0.0,1
330,0.191,0.787,1.295,1.728,-0.619,1.0,1
331,0.279,0.676,1.059,0.924,0.0,1.0,1
332,0.121,0.172,0.165,-0.439,1.005,1.0,1
333,0.266,1.055,2.807,-0.819,0.0,0.0,1
334,0.093,0.443,0.752,2.5,0.0,1.0,1
335,0.362,2.848,-0.601,0.483,0.694,0.0,1
336,0.106,0.387,0.835,0.639,0.0,1.0,1
337,0.265,1.079,2.209,-0.673,-0.831,1.0,1
338,0.679,2.482,-0.57,-0.218,-0.115,0.0,1
339,2.09,0.618,-0.098,0.068,-0.039,0.0,1
340,0.139,1.504,1.462,-0.766,0.0,0.0,1
341,3.568,-0.29,0.157,-0.071,-0.044,0.0,1
342,0.365,0.433,0.894,1.979,-0.535,0.0,1
343,0.578,1.929,-0.437,-0.193,0.0,0.0,1
344,1.203,1.319,0.321,0.196,0.163,0.0,1
345,0.148,0.435,0.924,2.222,-0.722,0.0,1
346,0.918,0.758,-0.161,0.075,-0.044,0.0,1
347,1.262,2.093,-0.414,0.213,0.166,0.0,1
348,1.7,2.193,0.514,0.222,-0.132,0.0,1
349,3.359,0.476,1.096,-0.264,-0.097,0.0,1
350,1.041,1.631,0.505,0.34,-0.262,0.0,1
351,2.469,0.32,0.113,0.082,0.063,0.0,1
352,0.828,2.132,-0.487,-0.205,-0.147,0.0,1
353,0.238,1.811,0.682,0.257,0.119,0.0,1
354,0.636,0.675,1.915,1.531,0.725,1.0,1
355,0.107,0.415,0.631,1.861,-0.632,1.0,1
356,0.27,2.186,0.949,-0.248,0.219,0.0,1
357,0.205,0.673,1.165,1.399,-0.4,0.0,1
358,2.13,1.266,0.434,0.484,0.764,0.0,1
359,2.063,1.161,-0.167,0.103,0.107,0.0,1
360,0.214,1.294,0.847,1.085,-0.415,0.0,1
361,0.685,3.172,-0.565,0.623,0.39,1.0,1
362,1.687,1.914,-0.315,-0.148,-0.101,0.0,1
363,0.743,1.36,-0.776,1.141,-0.308,1.0,1
364,0.383,1.272,1.29,0.585,-0.227,0.0,1
365,1.46,0.796,0.449,-0.114,-0.066,0.0,1
366,-0.233,0.69,1.364,-0.778,-0.532,0.0,1
367,0.307,0.846,2.121,1.537,1.264,1.0,1
368,0.935,1.688,0.593,0.627,-0.207,1.0,1
369,0.195,0.454,0.768,0.713,0.72,1.0,1
370,0.501,3.293,-0.55,0.312,0.375,0.0,1
371,0.841,1.726,0.504,0.306,-0.309,0.0,1
372,0.813,2.42,0.648,0.476,0.942,0.0,1
373,0.238,0.967,-0.338,-0.368,0.421,0.0,1
374,0.242,0.859,2.259,-0.688,0.0,0.0,1
375,0.736,2.022,-0.329,0.179,0.123,0.0,1
376,0.3,1.64,2.633,-0.795,0.0,0.0,1
377,0.762,1.809,0.869,0.456,0.298,1.0,1
378,0.456,2.315,1.872,0.703,-0.293,0.0,1
379,0.599,0.585,1.525,0.809,0.429,1.0,1
380,0.578,2.614,0.866,0.512,1.169,0.0,1
381,0.089,0.511,0.279,0.573,0.0,1.0,1
382,1.859,0.81,0.183,0.158,0.16,0.0,1
383,0.847,1.717,0.516,0.312,-0.322,0.0,1
384,0.278,2.076,0.841,1.383,-0.414,1.0,1
385,0.504,2.585,-0.577,0.309,-0.158,0.0,1
386,2.234,0.711,0.395,-0.215,0.438,0.0,1
387,0.108,0.305,0.386,-0.664,-1.016,0.0,1
388,0.15,1.057,0.645,1.318,1.157,1.0,1
389,0.287,0.814,1.049,1.082,-0.349,1.0,1
390,2.511,1.155,-0.241,-0.087,0.0,0.0,1
391,0.109,0.697,0.322,0.579,0.0,1.0,1
392,0.725,2.566,-0.518,-0.195,0.0,0.0,1
393,0.385,0.67,2.206,0.839,0.794,1.0,1
394,0.233,0.632,0.642,0.724,0.0,0.0,1
395,0.334,1.78,1.431,0.65,-0.232,0.0,1
396,0.307,2.908,-0.479,-0.19,0.205,0.0,1
397,-0.201,1.086,0.823,-0.403,0.201,0.0,1
398,0.216,0.376,0.622,1.729,1.369,1.0,1
399,1.349,2.589,-0.44,0.251,0.441,0.0,1
400,0.259,0.688,0.77,-1.048,0.0,0.0,1
401,0.495,2.469,-0.708,-0.278,-0.148,1.0,1
402,0.279,0.67,1.702,1.477,-0.447,0.0,1
403,3.026,-0.273,0.17,0.27,-0.095,0.0,1
404,0.618,1.016,2.178,-0.401,0.533,0.0,1
405,-0.105,0.697,1.461,0.0,0.0,1.0,1
406,0.355,1.816,2.572,-0.621,-0.272,0.0,1
407,0.349,0.801,0.72,1.195,1.344,1.0,1
408,0.251,1.268,0.739,0.863,0.0,1.0,1
409,2.007,1.997,-0.478,-0.163,-0.101,0.0,1
410,0.493,2.223,1.209,1.384,-0.442,1.0,1
411,0.547,1.069,1.007,2.259,-0.731,1.0,1
412,2.441,0.306,0.14,0.176,-0.065,0.0,1
413,0.594,0.557,2.291,1.121,0.557,1.0,1
414,0.162,1.153,1.582,-0.687,0.0,0.0,1
415,2.168,0.402,-0.122,-0.083,-0.051,0.0,1
416,0.371,2.428,0.809,0.357,0.204,0.0,1
417,1.192,2.808,0.933,-0.285,0.144,0.0,1
418,2.555,-0.242,0.209,0.188,-0.095,0.0,1
419,0.336,2.902,-0.662,0.552,1.028,0.0,1
420,0.401,-1.038,-1.317,-0.736,-0.35,0.0,1
421,1.056,2.294,1.553,-0.396,-0.163,1.0,1
422,0.375,2.21,1.43,1.029,0.0,0.0,1
423,1.158,2.391,1.307,-0.248,-0.129,1.0,1
424,1.335,1.345,-0.219,-0.089,-0.055,0.0,1
425,0.367,1.526,1.57,1.01,1.05,0.0,1
426,2.652,0.972,0.252,0.083,-0.052,0.0,1
427,1.265,2.212,-0.34,-0.167,0.337,0.0,1
428,0.577,2.804,-0.435,1.197,-0.349,0.0,1
429,0.647,2.709,-0.576,0.369,0.56,1.0,1
430,1.126,0.591,0.327,0.236,-0.176,0.0,1
431,0.223,0.603,0.703,2.053,1.019,1.0,1
432,0.11,0.421,0.735,-0.265,0.0,0.0,1
433,2.815,0.729,-0.147,0.22,-0.088,0.0,1
434,0.238,1.615,1.22,-0.487,0.0,0.0,1
435,0.446,0.59,2.048,0.884,0.666,1.0,1
436,0.344,1.503,0.948,-0.319,0.459,0.0,1
437,3.168,0.722,0.277,-0.205,0.589,0.0,1
438,1.101,0.717,-0.101,0.068,-0.068,0.0,1
439,0.159,0.701,1.044,2.069,-0.623,0.0,1
440,0.796,0.545,1.334,2.268,-0.653,0.0,1
441,0.629,2.673,1.008,0.403,-0.177,0.0,1
442,0.074,0.373,0.308,0.423,0.0,0.0,1
443,0.951,0.414,1.981,-0.633,0.34,1.0,1
444,0.31,-0.812,1.327,-0.465,0.513,1.0,1
445,3.246,-0.32,-0.14,0.111,-0.06,0.0,1
446,0.825,1.944,-0.342,0.167,0.0,0.0,1
447,0.104,0.508,1.077,0.0,0.0,0.0,1
448,0.369,1.723,1.396,-0.502,-0.282,0.0,1
449,1.591,1.104,1.237,0.729,0.636,1.0,1
450,0.19,0.496,0.893,1.781,-0.507,0.0,1
451,0.216,1.593,1.12,0.516,0.0,0.0,1
452,0.298,1.666,1.496,1.471,-0.607,1.0,1
453,0.313,2.116,1.494,0.734,0.318,0.0,1
454,0.515,2.105,1.592,-0.564,0.0,0.0,1
455,0.89,2.261,-0.527,-0.224,0.154,0.0,1
456,0.18,0.944,2.27,-0.601,0.0,0.0,1
457,0.207,0.729,1.062,1.448,-0.469,0.0,1
458,0.175,0.478,0.669,-0.757,1.83,0.0,1
459,0.241,1.841,-0.429,0.379,-0.141,0.0,1
460,-0.076,0.341,0.592,1.026,0.0,1.0,1
461,0.162,0.522,0.97,2.073,-0.849,1.0,1
462,0.231,1.302,1.354,-0.474,-0.239,0.0,1
463,0.42,2.394,1.358,0.675,0.0,0.0,1
464,0.244,0.692,0.951,1.574,0.0,0.0,1
465,0.816,0.855,0.197,0.084,0.085,0.0,1
466,0.666,1.858,1.334,-0.432,-0.502,0.0,1
467,0.321,1.523,2.036,-0.577,-0.398,0.0,1
468,-0.426,-0.74,1.046,-0.529,-0.319,1.0,1
469,0.435,0.761,0.772,1.192,1.157,1.0,1
470,0.441,0.596,2.27,0.923,0.602,1.0,1
471,0.212,1.047,1.964,-0.541,0.0,0.0,1
472,0.159,0.378,0.46,-0.601,1.794,0.0,1
473,0.567,2.412,1.066,1.286,-0.362,1.0,1
474,-0.211,-0.514,0.598,1.065,0.0,0.0,1
475,0.159,0.329,0.617,1.513,-0.873,1.0,1
476,0.584,2.874,-0.821,0.521,-0.205,0.0,1
477,0.183,0.64,0.717,1.903,-0.738,0.0,1
478,0.62,1.132,2.107,1.763,0.0,1.0,1
479,0.258,0.894,2.718,-0.68,-0.338,0.0,1
480,0.293,2.304,1.019,0.505,-0.259,0.0,1
481,1.952,1.886,0.387,0.323,0.409,0.0,1
482,0.403,3.743,-0.784,-0.361,0.0,0.0,1
483,1.169,2.579,-0.529,0.724,0.488,0.0,1
484,0.089,0.616,1.451,1.569,0.0,0.0,1
485,0.209,0.543,0.432,1.936,-0.74,1.0,1
486,0.349,1.736,1.384,-0.502,0.304,0.0,1
487,2.956,0.996,0.73,-0.175,-0.087,0.0,1
488,0.238,0.475,1.232,1.637,0.785,0.0,1
489,0.324,0.411,1.494,1.456,-0.777,0.0,1
490,0.762,1.413,0.5,0.195,-0.081,0.0,1
491,3.483,0.479,-0.134,0.108,0.082,0.0,1
492,0.604,1.316,1.722,0.669,1.196,1.0,1
493,0.161,0.177,-0.167,0.714,-0.937,1.0,1
494,2.51,0.295,0.176,0.215,-0.068,0.0,1
495,0.567,1.886,1.179,0.363,-0.154,0.0,1
496,0.958,1.627,-0.302,0.193,-0.089,0.0,1
497,0.697,1.068,1.811,0.515,-0.298,1.0,1
498,0.473,2.888,-0.448,-0.222,-0.158,0.0,1
499,0.326,0.458,1.856,1.602,1.481,1.0,1
