,age,sex,relation,has_high_education,top1_interes,top2_interes,top3_interes,top4_interes,top5_interes,is_parent,has_pets,mean_tr,median_tr,tr_per_month,real_identifier
0,29.0,1.0,0.0,1.0,12.0,14.0,7.0,19.0,11.0,0.0,1.0,850.0,300.0,22.5,0
1,45.0,2.0,3.0,0.0,3.0,21.0,16.0,9.0,5.0,1.0,0.0,1100.0,700.0,3.5,0
2,37.0,1.0,2.0,1.0,15.0,18.0,12.0,6.0,2.0,0.0,1.0,950.0,450.0,28.0,0
3,53.0,2.0,1.0,0.0,24.0,11.0,5.0,3.0,20.0,1.0,0.0,8000.0,5000.0,2.0,0
4,31.0,2.0,0.0,0.0,9.0,17.0,8.0,14.0,23.0,0.0,1.0,700.0,250.0,50.0,0
5,28.0,1.0,4.0,1.0,10.0,13.0,19.0,22.0,0.0,0.0,0.0,1200.0,600.0,5.0,0
6,40.0,2.0,0.0,0.0,7.0,25.0,4.0,16.0,1.0,1.0,0.0,950.0,700.0,3.0,0
7,52.0,1.0,0.0,0.0,20.0,3.0,6.0,15.0,18.0,1.0,0.0,2300.0,1600.0,4.0,0
8,39.0,2.0,2.0,1.0,5.0,12.0,17.0,8.0,24.0,0.0,1.0,600.0,320.0,75.0,0
9,26.0,1.0,0.0,0.0,11.0,14.0,13.0,10.0,22.0,0.0,0.0,400.0,200.0,60.0,0
10,28.0,1.0,0.0,1.0,7.0,15.0,12.0,3.0,21.0,0.0,1.0,1500.0,750.0,25.0,0
11,34.0,2.0,1.0,0.0,5.0,14.0,6.0,18.0,9.0,1.0,0.0,3200.0,1200.0,18.0,0
12,52.0,1.0,2.0,1.0,10.0,20.0,4.0,11.0,7.0,0.0,1.0,5000.0,2500.0,12.0,0
13,47.0,2.0,0.0,0.0,2.0,8.0,19.0,13.0,16.0,1.0,0.0,750.0,350.0,30.0,0
14,29.0,1.0,1.0,1.0,14.0,6.0,3.0,22.0,12.0,0.0,0.0,1800.0,900.0,22.0,0
15,41.0,2.0,0.0,0.0,9.0,5.0,23.0,17.0,1.0,1.0,0.0,1300.0,650.0,35.0,0
16,56.0,1.0,2.0,0.0,21.0,4.0,7.0,10.0,15.0,0.0,0.0,6000.0,3000.0,10.0,0
17,60.0,2.0,0.0,1.0,24.0,11.0,2.0,14.0,8.0,0.0,1.0,2500.0,1250.0,15.0,0
18,33.0,1.0,1.0,0.0,12.0,3.0,20.0,9.0,18.0,1.0,0.0,900.0,450.0,28.0,0
19,38.0,2.0,0.0,1.0,16.0,13.0,5.0,6.0,25.0,1.0,0.0,1100.0,550.0,32.0,0
20,40.0,1.0,0.0,1.0,15.0,21.0,24.0,4.0,12.0,1.0,0.0,5123.45,2100.0,5.5,0
21,37.0,2.0,1.0,0.0,11.0,10.0,6.0,24.0,4.0,0.0,1.0,3220.0,1800.0,6.0,0
22,32.0,1.0,4.0,1.0,14.0,15.0,25.0,1.0,16.0,1.0,0.0,19000.0,16500.0,2.7,0
23,25.0,2.0,0.0,1.0,6.0,1.0,2.0,8.0,10.0,0.0,1.0,700.0,220.0,32.0,0
24,54.0,2.0,4.0,0.0,10.0,4.0,19.0,18.0,15.0,1.0,0.0,3000.0,1400.0,9.0,0
25,27.0,1.0,1.0,0.0,15.0,24.0,21.0,5.0,4.0,0.0,1.0,1100.0,480.0,31.0,0
26,56.0,2.0,0.0,1.0,14.0,15.0,8.0,24.0,21.0,0.0,0.0,9000.0,1900.0,3.0,0
27,29.0,2.0,0.0,0.0,8.0,7.0,15.0,6.0,18.0,0.0,1.0,2100.0,60.0,5.0,0
28,60.0,1.0,4.0,1.0,21.0,15.0,11.0,23.0,24.0,0.0,0.0,2300.0,500.0,13.0,0
29,43.0,1.0,0.0,0.0,21.0,15.0,23.0,1.0,24.0,1.0,0.0,1150.0,560.0,31.0,0
30,45.0,1.0,0.0,0.0,12.0,18.0,5.0,14.0,21.0,0.0,0.0,3000.5,750.0,10.0,0
31,53.0,2.0,0.0,0.0,9.0,6.0,14.0,19.0,22.0,1.0,0.0,8200.0,4000.0,3.5,0
32,39.0,1.0,0.0,0.0,7.0,10.0,20.0,16.0,13.0,0.0,0.0,15000.0,12000.0,0.5,0
33,34.0,2.0,0.0,0.0,4.0,15.0,12.0,11.0,23.0,0.0,0.0,2000.0,500.0,15.0,0
34,50.0,1.0,0.0,0.0,5.0,17.0,8.0,22.0,14.0,1.0,0.0,5000.0,2500.0,6.0,0
35,36.0,2.0,0.0,0.0,14.0,5.0,19.0,18.0,7.0,0.0,0.0,9500.0,4500.0,4.0,0
36,29.0,1.0,0.0,0.0,13.0,3.0,17.0,24.0,9.0,0.0,0.0,300.0,100.0,25.0,0
37,44.0,2.0,0.0,0.0,10.0,20.0,16.0,21.0,15.0,1.0,0.0,6200.0,3100.0,5.5,0
38,48.0,1.0,0.0,0.0,6.0,11.0,13.0,8.0,25.0,0.0,0.0,7200.0,3600.0,2.0,0
39,52.0,2.0,0.0,0.0,15.0,18.0,23.0,2.0,12.0,0.0,0.0,4000.0,2000.0,12.0,0
40,58.0,1.0,0.0,1.0,21.0,15.0,6.0,23.0,19.0,0.0,0.0,3200.5,1500.0,5.5,0
41,29.0,2.0,4.0,0.0,14.0,10.0,18.0,23.0,3.0,1.0,1.0,7500.0,2000.0,25.0,0
42,46.0,1.0,0.0,1.0,2.0,11.0,15.0,19.0,4.0,0.0,0.0,5400.0,3000.0,10.0,0
43,32.0,2.0,6.0,0.0,7.0,8.0,14.0,21.0,5.0,1.0,0.0,6500.0,2500.0,20.0,0
44,39.0,1.0,0.0,1.0,10.0,23.0,6.0,15.0,24.0,0.0,0.0,1200.0,600.0,30.0,0
45,27.0,2.0,4.0,0.0,24.0,1.0,3.0,8.0,17.0,0.0,1.0,9800.0,5000.0,15.0,0
46,44.0,1.0,0.0,1.0,5.0,18.0,23.0,6.0,10.0,0.0,0.0,4500.0,2000.0,8.0,0
47,31.0,2.0,0.0,0.0,14.0,19.0,21.0,2.0,11.0,0.0,0.0,3000.0,1500.0,12.0,0
48,36.0,2.0,0.0,1.0,8.0,15.0,24.0,10.0,23.0,0.0,0.0,700.0,500.0,2.0,0
49,53.0,1.0,6.0,0.0,6.0,23.0,17.0,14.0,21.0,1.0,1.0,10000.0,9000.0,1.5,0
50,48.0,1.0,1.0,0.0,12.0,9.0,7.0,20.0,5.0,1.0,0.0,10500.5,2500.0,3.5,0
51,35.0,2.0,0.0,1.0,15.0,22.0,3.0,11.0,2.0,0.0,1.0,2300.0,600.0,12.0,0
52,41.0,2.0,3.0,0.0,18.0,10.0,5.0,6.0,14.0,1.0,0.0,4500.0,1000.0,20.0,0
53,37.0,1.0,1.0,1.0,9.0,21.0,4.0,19.0,13.0,0.0,1.0,3200.0,750.0,10.0,0
54,54.0,2.0,2.0,0.0,24.0,13.0,11.0,7.0,20.0,1.0,0.0,6000.0,1500.0,5.0,0
55,33.0,1.0,0.0,1.0,16.0,5.0,14.0,2.0,25.0,0.0,1.0,980.0,300.0,15.0,0
56,55.0,2.0,0.0,0.0,17.0,23.0,4.0,12.0,6.0,1.0,0.0,7000.0,2000.0,8.0,0
57,36.0,1.0,4.0,1.0,21.0,9.0,1.0,17.0,19.0,0.0,0.0,3000.0,850.0,14.0,0
58,52.0,2.0,1.0,0.0,11.0,18.0,7.0,14.0,3.0,1.0,0.0,5600.0,1300.0,7.0,0
59,27.0,1.0,0.0,1.0,13.0,8.0,15.0,24.0,22.0,0.0,1.0,1500.0,500.0,25.0,0
60,34.0,1.0,0.0,1.0,12.0,7.0,18.0,20.0,5.0,0.0,0.0,1500.0,500.0,5.0,0
61,45.0,2.0,0.0,0.0,3.0,14.0,9.0,22.0,8.0,0.0,0.0,2500.0,1200.0,8.0,0
62,29.0,1.0,0.0,1.0,16.0,11.0,4.0,19.0,10.0,1.0,0.0,800.0,300.0,3.0,0
63,52.0,2.0,0.0,0.0,5.0,13.0,7.0,17.0,21.0,0.0,0.0,1200.0,650.0,6.5,0
64,60.0,1.0,0.0,0.0,2.0,8.0,15.0,23.0,6.0,0.0,0.0,3000.0,1000.0,10.0,0
65,31.0,2.0,0.0,1.0,14.0,9.0,11.0,18.0,12.0,1.0,0.0,1400.0,450.0,4.5,0
66,42.0,1.0,0.0,0.0,6.0,10.0,13.0,24.0,1.0,0.0,0.0,1800.0,700.0,7.0,0
67,37.0,2.0,0.0,0.0,8.0,16.0,2.0,5.0,14.0,0.0,0.0,900.0,400.0,4.0,0
68,53.0,1.0,0.0,1.0,17.0,3.0,12.0,6.0,9.0,0.0,0.0,2200.0,1100.0,9.0,0
69,40.0,2.0,0.0,0.0,4.0,19.0,8.0,7.0,22.0,0.0,0.0,1750.0,750.0,7.5,0
70,25.0,1.0,1.0,1.0,4.0,12.0,7.0,9.0,11.0,0.0,1.0,1450.0,300.0,15.0,0
71,42.0,2.0,0.0,0.0,3.0,17.0,5.0,14.0,8.0,1.0,0.0,2100.0,750.0,30.0,0
72,31.0,1.0,2.0,1.0,9.0,19.0,12.0,2.0,14.0,1.0,1.0,3200.0,1250.0,25.0,0
73,28.0,2.0,3.0,0.0,7.0,10.0,18.0,23.0,6.0,0.0,1.0,1800.0,600.0,12.0,0
74,35.0,1.0,0.0,0.0,5.0,15.0,20.0,4.0,21.0,1.0,0.0,2500.0,900.0,35.0,0
75,29.0,2.0,4.0,1.0,11.0,16.0,9.0,7.0,19.0,0.0,1.0,1400.0,500.0,20.0,0
76,36.0,1.0,5.0,0.0,2.0,8.0,22.0,13.0,3.0,1.0,0.0,2800.0,1000.0,45.0,0
77,40.0,2.0,6.0,1.0,14.0,5.0,1.0,20.0,17.0,0.0,1.0,3900.0,1100.0,55.0,0
78,34.0,1.0,7.0,0.0,6.0,13.0,24.0,18.0,12.0,1.0,0.0,2300.0,850.0,40.0,0
79,27.0,2.0,8.0,1.0,8.0,3.0,16.0,11.0,25.0,0.0,1.0,1700.0,700.0,18.0,0
80,37.0,1.0,0.0,1.0,10.0,15.0,6.0,24.0,18.0,0.0,0.0,1123.45,400.0,30.2,0
81,29.0,2.0,0.0,0.0,3.0,21.0,11.0,5.0,19.0,1.0,0.0,950.67,320.0,40.5,0
82,40.0,1.0,0.0,0.0,12.0,16.0,22.0,9.0,14.0,1.0,0.0,1800.32,750.0,20.1,0
83,28.0,2.0,4.0,1.0,5.0,13.0,7.0,10.0,23.0,0.0,0.0,700.89,200.0,12.0,0
84,36.0,2.0,0.0,0.0,17.0,11.0,5.0,14.0,2.0,1.0,0.0,1300.54,450.0,35.3,0
85,31.0,1.0,0.0,1.0,4.0,18.0,20.0,7.0,12.0,0.0,0.0,1420.76,380.0,22.8,0
86,27.0,2.0,4.0,0.0,9.0,6.0,3.0,15.0,24.0,0.0,0.0,800.23,290.0,18.5,0
87,34.0,1.0,0.0,0.0,14.0,22.0,8.0,21.0,13.0,1.0,0.0,1100.45,500.0,28.7,0
88,30.0,2.0,0.0,1.0,7.0,5.0,12.0,19.0,16.0,0.0,0.0,920.34,340.0,15.9,0
89,26.0,1.0,0.0,0.0,20.0,17.0,4.0,8.0,25.0,1.0,0.0,750.67,300.0,10.4,0
90,29.0,1.0,0.0,0.0,12.0,5.0,18.0,9.0,3.0,1.0,0.0,789.12,300.0,17.5,0
91,40.0,2.0,4.0,1.0,10.0,20.0,7.0,15.0,6.0,0.0,0.0,2000.34,600.0,25.0,0
92,32.0,1.0,0.0,1.0,22.0,11.0,13.0,8.0,4.0,1.0,0.0,950.67,475.0,30.0,0
93,37.0,2.0,0.0,0.0,14.0,24.0,1.0,19.0,5.0,1.0,0.0,1200.89,500.0,10.5,0
94,30.0,1.0,4.0,1.0,9.0,17.0,3.0,6.0,23.0,0.0,0.0,1560.45,350.0,20.0,0
95,44.0,2.0,0.0,0.0,7.0,21.0,2.0,16.0,8.0,1.0,0.0,1345.32,450.0,18.5,0
96,38.0,1.0,0.0,1.0,23.0,10.0,12.0,5.0,14.0,0.0,0.0,2100.78,550.0,16.0,0
97,31.0,2.0,4.0,0.0,15.0,7.0,20.0,9.0,11.0,1.0,0.0,1100.56,400.0,22.5,0
98,46.0,1.0,0.0,0.0,18.0,13.0,4.0,22.0,9.0,0.0,0.0,13000.45,800.0,5.0,0
99,43.0,2.0,0.0,1.0,19.0,3.0,8.0,14.0,10.0,1.0,0.0,1450.98,700.0,12.0,0
100,35.0,1.0,0.0,0.0,7.0,18.0,12.0,20.0,22.0,0.0,0.0,820.5,300.0,10.5,0
101,55.0,2.0,0.0,1.0,10.0,13.0,6.0,25.0,17.0,1.0,0.0,2000.0,1000.0,5.5,0
102,29.0,1.0,4.0,0.0,3.0,19.0,11.0,7.0,14.0,0.0,1.0,600.0,150.0,20.0,0
103,45.0,2.0,0.0,1.0,8.0,21.0,15.0,16.0,2.0,1.0,0.0,1200.0,800.0,3.0,0
104,31.0,1.0,0.0,0.0,4.0,12.0,9.0,5.0,20.0,0.0,0.0,400.0,200.0,15.0,0
105,27.0,2.0,0.0,1.0,1.0,14.0,18.0,11.0,19.0,0.0,0.0,750.0,350.0,12.0,0
106,50.0,1.0,4.0,1.0,9.0,17.0,22.0,3.0,24.0,1.0,0.0,3000.0,1500.0,4.0,0
107,40.0,2.0,0.0,0.0,6.0,20.0,13.0,23.0,8.0,0.0,1.0,1800.0,900.0,8.0,0
108,33.0,1.0,0.0,1.0,2.0,16.0,21.0,10.0,5.0,0.0,0.0,900.0,400.0,11.0,0
109,26.0,2.0,0.0,0.0,5.0,11.0,17.0,4.0,7.0,0.0,0.0,550.0,250.0,18.0,0
110,35.0,1.0,0.0,0.0,12.0,20.0,17.0,13.0,4.0,0.0,1.0,2500.0,650.0,10.0,0
111,29.0,2.0,0.0,1.0,5.0,9.0,21.0,16.0,8.0,0.0,0.0,1800.0,900.0,5.0,0
112,40.0,1.0,0.0,0.0,10.0,22.0,18.0,14.0,11.0,1.0,0.0,5000.0,750.0,8.0,0
113,27.0,2.0,0.0,0.0,7.0,6.0,20.0,24.0,15.0,0.0,1.0,600.0,600.0,1.0,0
114,34.0,1.0,0.0,1.0,23.0,10.0,7.0,19.0,22.0,0.0,0.0,2000.0,950.0,4.0,0
115,30.0,2.0,0.0,0.0,4.0,17.0,22.0,14.0,18.0,0.0,0.0,2100.0,550.0,70.0,0
116,39.0,1.0,0.0,0.0,13.0,18.0,24.0,14.0,21.0,1.0,0.0,11000.0,800.0,6.0,0
117,35.0,2.0,0.0,0.0,25.0,9.0,7.0,3.0,15.0,1.0,0.0,1900.0,1300.0,0.8,0
118,33.0,1.0,0.0,0.0,18.0,24.0,6.0,1.0,11.0,1.0,0.0,800.0,720.0,1.0,0
119,25.0,1.0,0.0,0.0,22.0,15.0,16.0,23.0,17.0,0.0,1.0,700.0,230.0,7.0,0
120,45.0,1.0,1.0,0.0,12.0,18.0,9.0,6.0,22.0,0.0,1.0,3500.0,1000.0,15.0,0
121,34.0,2.0,3.0,1.0,5.0,20.0,11.0,14.0,7.0,1.0,0.0,4500.0,1200.0,10.0,0
122,50.0,1.0,2.0,0.0,16.0,3.0,25.0,21.0,4.0,1.0,0.0,2500.0,800.0,20.0,0
123,31.0,2.0,0.0,1.0,19.0,13.0,6.0,9.0,15.0,0.0,1.0,6000.0,1500.0,25.0,0
124,42.0,1.0,4.0,0.0,10.0,17.0,8.0,2.0,23.0,0.0,0.0,3000.0,1100.0,18.0,0
125,28.0,2.0,0.0,1.0,3.0,14.0,12.0,7.0,20.0,0.0,1.0,7000.0,1300.0,30.0,0
126,55.0,1.0,3.0,0.0,22.0,5.0,18.0,1.0,11.0,1.0,0.0,4000.0,900.0,12.0,0
127,39.0,2.0,1.0,1.0,7.0,16.0,20.0,12.0,14.0,0.0,1.0,5500.0,1400.0,22.0,0
128,47.0,1.0,2.0,0.0,24.0,9.0,13.0,18.0,3.0,1.0,0.0,5000.0,1000.0,15.0,0
129,33.0,2.0,0.0,1.0,11.0,22.0,15.0,19.0,5.0,0.0,1.0,6500.0,1600.0,28.0,0
130,34.0,1.0,0.0,1.0,10.0,14.0,20.0,17.0,5.0,0.0,1.0,1500.0,1400.0,3.5,0
131,29.0,2.0,1.0,0.0,12.0,18.0,3.0,6.0,21.0,1.0,0.0,3200.0,300.0,8.5,0
132,35.0,1.0,0.0,1.0,15.0,22.0,7.0,9.0,11.0,0.0,1.0,2800.0,2700.0,4.0,0
133,42.0,2.0,1.0,0.0,9.0,16.0,19.0,13.0,4.0,0.0,0.0,8900.0,8500.0,6.0,0
134,37.0,1.0,0.0,1.0,20.0,5.0,8.0,14.0,18.0,1.0,1.0,4500.0,500.0,10.0,0
135,28.0,2.0,0.0,0.0,7.0,11.0,2.0,15.0,10.0,0.0,0.0,3000.0,250.0,7.5,0
136,45.0,1.0,1.0,0.0,13.0,19.0,6.0,3.0,12.0,1.0,0.0,1300.0,550.0,30.0,0
137,39.0,2.0,0.0,1.0,16.0,21.0,9.0,18.0,13.0,0.0,1.0,5000.0,600.0,9.0,0
138,50.0,1.0,1.0,0.0,18.0,23.0,4.0,12.0,7.0,1.0,0.0,2700.0,400.0,2.5,0
139,32.0,2.0,0.0,1.0,22.0,6.0,14.0,10.0,17.0,0.0,1.0,6000.0,560.0,80.0,0
140,35.0,1.0,0.0,0.0,18.0,16.0,5.0,0.0,15.0,1.0,0.0,6000.0,400.0,10.0,0
141,29.0,1.0,0.0,0.0,22.0,15.0,6.0,4.0,5.0,0.0,0.0,550.0,550.0,1.5,0
142,43.0,2.0,0.0,0.0,11.0,17.0,0.0,22.0,3.0,0.0,0.0,14000.0,14000.0,1.2,0
143,34.0,2.0,0.0,0.0,7.0,14.0,3.0,11.0,23.0,0.0,0.0,2900.0,210.0,14.5,0
144,30.0,1.0,0.0,0.0,21.0,20.0,14.0,0.0,15.0,1.0,0.0,900.0,420.0,0.7,0
145,28.0,2.0,0.0,0.0,22.0,5.0,15.0,14.0,9.0,1.0,0.0,1500.0,360.0,38.0,0
146,46.0,2.0,0.0,0.0,3.0,9.0,4.0,7.0,6.0,0.0,1.0,380.0,190.0,55.0,0
147,58.0,2.0,0.0,0.0,24.0,14.0,5.0,23.0,3.0,0.0,1.0,750.0,290.0,34.0,0
148,50.0,1.0,0.0,0.0,16.0,15.0,18.0,5.0,11.0,1.0,0.0,1500.0,500.0,12.0,0
149,24.0,1.0,0.0,0.0,5.0,0.0,19.0,24.0,18.0,0.0,0.0,520.0,520.0,1.2,0
150,34.0,1.0,0.0,1.0,5.0,19.0,15.0,23.0,14.0,1.0,0.0,1500.25,1200.5,8.5,0
151,29.0,2.0,4.0,0.0,8.0,15.0,7.0,18.0,10.0,0.0,1.0,3200.75,2500.0,5.0,0
152,42.0,1.0,0.0,1.0,21.0,14.0,16.0,11.0,5.0,0.0,0.0,4200.0,3000.0,3.5,0
153,50.0,2.0,0.0,0.0,6.0,23.0,1.0,3.0,24.0,1.0,0.0,6000.0,4000.0,7.5,0
154,37.0,1.0,4.0,1.0,11.0,15.0,19.0,14.0,25.0,0.0,1.0,1100.0,900.0,10.0,0
155,28.0,2.0,0.0,0.0,4.0,0.0,19.0,16.0,17.0,0.0,1.0,700.0,500.0,20.0,0
156,44.0,1.0,0.0,1.0,21.0,14.0,15.0,16.0,23.0,0.0,0.0,3000.0,1500.0,12.0,0
157,60.0,1.0,0.0,0.0,6.0,1.0,23.0,3.0,24.0,0.0,0.0,2000.0,1500.0,6.0,0
158,39.0,1.0,4.0,1.0,11.0,15.0,21.0,4.0,25.0,1.0,0.0,1000.0,300.0,14.0,0
159,22.0,1.0,0.0,0.0,6.0,0.0,14.0,11.0,18.0,0.0,1.0,600.0,300.0,7.0,0
160,35.0,1.0,1.0,0.0,12.0,9.0,3.0,7.0,11.0,0.0,1.0,1200.5432,300.5,40.5,0
161,27.0,2.0,0.0,1.0,5.0,14.0,8.0,20.0,2.0,0.0,0.0,980.7689,750.3,4.2,0
162,42.0,1.0,0.0,1.0,7.0,13.0,24.0,18.0,6.0,1.0,1.0,650.2345,600.0,3.8,0
163,31.0,2.0,1.0,0.0,9.0,21.0,15.0,3.0,17.0,0.0,0.0,1100.1234,500.5,45.3,0
164,36.0,1.0,0.0,1.0,13.0,7.0,18.0,16.0,4.0,0.0,1.0,2600.4567,700.0,55.9,0
165,26.0,2.0,0.0,0.0,8.0,1.0,9.0,17.0,5.0,0.0,0.0,4300.9876,250.0,6.7,0
166,49.0,1.0,1.0,0.0,2.0,22.0,26.0,18.0,7.0,0.0,0.0,1400.3456,320.0,19.5,0
167,24.0,2.0,0.0,0.0,10.0,19.0,5.0,8.0,24.0,0.0,0.0,3400.6543,1050.0,6.2,0
168,65.0,1.0,3.0,1.0,5.0,16.0,20.0,22.0,12.0,0.0,0.0,3200.789,2100.0,9.0,0
169,22.0,2.0,0.0,0.0,26.0,2.0,1.0,24.0,12.0,1.0,0.0,750.1234,350.0,27.0,0
170,29.0,1.0,0.0,0.0,10.0,6.0,22.0,5.0,9.0,0.0,0.0,3050.1234,400.0,12.3456,0
171,37.0,2.0,0.0,0.0,14.0,15.0,3.0,18.0,22.0,1.0,0.0,1800.5678,600.0,5.6789,0
172,50.0,2.0,0.0,0.0,1.0,7.0,19.0,23.0,4.0,0.0,0.0,2500.2345,500.0,10.1234,0
173,45.0,1.0,0.0,0.0,5.0,12.0,17.0,6.0,21.0,1.0,0.0,3200.6789,700.0,9.8765,0
174,33.0,2.0,0.0,0.0,9.0,8.0,14.0,20.0,11.0,0.0,0.0,2100.3456,450.0,11.2345,0
175,39.0,1.0,0.0,0.0,13.0,2.0,10.0,4.0,16.0,1.0,0.0,2700.789,550.0,8.7654,0
176,31.0,2.0,0.0,0.0,7.0,11.0,5.0,15.0,3.0,0.0,0.0,2900.1234,600.0,7.6543,0
177,52.0,1.0,0.0,0.0,3.0,18.0,25.0,9.0,12.0,1.0,0.0,2300.4567,650.0,6.5432,0
178,28.0,2.0,0.0,0.0,11.0,14.0,8.0,2.0,19.0,0.0,0.0,2000.789,400.0,13.4321,0
179,34.0,1.0,0.0,0.0,22.0,6.0,12.0,17.0,20.0,1.0,0.0,3100.2345,500.0,9.321,0
180,33.0,2.0,0.0,0.0,5.0,18.0,16.0,14.0,12.0,1.0,0.0,3450.6789,500.0,6.789,0
181,40.0,1.0,1.0,1.0,12.0,11.0,5.0,9.0,4.0,0.0,1.0,5200.1234,800.0,9.4567,0
182,28.0,1.0,0.0,1.0,7.0,13.0,20.0,17.0,19.0,0.0,0.0,800.5678,100.0,4.321,0
183,36.0,2.0,2.0,0.0,10.0,14.0,3.0,6.0,22.0,1.0,1.0,15000.789,2500.0,2.3456,0
184,45.0,1.0,3.0,1.0,1.0,2.0,15.0,21.0,8.0,0.0,0.0,10000.4567,1500.0,5.6789,0
185,50.0,2.0,0.0,0.0,9.0,7.0,13.0,10.0,18.0,1.0,0.0,27000.6789,3000.0,3.4567,0
186,22.0,1.0,0.0,1.0,3.0,5.0,12.0,19.0,17.0,0.0,1.0,600.3456,200.0,7.8901,0
187,60.0,2.0,4.0,0.0,11.0,16.0,9.0,8.0,23.0,1.0,0.0,20000.5678,3500.0,1.2345,0
188,32.0,1.0,0.0,0.0,6.0,4.0,14.0,22.0,7.0,0.0,0.0,9000.1234,600.0,8.9012,0
189,29.0,2.0,1.0,1.0,2.0,1.0,10.0,20.0,11.0,0.0,1.0,4500.6789,700.0,6.5432,0
190,29.0,1.0,0.0,1.0,18.0,5.0,10.0,0.0,4.0,0.0,1.0,5123.4567,1200.0,6.789,0
191,47.0,2.0,1.0,1.0,14.0,20.0,16.0,3.0,11.0,0.0,0.0,18500.1234,15000.0,4.5678,0
192,38.0,1.0,4.0,0.0,9.0,2.0,5.0,12.0,8.0,1.0,0.0,3000.6789,1000.0,8.1234,0
193,52.0,2.0,0.0,1.0,7.0,11.0,22.0,19.0,14.0,0.0,1.0,6000.2345,2000.0,5.6789,0
194,26.0,1.0,1.0,0.0,13.0,8.0,15.0,14.0,10.0,0.0,0.0,2100.3456,700.0,3.4567,0
195,60.0,2.0,4.0,1.0,4.0,9.0,13.0,17.0,18.0,0.0,0.0,12000.5678,5000.0,2.3456,0
196,33.0,1.0,0.0,0.0,5.0,7.0,3.0,20.0,12.0,1.0,1.0,4000.4567,1500.0,7.8901,0
197,42.0,2.0,1.0,1.0,16.0,21.0,24.0,6.0,1.0,0.0,0.0,9500.6789,4000.0,5.1234,0
198,49.0,1.0,4.0,0.0,11.0,12.0,6.0,13.0,19.0,1.0,0.0,7000.2345,2500.0,6.2345,0
199,55.0,2.0,0.0,0.0,8.0,14.0,11.0,22.0,2.0,0.0,1.0,8500.3456,3000.0,4.789,0
200,45.0,1.0,0.0,0.0,15.0,19.0,14.0,0.0,18.0,0.0,0.0,7200.3456,2500.0,12.3456,0
201,50.0,2.0,0.0,0.0,17.0,20.0,22.0,3.0,7.0,0.0,0.0,14000.1234,3000.0,2.1234,0
202,37.0,1.0,0.0,0.0,12.0,11.0,9.0,14.0,0.0,0.0,0.0,5000.5678,1000.0,10.5678,0
203,29.0,1.0,0.0,0.0,20.0,1.0,16.0,24.0,4.0,1.0,0.0,3500.2345,800.0,18.2345,0
204,32.0,2.0,0.0,0.0,19.0,7.0,26.0,12.0,5.0,0.0,0.0,1800.6789,600.0,32.6789,0
205,25.0,2.0,0.0,0.0,25.0,11.0,24.0,19.0,16.0,0.0,0.0,700.4567,300.0,5.4567,0
206,40.0,1.0,3.0,0.0,18.0,15.0,25.0,11.0,7.0,1.0,0.0,11000.789,2300.0,9.789,0
207,36.0,1.0,0.0,0.0,23.0,6.0,16.0,22.0,21.0,1.0,0.0,2000.8901,950.0,14.8901,0
208,27.0,1.0,0.0,0.0,15.0,7.0,16.0,6.0,24.0,1.0,0.0,800.9012,510.0,7.9012,0
209,34.0,2.0,0.0,0.0,5.0,19.0,9.0,15.0,13.0,1.0,0.0,5000.0123,1700.0,14.0123,0
210,32.0,2.0,1.0,1.0,18.0,7.0,12.0,5.0,14.0,0.0,0.0,1500.0,750.0,20.0,0
211,45.0,1.0,3.0,0.0,21.0,9.0,11.0,6.0,19.0,1.0,0.0,2000.0,600.0,15.0,0
212,38.0,2.0,0.0,1.0,13.0,4.0,15.0,8.0,10.0,0.0,0.0,1800.0,900.0,25.0,0
213,51.0,1.0,2.0,0.0,10.0,14.0,5.0,12.0,22.0,1.0,0.0,1400.0,500.0,10.0,0
214,28.0,2.0,1.0,1.0,17.0,3.0,8.0,20.0,6.0,0.0,0.0,1300.0,650.0,30.0,0
215,39.0,1.0,4.0,0.0,15.0,11.0,9.0,7.0,3.0,1.0,0.0,1600.0,800.0,5.0,0
216,25.0,1.0,0.0,1.0,14.0,0.0,2.0,18.0,13.0,0.0,0.0,700.0,300.0,4.0,0
217,30.0,2.0,2.0,0.0,19.0,6.0,0.0,16.0,9.0,1.0,0.0,1200.0,400.0,22.0,0
218,42.0,2.0,3.0,1.0,12.0,5.0,21.0,1.0,17.0,0.0,0.0,1100.0,550.0,40.0,0
219,35.0,1.0,1.0,0.0,11.0,13.0,4.0,23.0,2.0,1.0,0.0,1000.0,450.0,2.0,0
220,30.0,1.0,0.0,0.0,12.0,7.0,3.0,19.0,9.0,0.0,1.0,1340.25,450.0,18.5,0
221,28.0,2.0,0.0,1.0,5.0,20.0,14.0,10.0,17.0,0.0,0.0,1720.5,320.0,14.7,0
222,35.0,1.0,0.0,0.0,8.0,16.0,11.0,22.0,3.0,1.0,0.0,2150.0,780.0,22.0,0
223,24.0,2.0,0.0,0.0,13.0,5.0,7.0,18.0,21.0,0.0,1.0,600.0,210.0,38.5,0
224,31.0,2.0,0.0,1.0,9.0,14.0,6.0,23.0,12.0,0.0,0.0,1450.0,500.0,12.3,0
225,29.0,1.0,0.0,0.0,11.0,15.0,2.0,20.0,4.0,1.0,0.0,1100.0,350.0,25.0,0
226,34.0,2.0,0.0,0.0,7.0,10.0,19.0,6.0,15.0,0.0,0.0,5200.0,600.0,10.0,0
227,26.0,1.0,0.0,0.0,14.0,9.0,18.0,13.0,25.0,0.0,1.0,1300.0,450.0,36.0,0
228,36.0,2.0,0.0,1.0,6.0,12.0,22.0,8.0,17.0,1.0,0.0,2000.0,900.0,19.0,0
229,27.0,1.0,0.0,0.0,10.0,11.0,16.0,24.0,5.0,0.0,0.0,800.0,250.0,28.0,0
230,42.0,1.0,0.0,0.0,5.0,19.0,0.0,17.0,11.0,0.0,0.0,2234.7535,546.1,18.9939,0
231,36.0,2.0,0.0,0.0,24.0,15.0,6.0,0.0,8.0,1.0,0.0,2538.1818,605.0,1.7541,0
232,39.0,1.0,4.0,0.0,5.0,19.0,11.0,0.0,23.0,0.0,0.0,3131.4531,1550.0,23.4256,0
233,28.0,2.0,0.0,0.0,6.0,18.0,19.0,9.0,1.0,1.0,0.0,937.9988,269.0,47.5637,0
234,33.0,2.0,0.0,0.0,17.0,8.0,9.0,14.0,0.0,0.0,0.0,1371.4709,357.0,38.4105,0
235,30.0,2.0,0.0,0.0,10.0,15.0,25.0,12.0,23.0,0.0,0.0,1539.7089,846.0,28.4369,0
236,40.0,2.0,0.0,0.0,17.0,3.0,19.0,14.0,15.0,1.0,0.0,609.5443,288.0,68.9591,0
237,41.0,2.0,0.0,0.0,19.0,15.0,18.0,6.0,24.0,0.0,0.0,956.9455,395.775,28.1385,0
238,44.0,1.0,0.0,0.0,11.0,15.0,4.0,0.0,9.0,1.0,0.0,2766.021,1125.5,12.5399,0
239,47.0,2.0,1.0,0.0,24.0,6.0,11.0,8.0,18.0,0.0,0.0,5823.6925,699.0,11.8628,0
240,45.0,1.0,1.0,1.0,12.0,7.0,18.0,11.0,5.0,0.0,0.0,1500.0,1200.0,10.0,0
241,30.0,2.0,0.0,0.0,9.0,14.0,3.0,19.0,0.0,1.0,0.0,2200.0,850.0,12.5,0
242,28.0,1.0,1.0,1.0,15.0,10.0,6.0,2.0,19.0,0.0,0.0,950.0,300.0,8.0,0
243,40.0,2.0,0.0,0.0,11.0,5.0,17.0,4.0,0.0,1.0,0.0,1800.0,750.0,15.0,0
244,50.0,1.0,0.0,1.0,13.0,2.0,19.0,8.0,16.0,0.0,0.0,1700.0,950.0,9.0,0
245,33.0,2.0,1.0,0.0,10.0,11.0,0.0,19.0,7.0,1.0,0.0,2000.0,900.0,14.0,0
246,29.0,1.0,0.0,1.0,7.0,15.0,3.0,12.0,0.0,0.0,0.0,600.0,250.0,5.0,0
247,39.0,2.0,0.0,0.0,14.0,6.0,1.0,19.0,9.0,1.0,0.0,2500.0,1100.0,16.0,0
248,42.0,1.0,1.0,0.0,5.0,13.0,11.0,0.0,19.0,0.0,0.0,1300.0,500.0,7.0,0
249,35.0,2.0,0.0,1.0,8.0,4.0,19.0,10.0,0.0,1.0,0.0,1400.0,600.0,11.0,0
250,37.0,2.0,1.0,0.0,5.0,9.0,14.0,3.0,17.0,0.0,0.0,3025.4,1500.0,3.5,0
251,45.0,1.0,0.0,1.0,13.0,10.0,22.0,18.0,7.0,1.0,0.0,5102.7,2500.0,5.2,0
252,29.0,2.0,7.0,0.0,21.0,17.0,6.0,2.0,11.0,0.0,0.0,1150.3,400.0,7.8,0
253,52.0,1.0,4.0,0.0,4.0,5.0,3.0,9.0,15.0,0.0,0.0,16200.5,10000.0,1.3,0
254,60.0,1.0,0.0,0.0,11.0,6.0,15.0,9.0,4.0,0.0,0.0,420.6,180.0,2.7,0
255,34.0,2.0,0.0,0.0,19.0,12.0,0.0,17.0,5.0,0.0,0.0,250.3,90.0,40.0,0
256,78.0,1.0,0.0,0.0,23.0,15.0,4.0,21.0,11.0,0.0,0.0,8100.0,3400.0,3.5,0
257,42.0,1.0,1.0,1.0,1.0,22.0,11.0,25.0,3.0,0.0,0.0,1950.0,720.0,36.0,0
258,50.0,1.0,4.0,0.0,4.0,12.0,18.0,5.0,23.0,0.0,0.0,1050.0,320.0,0.7,0
259,31.0,2.0,0.0,0.0,6.0,8.0,2.0,18.0,24.0,1.0,0.0,950.0,430.0,6.2,0
260,25.0,1.0,0.0,0.0,5.0,15.0,3.0,8.0,2.0,0.0,0.0,1100.5,300.0,5.0,0
261,31.0,2.0,0.0,0.0,13.0,18.0,9.0,22.0,5.0,1.0,0.0,1300.0,450.0,40.0,0
262,37.0,1.0,0.0,0.0,12.0,17.0,6.0,11.0,16.0,0.0,0.0,600.0,350.0,10.0,0
263,35.0,2.0,0.0,0.0,10.0,7.0,15.0,19.0,22.0,1.0,0.0,550.0,295.0,20.0,0
264,40.0,1.0,0.0,0.0,18.0,1.0,24.0,26.0,7.0,1.0,0.0,2500.0,780.0,35.0,0
265,29.0,1.0,0.0,0.0,1.0,18.0,4.0,15.0,13.0,1.0,0.0,1700.0,1350.0,3.0,0
266,34.0,2.0,0.0,0.0,3.0,24.0,11.0,7.0,18.0,0.0,0.0,8000.0,11600.0,0.5,0
267,36.0,2.0,0.0,0.0,4.0,7.0,24.0,15.0,4.0,0.0,0.0,1200.0,530.0,4.0,0
268,45.0,1.0,0.0,0.0,12.0,11.0,6.0,21.0,20.0,0.0,0.0,2100.0,1000.0,15.0,0
269,48.0,1.0,0.0,0.0,13.0,21.0,5.0,9.0,24.0,1.0,0.0,950.0,410.0,34.0,0
270,28.0,1.0,0.0,1.0,5.0,12.0,9.0,14.0,7.0,0.0,0.0,2100.0,500.0,15.0,0
271,42.0,2.0,0.0,0.0,3.0,11.0,17.0,2.0,20.0,1.0,1.0,3200.0,800.0,18.0,0
272,35.0,1.0,0.0,0.0,22.0,7.0,13.0,19.0,6.0,0.0,0.0,2500.0,700.0,10.0,0
273,30.0,2.0,0.0,1.0,10.0,14.0,18.0,23.0,5.0,0.0,1.0,1800.0,450.0,8.0,0
274,40.0,1.0,0.0,0.0,15.0,20.0,8.0,12.0,25.0,1.0,0.0,4000.0,1000.0,22.0,0
275,27.0,2.0,0.0,1.0,6.0,17.0,21.0,9.0,11.0,0.0,1.0,1500.0,550.0,12.0,0
276,44.0,1.0,0.0,0.0,19.0,3.0,24.0,1.0,13.0,1.0,1.0,3300.0,900.0,25.0,0
277,33.0,2.0,0.0,0.0,16.0,4.0,14.0,20.0,18.0,0.0,0.0,2700.0,600.0,14.0,0
278,25.0,1.0,0.0,1.0,7.0,13.0,9.0,15.0,22.0,0.0,1.0,1600.0,480.0,9.0,0
279,37.0,2.0,0.0,0.0,12.0,21.0,3.0,11.0,24.0,1.0,0.0,2900.0,750.0,20.0,0
280,47.0,1.0,4.0,1.0,12.0,5.0,20.0,18.0,9.0,0.0,0.0,2600.0,900.0,20.0,0
281,36.0,2.0,0.0,0.0,15.0,3.0,7.0,14.0,11.0,1.0,0.0,3100.0,1200.0,25.0,0
282,50.0,1.0,0.0,0.0,22.0,4.0,12.0,21.0,13.0,0.0,0.0,2200.0,800.0,15.0,0
283,42.0,2.0,4.0,1.0,25.0,6.0,9.0,17.0,5.0,1.0,0.0,1800.0,600.0,30.0,0
284,34.0,1.0,0.0,0.0,10.0,8.0,23.0,19.0,20.0,0.0,0.0,2400.0,1000.0,10.0,0
285,48.0,2.0,4.0,0.0,16.0,7.0,14.0,22.0,6.0,0.0,0.0,2800.0,1100.0,22.0,0
286,41.0,1.0,0.0,1.0,21.0,1.0,13.0,24.0,7.0,1.0,0.0,2900.0,1300.0,28.0,0
287,53.0,2.0,4.0,0.0,18.0,9.0,5.0,16.0,12.0,0.0,0.0,2700.0,900.0,18.0,0
288,49.0,1.0,0.0,0.0,19.0,11.0,17.0,25.0,8.0,0.0,0.0,2300.0,750.0,14.0,0
289,37.0,2.0,4.0,1.0,13.0,2.0,15.0,20.0,14.0,1.0,0.0,2500.0,850.0,24.0,0
290,43.0,1.0,1.0,0.0,10.0,5.0,12.0,22.0,13.0,1.0,1.0,2100.0,500.0,28.0,0
291,45.0,2.0,3.0,0.0,7.0,9.0,18.0,23.0,24.0,0.0,0.0,20000.0,34000.0,1.0,0
292,41.0,1.0,1.0,0.0,22.0,20.0,14.0,13.0,5.0,1.0,1.0,2900.0,1000.0,12.0,0
293,24.0,2.0,5.0,0.0,5.0,13.0,7.0,6.0,15.0,0.0,0.0,1100.0,300.0,20.0,0
294,47.0,2.0,4.0,1.0,9.0,11.0,24.0,2.0,16.0,1.0,0.0,3600.0,1500.0,18.0,0
295,28.0,2.0,1.0,0.0,1.0,5.0,13.0,14.0,8.0,0.0,0.0,750.0,180.0,40.0,0
296,30.0,2.0,1.0,0.0,13.0,1.0,7.0,23.0,15.0,0.0,0.0,1500.0,110.0,2.0,0
297,47.0,1.0,3.0,1.0,4.0,18.0,22.0,5.0,1.0,1.0,0.0,2400.0,480.0,50.0,0
298,50.0,2.0,1.0,0.0,11.0,5.0,22.0,23.0,10.0,0.0,0.0,550.0,170.0,55.0,0
299,27.0,2.0,1.0,0.0,17.0,2.0,15.0,14.0,20.0,0.0,0.0,1200.0,290.0,15.0,0
300,47.0,1.0,0.0,0.0,12.0,18.0,5.0,9.0,20.0,0.0,0.0,1500.1234,500.0,30.1234,0
301,39.0,2.0,1.0,1.0,22.0,7.0,14.0,16.0,11.0,1.0,0.0,2500.5678,800.0,12.3456,0
302,55.0,1.0,0.0,1.0,10.0,19.0,6.0,11.0,21.0,0.0,0.0,1800.2345,600.0,25.6789,0
303,29.0,2.0,0.0,0.0,5.0,8.0,18.0,17.0,15.0,0.0,0.0,500.3456,200.0,5.6789,0
304,42.0,1.0,0.0,0.0,23.0,7.0,20.0,24.0,16.0,1.0,0.0,3000.6789,1500.0,8.9012,0
305,60.0,1.0,0.0,0.0,12.0,16.0,22.0,10.0,1.0,0.0,0.0,2200.789,1300.0,18.9012,0
306,35.0,2.0,0.0,0.0,24.0,18.0,11.0,1.0,20.0,1.0,0.0,32000.1234,4600.0,10.1234,0
307,56.0,1.0,4.0,1.0,15.0,22.0,7.0,2.0,17.0,0.0,0.0,1900.2345,400.0,17.3456,0
308,58.0,2.0,1.0,1.0,25.0,7.0,24.0,9.0,15.0,0.0,0.0,4100.5678,750.0,15.6789,0
309,32.0,1.0,0.0,0.0,12.0,17.0,6.0,5.0,16.0,1.0,0.0,5200.6789,1000.0,16.789,0
310,41.0,1.0,4.0,0.0,12.0,5.0,11.0,16.0,18.0,1.0,0.0,1340.0,850.0,4.5,0
311,35.0,2.0,0.0,0.0,13.0,16.0,5.0,11.0,20.0,0.0,0.0,5900.0,220.0,5.5,0
312,42.0,1.0,0.0,0.0,12.0,1.0,21.0,10.0,18.0,1.0,0.0,400.0,270.0,1.8,0
313,33.0,2.0,4.0,1.0,22.0,7.0,12.0,25.0,11.0,1.0,0.0,890.0,340.0,47.5,0
314,50.0,2.0,0.0,0.0,24.0,25.0,13.0,22.0,16.0,0.0,0.0,870.0,260.0,13.5,0
315,37.0,2.0,0.0,0.0,15.0,11.0,3.0,7.0,19.0,1.0,0.0,880.0,760.0,2.2,0
316,58.0,2.0,0.0,0.0,7.0,15.0,22.0,3.0,20.0,0.0,0.0,11100.0,4300.0,5.0,0
317,63.0,1.0,0.0,1.0,5.0,22.0,16.0,17.0,20.0,1.0,0.0,1330.0,810.0,57.0,0
318,46.0,2.0,0.0,0.0,9.0,7.0,14.0,15.0,2.0,0.0,0.0,10900.0,3100.0,8.6,0
319,29.0,2.0,0.0,0.0,3.0,16.0,25.0,18.0,24.0,1.0,0.0,2900.0,240.0,17.0,0
320,37.0,1.0,0.0,0.0,9.0,18.0,5.0,7.0,16.0,1.0,1.0,1120.5,510.0,25.0,0
321,33.0,2.0,0.0,0.0,7.0,22.0,14.0,2.0,18.0,1.0,0.0,3800.0,1050.0,32.0,0
322,43.0,1.0,0.0,0.0,6.0,1.0,19.0,14.0,12.0,1.0,1.0,1150.0,495.0,17.0,0
323,52.0,2.0,0.0,0.0,17.0,7.0,8.0,5.0,16.0,1.0,0.0,2000.0,400.0,38.0,0
324,36.0,1.0,4.0,0.0,10.0,14.0,1.0,20.0,19.0,0.0,0.0,16000.0,950.0,6.0,0
325,40.0,2.0,0.0,0.0,9.0,3.0,24.0,20.0,4.0,1.0,0.0,1500.0,390.0,45.0,0
326,59.0,1.0,0.0,0.0,10.0,18.0,9.0,3.0,5.0,0.0,0.0,3200.0,1000.0,5.0,0
327,43.0,2.0,0.0,0.0,5.0,1.0,12.0,3.0,20.0,0.0,0.0,3100.0,2600.0,12.0,0
328,39.0,2.0,0.0,1.0,13.0,20.0,14.0,5.0,23.0,1.0,0.0,2300.0,460.0,20.0,0
329,41.0,1.0,4.0,1.0,10.0,4.0,9.0,3.0,18.0,0.0,0.0,1500.0,570.0,16.0,0
330,34.0,1.0,1.0,0.0,5.0,14.0,6.0,18.0,3.0,0.0,1.0,2450.32,1200.0,10.5,0
331,40.0,2.0,0.0,1.0,12.0,9.0,22.0,13.0,7.0,1.0,0.0,1320.75,750.0,5.3,0
332,26.0,1.0,0.0,0.0,19.0,5.0,6.0,11.0,15.0,0.0,1.0,980.54,400.0,7.8,0
333,46.0,2.0,3.0,1.0,8.0,14.0,10.0,13.0,2.0,1.0,0.0,3500.0,1500.0,20.0,0
334,32.0,1.0,4.0,0.0,7.0,6.0,11.0,15.0,4.0,0.0,0.0,1200.0,600.0,3.5,0
335,29.0,2.0,1.0,1.0,15.0,9.0,13.0,7.0,18.0,1.0,0.0,1150.0,500.0,6.7,0
336,38.0,1.0,0.0,0.0,5.0,19.0,11.0,4.0,3.0,0.0,1.0,2400.0,900.0,12.0,0
337,50.0,2.0,2.0,1.0,8.0,10.0,6.0,13.0,16.0,1.0,0.0,4200.0,1700.0,25.0,0
338,27.0,1.0,0.0,0.0,6.0,14.0,1.0,18.0,3.0,0.0,0.0,1800.0,1200.0,2.0,0
339,55.0,2.0,0.0,0.0,6.0,11.0,24.0,10.0,23.0,0.0,0.0,2700.0,1400.0,15.0,0
340,50.0,2.0,1.0,1.0,10.0,19.0,14.0,7.0,5.0,0.0,0.0,9200.0,3000.0,7.5,0
341,27.0,2.0,0.0,0.0,8.0,23.0,19.0,9.0,12.0,0.0,1.0,1600.0,400.0,20.0,0
342,42.0,1.0,0.0,0.0,16.0,11.0,5.0,3.0,13.0,0.0,0.0,1400.0,600.0,12.0,0
343,46.0,1.0,1.0,1.0,12.0,9.0,20.0,10.0,7.0,1.0,1.0,1300.0,850.0,5.0,0
344,60.0,2.0,3.0,1.0,13.0,22.0,16.0,24.0,11.0,0.0,1.0,4800.0,1500.0,8.5,0
345,45.0,1.0,0.0,0.0,22.0,17.0,12.0,18.0,6.0,0.0,0.0,4100.0,2300.0,3.0,0
346,68.0,1.0,0.0,0.0,18.0,13.0,3.0,6.0,1.0,0.0,0.0,11700.0,9400.0,6.5,0
347,39.0,2.0,0.0,0.0,7.0,8.0,24.0,19.0,20.0,0.0,0.0,1500.0,500.0,10.0,0
348,56.0,2.0,4.0,1.0,20.0,14.0,15.0,23.0,17.0,1.0,0.0,500.0,300.0,35.0,0
349,22.0,2.0,0.0,0.0,6.0,7.0,5.0,13.0,22.0,0.0,0.0,86000.0,86000.0,1.0,0
350,45.0,1.0,0.0,0.0,12.0,5.0,8.0,14.0,20.0,0.0,0.0,3200.5678,1450.0,18.3456,0
351,30.0,2.0,0.0,0.0,3.0,24.0,7.0,2.0,19.0,1.0,0.0,1350.0,320.0,48.1234,0
352,50.0,1.0,0.0,0.0,20.0,6.0,16.0,13.0,14.0,0.0,0.0,10500.9876,7200.0,2.3456,0
353,55.0,2.0,0.0,0.0,5.0,18.0,4.0,3.0,16.0,0.0,0.0,890.1234,70.0,70.4567,0
354,60.0,1.0,4.0,0.0,10.0,3.0,9.0,8.0,14.0,0.0,0.0,12000.1111,9900.0,0.3456,0
355,34.0,1.0,4.0,0.0,10.0,18.0,1.0,9.0,14.0,1.0,0.0,2400.6543,550.0,5.6789,0
356,36.0,2.0,0.0,0.0,13.0,5.0,22.0,14.0,19.0,0.0,0.0,680.1234,180.0,1.789,0
357,58.0,1.0,1.0,0.0,10.0,9.0,8.0,1.0,3.0,0.0,0.0,3300.5678,420.0,23.4567,0
358,26.0,1.0,0.0,0.0,13.0,5.0,14.0,15.0,20.0,0.0,0.0,670.3456,280.0,40.5678,0
359,39.0,2.0,0.0,0.0,9.0,5.0,23.0,2.0,19.0,0.0,0.0,11200.4567,930.0,2.1234,0
360,35.0,1.0,0.0,1.0,9.0,21.0,15.0,14.0,24.0,0.0,0.0,1500.75,500.0,20.0,0
361,50.0,2.0,4.0,0.0,6.0,10.0,19.0,22.0,15.0,1.0,0.0,2000.65,750.0,15.0,0
362,29.0,1.0,0.0,1.0,3.0,11.0,8.0,5.0,2.0,0.0,1.0,2500.9,600.0,10.0,0
363,40.0,2.0,0.0,0.0,7.0,15.0,12.0,18.0,9.0,1.0,0.0,1000.5,400.0,25.0,0
364,55.0,2.0,4.0,1.0,12.0,22.0,23.0,10.0,6.0,0.0,1.0,1800.8,850.0,30.0,0
365,23.0,1.0,0.0,0.0,5.0,3.0,8.0,14.0,20.0,0.0,0.0,3000.7,900.0,5.0,0
366,60.0,2.0,0.0,1.0,4.0,17.0,21.0,16.0,13.0,1.0,0.0,1100.45,700.0,35.0,0
367,42.0,1.0,0.0,0.0,11.0,20.0,7.0,5.0,3.0,0.0,1.0,900.6,300.0,40.0,0
368,27.0,2.0,0.0,1.0,2.0,9.0,4.0,13.0,8.0,1.0,0.0,2200.85,650.0,8.0,0
369,33.0,1.0,4.0,0.0,10.0,18.0,6.0,23.0,19.0,0.0,0.0,1400.95,550.0,18.0,0
370,35.0,2.0,0.0,0.0,5.0,14.0,8.0,15.0,23.0,0.0,0.0,5120.4321,1800.0,6.1234,0
371,30.0,1.0,0.0,0.0,7.0,8.0,6.0,11.0,17.0,1.0,0.0,3420.9876,500.0,18.5678,0
372,29.0,2.0,0.0,1.0,12.0,9.0,4.0,20.0,6.0,0.0,0.0,1120.5432,250.0,30.1234,0
373,40.0,1.0,0.0,0.0,3.0,7.0,15.0,18.0,22.0,1.0,0.0,6540.8765,1500.0,12.3456,0
374,45.0,2.0,0.0,0.0,1.0,11.0,9.0,5.0,21.0,0.0,0.0,8230.1234,3000.0,4.5678,0
375,32.0,1.0,0.0,0.0,0.0,6.0,17.0,14.0,19.0,1.0,0.0,2345.6789,600.0,22.9876,0
376,36.0,2.0,0.0,0.0,13.0,5.0,10.0,12.0,16.0,0.0,0.0,5789.321,2000.0,8.9012,0
377,50.0,1.0,0.0,0.0,8.0,22.0,7.0,19.0,14.0,0.0,0.0,9876.5432,3200.0,5.4321,0
378,28.0,2.0,0.0,1.0,2.0,20.0,11.0,3.0,18.0,1.0,0.0,3102.4567,1600.0,9.8765,0
379,41.0,1.0,0.0,0.0,4.0,13.0,16.0,9.0,20.0,1.0,0.0,7654.321,1200.0,15.6789,0
380,28.0,1.0,3.0,1.0,12.0,20.0,5.0,17.0,9.0,0.0,1.0,3500.0,1500.0,5.5,0
381,45.0,2.0,0.0,0.0,7.0,22.0,14.0,3.0,18.0,1.0,0.0,5000.0,2200.0,2.8,0
382,39.0,1.0,2.0,1.0,10.0,15.0,6.0,13.0,19.0,0.0,1.0,1200.0,600.0,11.0,0
383,33.0,2.0,1.0,0.0,5.0,19.0,11.0,24.0,2.0,1.0,0.0,2500.0,1000.0,6.2,0
384,50.0,1.0,0.0,0.0,3.0,12.0,20.0,14.0,8.0,0.0,1.0,4000.0,1800.0,3.1,0
385,60.0,2.0,0.0,0.0,9.0,16.0,12.0,7.0,23.0,0.0,0.0,3200.0,1500.0,4.8,0
386,41.0,1.0,4.0,1.0,11.0,18.0,4.0,6.0,22.0,1.0,0.0,2800.0,1200.0,7.3,0
387,55.0,2.0,0.0,0.0,2.0,13.0,21.0,5.0,17.0,0.0,1.0,4500.0,2300.0,2.3,0
388,29.0,1.0,0.0,0.0,14.0,3.0,16.0,9.0,20.0,1.0,0.0,600.0,300.0,50.0,0
389,48.0,2.0,0.0,0.0,8.0,10.0,15.0,23.0,1.0,1.0,0.0,18000.0,1200.0,1.1,0
390,32.0,1.0,0.0,1.0,15.0,19.0,4.0,23.0,8.0,1.0,1.0,2050.0,1500.0,5.0,0
391,27.0,2.0,4.0,0.0,21.0,3.0,15.0,11.0,6.0,0.0,0.0,950.0,300.0,7.5,0
392,40.0,1.0,0.0,1.0,10.0,5.0,23.0,14.0,7.0,1.0,1.0,3000.0,1200.0,6.0,0
393,29.0,2.0,4.0,0.0,24.0,6.0,15.0,19.0,3.0,0.0,1.0,1200.0,500.0,8.0,0
394,50.0,1.0,0.0,1.0,8.0,2.0,11.0,14.0,20.0,0.0,0.0,4000.0,2000.0,3.0,0
395,34.0,2.0,4.0,1.0,23.0,11.0,16.0,5.0,9.0,1.0,0.0,1500.0,1400.0,1.0,0
396,28.0,1.0,0.0,0.0,14.0,6.0,15.0,23.0,10.0,0.0,0.0,500.0,250.0,9.0,0
397,45.0,2.0,4.0,0.0,24.0,10.0,6.0,15.0,7.0,0.0,0.0,3500.0,1000.0,12.0,0
398,42.0,1.0,0.0,0.0,0.0,10.0,5.0,11.0,19.0,0.0,0.0,1300.0,400.0,4.5,0
399,46.0,2.0,4.0,0.0,6.0,25.0,2.0,24.0,21.0,0.0,0.0,2600.0,300.0,1.0,0
400,45.0,1.0,0.0,1.0,7.0,12.0,5.0,18.0,20.0,1.0,0.0,4000.5,1000.0,15.5,0
401,36.0,2.0,0.0,0.0,9.0,22.0,13.0,6.0,17.0,0.0,1.0,2500.0,800.0,20.0,0
402,54.0,1.0,0.0,1.0,3.0,14.0,11.0,23.0,8.0,1.0,0.0,3500.0,600.0,8.5,0
403,63.0,2.0,0.0,0.0,19.0,16.0,2.0,5.0,10.0,0.0,1.0,4500.0,1200.0,12.0,0
404,29.0,1.0,0.0,1.0,8.0,11.0,7.0,24.0,15.0,0.0,0.0,1000.0,300.0,30.0,0
405,32.0,2.0,0.0,0.0,14.0,21.0,9.0,17.0,1.0,1.0,0.0,2000.0,500.0,25.0,0
406,47.0,1.0,0.0,1.0,12.0,8.0,4.0,19.0,13.0,1.0,1.0,3200.0,700.0,18.0,0
407,55.0,2.0,0.0,0.0,20.0,9.0,14.0,7.0,3.0,0.0,0.0,2800.0,900.0,10.0,0
408,39.0,1.0,0.0,0.0,6.0,13.0,22.0,10.0,5.0,0.0,0.0,3600.0,1100.0,22.0,0
409,62.0,2.0,0.0,1.0,18.0,3.0,16.0,20.0,12.0,1.0,0.0,5000.0,1300.0,14.0,0
410,68.0,1.0,0.0,0.0,14.0,8.0,21.0,18.0,6.0,0.0,0.0,750.0,320.0,25.0,0
411,36.0,2.0,0.0,0.0,6.0,23.0,24.0,3.0,18.0,1.0,0.0,2400.0,2200.0,3.0,0
412,39.0,1.0,0.0,0.0,11.0,6.0,5.0,19.0,22.0,1.0,0.0,6800.0,3500.0,1.4,0
413,41.0,2.0,0.0,0.0,2.0,15.0,23.0,6.0,24.0,0.0,0.0,2400.0,550.0,27.0,0
414,35.0,1.0,0.0,1.0,11.0,0.0,15.0,19.0,10.0,1.0,0.0,2200.0,1110.0,4.2,0
415,32.0,2.0,0.0,0.0,23.0,2.0,16.0,8.0,21.0,0.0,0.0,1060.0,260.0,4.7,0
416,26.0,1.0,0.0,0.0,14.0,16.0,15.0,21.0,5.0,0.0,0.0,300.0,200.0,33.0,0
417,35.0,2.0,0.0,0.0,14.0,6.0,21.0,8.0,7.0,1.0,0.0,860.0,200.0,24.0,0
418,33.0,2.0,0.0,0.0,14.0,6.0,15.0,21.0,23.0,0.0,0.0,1280.0,330.0,33.0,0
419,31.0,2.0,0.0,0.0,23.0,2.0,16.0,8.0,21.0,0.0,0.0,1050.0,260.0,4.7,0
420,34.0,1.0,0.0,0.0,19.0,12.0,5.0,23.0,16.0,0.0,0.0,1500.5,400.0,5.5,0
421,47.0,2.0,0.0,1.0,24.0,8.0,6.0,15.0,3.0,0.0,0.0,1050.0,550.0,9.0,0
422,62.0,1.0,4.0,0.0,14.0,6.0,16.0,19.0,23.0,0.0,0.0,6800.0,4800.0,2.5,0
423,25.0,2.0,0.0,0.0,21.0,5.0,15.0,11.0,6.0,0.0,0.0,2700.0,450.0,2.0,0
424,41.0,2.0,0.0,0.0,18.0,1.0,24.0,6.0,21.0,0.0,0.0,900.0,300.0,7.0,0
425,30.0,1.0,0.0,1.0,23.0,3.0,19.0,5.0,15.0,0.0,0.0,7100.0,950.0,3.5,0
426,55.0,1.0,4.0,0.0,14.0,15.0,8.0,21.0,3.0,0.0,0.0,7200.0,1700.0,3.0,0
427,28.0,2.0,0.0,0.0,16.0,10.0,8.0,24.0,25.0,0.0,0.0,10000.0,7400.0,1.8,0
428,27.0,1.0,0.0,0.0,6.0,11.0,21.0,5.0,15.0,0.0,0.0,2900.0,520.0,2.1,0
429,60.0,2.0,4.0,1.0,23.0,19.0,3.0,15.0,5.0,0.0,0.0,7400.0,1100.0,3.1,0
430,42.0,1.0,1.0,0.0,13.0,11.0,8.0,17.0,3.0,1.0,1.0,10234.5678,1200.0,10.4567,0
431,33.0,2.0,0.0,1.0,22.0,14.0,9.0,12.0,7.0,0.0,0.0,5678.1234,789.0,8.2345,0
432,38.0,1.0,4.0,0.0,16.0,20.0,5.0,19.0,2.0,1.0,1.0,4321.8765,1500.0,9.8765,0
433,27.0,2.0,1.0,1.0,7.0,18.0,11.0,23.0,4.0,0.0,0.0,987.6543,456.0,14.5678,0
434,45.0,1.0,0.0,0.0,9.0,25.0,6.0,13.0,10.0,1.0,0.0,2345.6789,1000.0,11.3456,0
435,30.0,2.0,4.0,1.0,20.0,12.0,14.0,5.0,17.0,0.0,1.0,678.9123,300.0,12.789,0
436,50.0,1.0,1.0,0.0,11.0,3.0,22.0,6.0,15.0,1.0,0.0,3456.789,800.0,13.4567,0
437,28.0,2.0,0.0,1.0,24.0,7.0,16.0,10.0,8.0,0.0,1.0,789.0123,250.0,17.8901,0
438,39.0,1.0,4.0,0.0,5.0,13.0,2.0,21.0,12.0,1.0,0.0,4567.8901,1100.0,15.6789,0
439,44.0,2.0,1.0,1.0,17.0,19.0,4.0,8.0,9.0,0.0,1.0,1234.5678,600.0,18.9012,0
440,35.0,1.0,0.0,0.0,5.0,19.0,4.0,17.0,15.0,1.0,0.0,1300.0,550.0,9.5,0
441,40.0,2.0,0.0,0.0,24.0,18.0,13.0,1.0,23.0,0.0,0.0,1650.0,580.0,10.3,0
442,36.0,2.0,0.0,0.0,2.0,15.0,22.0,23.0,14.0,1.0,0.0,1400.0,1100.0,4.4,0
443,38.0,1.0,0.0,0.0,0.0,19.0,11.0,10.0,17.0,1.0,0.0,3500.0,730.0,25.0,0
444,41.0,1.0,0.0,0.0,19.0,5.0,14.0,12.0,0.0,0.0,0.0,1020.0,510.0,25.5,0
445,25.0,2.0,0.0,0.0,6.0,24.0,20.0,14.0,9.0,1.0,0.0,780.0,250.0,16.4,0
446,35.0,1.0,0.0,0.0,5.0,0.0,16.0,4.0,21.0,0.0,0.0,2300.0,1350.0,1.7,0
447,56.0,2.0,0.0,0.0,6.0,21.0,15.0,2.0,23.0,0.0,0.0,16000.0,14300.0,2.1,0
448,33.0,1.0,0.0,0.0,23.0,5.0,0.0,19.0,16.0,1.0,0.0,1950.0,350.0,43.5,0
449,31.0,1.0,0.0,0.0,19.0,14.0,4.0,11.0,16.0,1.0,0.0,720.0,310.0,7.0,0
450,34.0,2.0,0.0,0.0,21.0,14.0,15.0,6.0,16.0,1.0,0.0,2500.0,700.0,20.0,0
451,30.0,2.0,0.0,0.0,0.0,16.0,23.0,5.0,4.0,0.0,0.0,850.0,260.0,60.0,0
452,28.0,2.0,1.0,1.0,6.0,24.0,25.0,8.0,14.0,0.0,0.0,4000.0,2500.0,3.0,0
453,38.0,1.0,0.0,0.0,0.0,16.0,5.0,15.0,11.0,0.0,0.0,1700.0,950.0,6.0,0
454,35.0,1.0,0.0,0.0,24.0,11.0,23.0,15.0,6.0,1.0,0.0,1800.0,460.0,3.0,0
455,55.0,1.0,0.0,0.0,24.0,11.0,10.0,6.0,18.0,1.0,1.0,3200.0,1300.0,40.0,0
456,42.0,2.0,0.0,0.0,11.0,12.0,6.0,4.0,23.0,0.0,0.0,1300.0,470.0,14.0,0
457,45.0,2.0,4.0,1.0,15.0,3.0,23.0,21.0,2.0,0.0,0.0,6400.0,1100.0,7.0,0
458,36.0,1.0,0.0,0.0,16.0,15.0,25.0,11.0,19.0,1.0,0.0,1700.0,850.0,3.0,0
459,40.0,1.0,0.0,0.0,5.0,4.0,9.0,19.0,15.0,1.0,0.0,1400.0,1380.0,1.5,0
460,37.0,1.0,2.0,0.0,12.0,17.0,9.0,22.0,4.0,0.0,1.0,1780.2345,350.0,15.6789,0
461,29.0,2.0,5.0,1.0,15.0,18.0,13.0,20.0,3.0,1.0,0.0,2300.8765,600.0,45.2345,0
462,44.0,1.0,0.0,0.0,14.0,20.0,11.0,18.0,5.0,1.0,0.0,3100.4567,400.0,12.3456,0
463,35.0,2.0,3.0,1.0,22.0,3.0,7.0,17.0,14.0,0.0,1.0,1200.5678,500.0,30.5678,0
464,28.0,1.0,6.0,0.0,9.0,8.0,21.0,23.0,18.0,1.0,0.0,800.6789,300.0,20.1234,0
465,55.0,2.0,2.0,1.0,19.0,12.0,1.0,24.0,13.0,1.0,0.0,8000.1234,1000.0,5.6789,0
466,39.0,1.0,0.0,0.0,1.0,22.0,13.0,18.0,15.0,1.0,0.0,900.2345,750.0,3.4567,0
467,34.0,1.0,0.0,0.0,18.0,15.0,22.0,24.0,14.0,1.0,0.0,1100.3456,720.0,2.3456,0
468,47.0,1.0,0.0,0.0,10.0,5.0,11.0,22.0,13.0,0.0,0.0,2600.5678,950.0,18.5678,0
469,48.0,1.0,1.0,1.0,12.0,18.0,7.0,22.0,21.0,0.0,1.0,1500.6789,450.0,4.5678,0
470,52.0,2.0,4.0,0.0,9.0,5.0,7.0,11.0,13.0,0.0,0.0,20000.0,14000.0,2.5,0
471,36.0,1.0,0.0,0.0,4.0,3.0,10.0,18.0,16.0,1.0,0.0,2000.0,1400.0,1.1,0
472,43.0,2.0,4.0,0.0,18.0,15.0,22.0,17.0,1.0,1.0,0.0,1800.0,420.0,14.5,0
473,40.0,2.0,0.0,0.0,7.0,6.0,5.0,9.0,17.0,1.0,0.0,1300.0,800.0,3.6,0
474,32.0,2.0,5.0,1.0,23.0,5.0,7.0,6.0,24.0,0.0,0.0,1400.0,300.0,65.0,0
475,28.0,2.0,0.0,0.0,5.0,13.0,23.0,22.0,7.0,0.0,0.0,1500.0,330.0,9.6,0
476,30.0,1.0,0.0,0.0,1.0,18.0,13.0,15.0,14.0,1.0,0.0,1800.0,240.0,8.1,0
477,56.0,2.0,4.0,0.0,2.0,18.0,14.0,7.0,21.0,0.0,0.0,1450.0,530.0,21.0,0
478,53.0,2.0,4.0,0.0,20.0,5.0,14.0,13.0,23.0,0.0,1.0,1200.0,590.0,42.0,0
479,47.0,1.0,0.0,0.0,5.0,7.0,14.0,17.0,23.0,0.0,0.0,900.0,320.0,32.0,0
480,29.0,1.0,4.0,1.0,11.0,19.0,14.0,15.0,17.0,0.0,0.0,2450.0,2300.0,5.0,0
481,50.0,2.0,0.0,0.0,15.0,18.0,3.0,21.0,23.0,1.0,0.0,2850.0,950.0,20.0,0
482,28.0,2.0,4.0,1.0,23.0,8.0,15.0,6.0,18.0,0.0,1.0,1150.0,220.0,85.0,0
483,38.0,1.0,4.0,1.0,11.0,21.0,15.0,22.0,10.0,1.0,0.0,1650.0,1100.0,36.0,0
484,43.0,1.0,0.0,0.0,11.0,10.0,22.0,19.0,4.0,0.0,1.0,23000.0,14500.0,2.5,0
485,49.0,2.0,4.0,0.0,10.0,4.0,17.0,21.0,15.0,0.0,1.0,17500.0,700.0,23.0,0
486,27.0,1.0,0.0,1.0,11.0,23.0,12.0,0.0,16.0,0.0,0.0,900.0,320.0,17.0,0
487,33.0,2.0,4.0,1.0,10.0,6.0,1.0,23.0,16.0,0.0,1.0,1200.0,310.0,60.0,0
488,34.0,1.0,0.0,0.0,19.0,11.0,15.0,17.0,18.0,1.0,1.0,1250.0,530.0,19.0,0
489,82.0,1.0,0.0,1.0,6.0,8.0,24.0,23.0,18.0,0.0,0.0,3600.0,1400.0,9.0,0
490,35.0,2.0,0.0,0.0,12.0,8.0,20.0,5.0,7.0,0.0,0.0,5000.0,3000.0,5.0,0
491,45.0,1.0,1.0,1.0,9.0,14.0,3.0,18.0,22.0,0.0,1.0,15000.0,12000.0,12.0,0
492,29.0,2.0,0.0,1.0,15.0,6.0,17.0,13.0,4.0,0.0,0.0,3000.0,2500.0,8.0,0
493,52.0,1.0,4.0,0.0,7.0,11.0,19.0,10.0,23.0,0.0,0.0,7500.0,5500.0,3.0,0
494,41.0,2.0,0.0,1.0,18.0,5.0,24.0,9.0,2.0,0.0,1.0,9500.0,7000.0,10.0,0
495,37.0,2.0,0.0,0.0,10.0,16.0,1.0,21.0,14.0,0.0,0.0,4000.0,3500.0,7.0,0
496,48.0,1.0,1.0,1.0,22.0,12.0,6.0,8.0,15.0,0.0,0.0,12000.0,10000.0,4.0,0
497,39.0,2.0,4.0,0.0,4.0,19.0,11.0,3.0,13.0,0.0,1.0,6000.0,5000.0,6.0,0
498,55.0,1.0,0.0,0.0,23.0,7.0,2.0,15.0,9.0,0.0,0.0,8000.0,6000.0,9.0,0
499,43.0,2.0,1.0,1.0,5.0,20.0,8.0,14.0,12.0,0.0,0.0,11000.0,9000.0,11.0,0
0,24.0,2.0,0.0,0.0,8.0,6.0,24.0,7.0,9.0,0.0,0.0,921.750776119403,250.0,16.184687500000003,1
1,38.0,1.0,0.0,0.0,11.0,19.0,5.0,22.0,15.0,1.0,0.0,944.816111111111,531.625,1.0679605263157896,1
2,71.0,2.0,4.0,1.0,25.0,2.0,24.0,16.0,0.0,0.0,0.0,32030.049898989902,37000.0,4.752761238170347,1
3,41.0,2.0,4.0,0.0,3.0,25.0,13.0,6.0,18.0,0.0,0.0,1017.54,1017.54,1.0,1
4,26.0,1.0,0.0,0.0,11.0,0.0,14.0,6.0,18.0,0.0,1.0,943.473852760736,391.0,38.759458007812505,1
5,43.0,2.0,0.0,0.0,6.0,8.0,21.0,24.0,10.0,0.0,0.0,9095.121951219511,9700.0,2.069505597014925,1
6,33.0,2.0,0.0,0.0,2.0,17.0,11.0,9.0,5.0,1.0,0.0,1557.9427160493829,403.0,46.51673349056603,1
7,50.0,2.0,0.0,0.0,10.0,2.0,24.0,21.0,19.0,0.0,0.0,965.5,633.0,2.2545833333333336,1
8,30.0,2.0,0.0,0.0,6.0,25.0,9.0,18.0,2.0,0.0,0.0,300.0901829268293,189.495,65.50718503937009,1
9,34.0,2.0,0.0,0.0,8.0,23.0,15.0,14.0,2.0,1.0,0.0,689.3038338461538,236.0,77.64508928571429,1
10,50.0,2.0,1.0,1.0,5.0,14.0,23.0,18.0,16.0,0.0,0.0,200069.66666666663,110.0,3.0,1
11,22.0,2.0,0.0,0.0,6.0,8.0,10.0,24.0,2.0,0.0,0.0,442.2533333333334,151.995,2.268586956521739,1
12,31.0,1.0,0.0,0.0,11.0,10.0,25.0,0.0,4.0,0.0,0.0,23606.66735294117,20000.0,1.8446590909090907,1
13,49.0,1.0,0.0,0.0,11.0,9.0,10.0,21.0,12.0,0.0,0.0,678.6853819444444,342.49,29.4155033557047,1
14,31.0,2.0,2.0,1.0,6.0,14.0,1.0,18.0,15.0,0.0,0.0,5781.533278688524,299.0,11.658708791208792,1
15,39.0,1.0,0.0,0.0,19.0,22.0,5.0,15.0,1.0,1.0,0.0,1170.307687296417,245.1,43.8005654296875,1
16,45.0,1.0,0.0,0.0,11.0,22.0,15.0,0.0,25.0,1.0,0.0,2364.4703303303304,1332.89,19.991083579881657,1
17,35.0,2.0,0.0,0.0,2.0,10.0,19.0,17.0,8.0,1.0,0.0,1217.600993939394,598.28,39.35802801724138,1
18,43.0,1.0,0.0,0.0,10.0,11.0,4.0,19.0,5.0,1.0,0.0,938.0083592017738,439.0,36.41122181697613,1
19,65.0,2.0,0.0,0.0,23.0,3.0,25.0,6.0,11.0,0.0,0.0,25403.532000000003,4700.0,1.6760393722466962,1
20,45.0,1.0,0.0,0.0,15.0,4.0,21.0,24.0,12.0,1.0,1.0,4881.873,1975.545,4.286883802816901,1
21,38.0,1.0,0.0,0.0,11.0,10.0,24.0,6.0,4.0,1.0,0.0,3099.5017857142857,1762.62,5.40242472266244,1
22,31.0,2.0,4.0,0.0,14.0,15.0,25.0,16.0,1.0,1.0,0.0,18386.78125,16100.0,2.5320103986135183,1
23,24.0,2.0,1.0,1.0,6.0,1.0,2.0,10.0,8.0,0.0,0.0,660.93235640648,207.0,33.38713752019386,1
24,55.0,2.0,4.0,1.0,10.0,4.0,19.0,15.0,18.0,1.0,0.0,2909.943883495145,1387.29,8.51901664402174,1
25,26.0,1.0,0.0,0.0,15.0,24.0,21.0,5.0,4.0,0.0,0.0,1122.90875,471.67,30.86556338028169,1
26,55.0,2.0,0.0,0.0,15.0,14.0,8.0,21.0,24.0,0.0,0.0,8887.562333333333,1818.715,2.862402037617555,1
27,30.0,2.0,0.0,0.0,8.0,7.0,15.0,18.0,6.0,0.0,0.0,2048.2676923076924,50.41,4.548038793103448,1
28,59.0,1.0,4.0,1.0,15.0,21.0,11.0,23.0,24.0,0.0,0.0,2236.1351904761905,498.5,12.96499746450304,1
29,44.0,1.0,0.0,0.0,21.0,15.0,23.0,1.0,24.0,1.0,0.0,1124.0556655844157,556.9,30.990272727272725,1
30,42.0,1.0,0.0,0.0,11.0,19.0,6.0,15.0,20.0,1.0,0.0,1450.8303267973856,182.0,7.3918125,1
31,60.0,1.0,0.0,0.0,11.0,22.0,20.0,12.0,6.0,0.0,0.0,11648.4,10000.0,0.2674593585237258,1
32,40.0,2.0,0.0,0.0,6.0,10.0,24.0,21.0,1.0,0.0,0.0,19459.982696629213,1022.05,4.327287340255591,1
33,40.0,1.0,0.0,0.0,5.0,10.0,19.0,4.0,23.0,0.0,0.0,7378.288095238095,4075.0,2.2786965240641712,1
34,49.0,2.0,0.0,0.0,3.0,15.0,24.0,13.0,23.0,0.0,0.0,1256.3487679083096,245.0,19.455072115384617,1
35,31.0,2.0,0.0,0.0,16.0,6.0,3.0,15.0,23.0,0.0,0.0,961.5415789473684,589.0,7.13951388888889,1
36,35.0,2.0,0.0,0.0,8.0,7.0,16.0,15.0,23.0,0.0,0.0,21517.89,21517.89,1.0,1
37,42.0,2.0,0.0,0.0,8.0,7.0,15.0,6.0,14.0,1.0,0.0,6145.168,6980.34,5.0,1
38,55.0,2.0,0.0,0.0,25.0,16.0,18.0,15.0,24.0,0.0,0.0,3025.082857142857,1166.0,29.007913732394364,1
39,37.0,2.0,0.0,0.0,10.0,24.0,15.0,2.0,23.0,1.0,0.0,6916.322866242038,2520.0,8.044763257575758,1
40,62.0,2.0,0.0,0.0,24.0,10.0,15.0,6.0,23.0,0.0,0.0,5151.743333333333,1599.0,3.9485675675675673,1
41,41.0,1.0,0.0,0.0,11.0,23.0,20.0,24.0,4.0,0.0,0.0,2193.995014925373,534.82,16.23623109076433,1
42,50.0,2.0,4.0,1.0,6.0,3.0,21.0,15.0,24.0,0.0,0.0,13698.216216216217,11400.0,1.7706987028301886,1
43,43.0,2.0,0.0,0.0,10.0,14.0,24.0,23.0,6.0,1.0,1.0,1239.9081912144702,633.3,37.04110259433962,1
44,24.0,1.0,0.0,0.0,6.0,14.0,5.0,21.0,23.0,0.0,0.0,29291.156666666662,3000.0,52.1775,1
45,41.0,2.0,4.0,1.0,23.0,24.0,1.0,6.0,14.0,1.0,0.0,1493.4226438356166,544.0,35.324195151033386,1
46,45.0,2.0,0.0,0.0,2.0,10.0,23.0,6.0,17.0,0.0,0.0,10082.5,8700.0,1.9636693548387096,1
47,25.0,2.0,6.0,0.0,2.0,7.0,8.0,18.0,6.0,0.0,0.0,8000.0,8000.0,30.436875,1
48,34.0,2.0,0.0,1.0,21.0,15.0,14.0,18.0,8.0,0.0,0.0,899.8799999999999,782.2,0.9882102272727272,1
49,35.0,2.0,0.0,0.0,10.0,23.0,15.0,8.0,19.0,0.0,0.0,1595.3333333333333,1556.0,0.2396604330708661,1
50,50.0,2.0,0.0,0.0,23.0,8.0,7.0,21.0,6.0,0.0,0.0,14407.85052631579,2744.0,2.940511652542373,1
51,62.0,2.0,0.0,0.0,10.0,17.0,23.0,19.0,15.0,0.0,0.0,3347.8357894736846,540.0,4.942740384615385,1
52,39.0,2.0,1.0,0.0,18.0,6.0,8.0,24.0,14.0,1.0,0.0,2207.192611607143,340.425,42.81230769230769,1
53,38.0,2.0,0.0,0.0,23.0,10.0,8.0,6.0,3.0,1.0,0.0,1592.8981329113924,500.0,15.588415721231769,1
54,34.0,2.0,0.0,0.0,14.0,23.0,2.0,8.0,6.0,0.0,0.0,983.217894736842,363.045,18.65485887096774,1
55,42.0,2.0,4.0,1.0,10.0,22.0,1.0,8.0,25.0,1.0,0.0,5287.955579710145,1288.0,13.615198541329011,1
56,46.0,1.0,0.0,0.0,14.0,23.0,19.0,18.0,2.0,0.0,0.0,272.5,200.0,8.69625,1
57,45.0,2.0,0.0,0.0,14.0,6.0,1.0,3.0,24.0,0.0,0.0,11400.225,3908.0,4.247005813953488,1
58,47.0,2.0,0.0,0.0,6.0,24.0,8.0,19.0,15.0,1.0,0.0,490.9026666666666,189.75,18.57649647887324,1
59,29.0,1.0,0.0,0.0,14.0,6.0,25.0,5.0,24.0,0.0,0.0,32012.0,36700.0,3.322802947598253,1
60,26.0,2.0,0.0,0.0,2.0,6.0,24.0,14.0,25.0,0.0,0.0,1680.2286124401917,393.0,20.226730922098568,1
61,49.0,2.0,0.0,1.0,23.0,15.0,8.0,14.0,6.0,0.0,0.0,914.7947451669596,300.0,27.18772664835165,1
62,48.0,2.0,0.0,0.0,11.0,15.0,10.0,25.0,4.0,0.0,0.0,4393.684210526316,6000.0,2.7802914663461538,1
63,55.0,1.0,0.0,0.0,21.0,11.0,4.0,20.0,1.0,0.0,0.0,970.0953846153844,1075.54,2.355234375,1
64,27.0,1.0,0.0,0.0,17.0,5.0,10.0,19.0,6.0,1.0,0.0,1038.8264864864866,856.5,3.3220188053097344,1
65,29.0,1.0,0.0,0.0,11.0,0.0,6.0,19.0,17.0,1.0,0.0,1634.259090909091,900.0,10.83513349514563,1
66,51.0,2.0,0.0,0.0,2.0,10.0,3.0,9.0,23.0,0.0,0.0,18602.896213235297,1300.0,12.976222570532917,1
67,35.0,1.0,0.0,0.0,23.0,4.0,5.0,10.0,11.0,0.0,0.0,349.49384615384616,150.0,1.601940789473684,1
68,68.0,1.0,0.0,0.0,1.0,23.0,24.0,21.0,9.0,0.0,0.0,2594.6240686274505,363.395,9.793568611987382,1
69,33.0,2.0,0.0,0.0,2.0,6.0,14.0,19.0,17.0,0.0,0.0,7209.053225806451,2200.0,7.500342806041336,1
70,22.0,2.0,0.0,0.0,18.0,8.0,3.0,6.0,0.0,0.0,0.0,1064.0,850.0,1.007102481617647,1
71,39.0,1.0,0.0,0.0,0.0,20.0,13.0,15.0,6.0,1.0,0.0,1241.506195462478,400.0,44.6044229539642,1
72,37.0,2.0,0.0,0.0,6.0,14.0,2.0,23.0,10.0,1.0,1.0,3131.560745614035,1061.45,22.790172413793105,1
73,32.0,2.0,0.0,0.0,6.0,24.0,2.0,5.0,19.0,1.0,0.0,1561.229163281885,395.5,58.72694847178684,1
74,33.0,2.0,4.0,0.0,6.0,24.0,15.0,17.0,23.0,1.0,0.0,2683.362434554974,432.5,18.54367822966508,1
75,30.0,2.0,0.0,0.0,2.0,6.0,23.0,10.0,15.0,0.0,0.0,4397.575419847329,498.0,20.44733653846154,1
76,41.0,2.0,0.0,0.0,10.0,2.0,24.0,6.0,15.0,1.0,0.0,5120.330966587112,1251.5,40.16708858267717,1
77,48.0,1.0,0.0,0.0,11.0,22.0,15.0,5.0,21.0,0.0,0.0,1585.0524000000005,192.0,22.380055147058822,1
78,29.0,1.0,0.0,0.0,1.0,21.0,6.0,15.0,23.0,1.0,0.0,1489.2006607495068,267.5,48.37459443573668,1
79,33.0,2.0,7.0,0.0,14.0,7.0,25.0,8.0,16.0,0.0,0.0,1192.8763742690055,219.0,8.989128886010363,1
80,45.0,1.0,0.0,0.0,11.0,10.0,9.0,19.0,5.0,0.0,0.0,795.5237735849056,349.32,10.08221484375,1
81,43.0,2.0,0.0,0.0,6.0,24.0,11.0,8.0,15.0,1.0,0.0,1003.713231707317,299.5,47.61507949125596,1
82,39.0,1.0,0.0,0.0,15.0,21.0,18.0,23.0,19.0,1.0,0.0,2099.007872340425,873.0,2.7885635964912283,1
83,32.0,2.0,0.0,0.0,2.0,8.0,15.0,10.0,16.0,0.0,0.0,2274.568033472803,310.0,64.95011718750001,1
84,22.0,2.0,4.0,0.0,6.0,11.0,15.0,9.0,10.0,0.0,0.0,661.9542105263158,228.0,9.035947265625,1
85,42.0,2.0,0.0,1.0,21.0,14.0,15.0,6.0,25.0,1.0,0.0,670.046152866242,319.5,75.61059137658228,1
86,25.0,1.0,0.0,0.0,8.0,0.0,24.0,11.0,22.0,0.0,0.0,215.69357142857143,133.0,3.77930155210643,1
87,24.0,1.0,0.0,0.0,8.0,23.0,15.0,6.0,24.0,1.0,0.0,716.9027306273064,300.0,51.79524725274725,1
88,33.0,2.0,0.0,0.0,2.0,6.0,3.0,15.0,19.0,1.0,0.0,1582.3212216748768,331.97,48.34652288732394,1
89,35.0,2.0,0.0,0.0,14.0,6.0,17.0,2.0,15.0,1.0,0.0,896.2390291262135,369.0,25.03992112619808,1
90,26.0,1.0,0.0,1.0,15.0,14.0,23.0,21.0,6.0,0.0,0.0,434.18,45.0,19.636693548387097,1
91,35.0,2.0,0.0,0.0,21.0,6.0,15.0,2.0,18.0,1.0,0.0,1235.6438888888888,1268.0,1.9359143109540635,1
92,28.0,2.0,4.0,1.0,6.0,8.0,7.0,1.0,21.0,1.0,0.0,2183.0814154411764,400.0,26.492256,1
93,36.0,1.0,0.0,0.0,11.0,19.0,4.0,0.0,15.0,1.0,0.0,885.7483529411763,514.5,12.3196875,1
94,34.0,2.0,0.0,0.0,22.0,14.0,13.0,6.0,12.0,1.0,0.0,918.1855405405404,259.75,31.786897681451613,1
95,33.0,1.0,4.0,1.0,11.0,0.0,19.0,5.0,16.0,1.0,0.0,633.1706993006993,499.0,8.181340460526314,1
96,47.0,2.0,0.0,0.0,17.0,24.0,14.0,19.0,3.0,0.0,0.0,11821.265072463768,761.35,5.691448170731707,1
97,45.0,2.0,0.0,0.0,8.0,23.0,2.0,11.0,4.0,1.0,0.0,1422.2677978168012,495.0,100.51801822100316,1
98,41.0,1.0,0.0,0.0,11.0,0.0,15.0,23.0,22.0,0.0,0.0,2342.699777777778,480.5,15.743211206896552,1
99,39.0,1.0,0.0,1.0,23.0,10.0,0.0,16.0,4.0,1.0,0.0,2413.5454545454545,2416.0,2.39146875,1
100,28.0,2.0,0.0,0.0,6.0,14.0,8.0,19.0,25.0,0.0,0.0,731.8526119402985,174.0,15.566951335877862,1
101,49.0,2.0,0.0,0.0,6.0,12.0,8.0,23.0,24.0,0.0,0.0,8997.555555555555,5750.0,3.4785000000000004,1
102,28.0,1.0,0.0,0.0,0.0,11.0,18.0,9.0,20.0,0.0,0.0,664.3436741214057,255.0,34.642697727272726,1
103,61.0,2.0,0.0,1.0,23.0,15.0,24.0,2.0,1.0,0.0,0.0,1669.017832167832,727.58,27.766973684210527,1
104,23.0,1.0,0.0,1.0,5.0,22.0,0.0,18.0,19.0,0.0,0.0,393.6817699115044,195.0,7.781373020361991,1
105,38.0,1.0,4.0,0.0,11.0,19.0,5.0,0.0,16.0,1.0,0.0,1750.7071052631577,1041.49,2.043465106007067,1
106,34.0,2.0,4.0,0.0,10.0,25.0,19.0,3.0,15.0,1.0,0.0,1221.2574647887325,999.0,3.6689611629881154,1
107,37.0,1.0,0.0,0.0,5.0,19.0,15.0,21.0,14.0,0.0,0.0,1601.893953488372,833.0,9.34846875,1
108,32.0,2.0,0.0,0.0,24.0,15.0,22.0,3.0,23.0,0.0,0.0,792.632,864.66,0.3530959976798143,1
109,22.0,1.0,0.0,1.0,21.0,15.0,14.0,5.0,11.0,0.0,0.0,350.6839285714286,120.0,4.212022240527182,1
110,31.0,1.0,0.0,0.0,16.0,6.0,4.0,21.0,14.0,0.0,1.0,2121.015172413793,875.0,15.395396075581395,1
111,44.0,1.0,0.0,0.0,11.0,23.0,19.0,15.0,12.0,1.0,0.0,4397.777638190954,700.0,9.76925504032258,1
112,22.0,2.0,0.0,0.0,8.0,7.0,19.0,25.0,17.0,0.0,0.0,517.1111111111111,700.0,0.8250960090361447,1
113,37.0,2.0,0.0,0.0,2.0,11.0,24.0,23.0,15.0,0.0,1.0,3054.0911510791366,300.0,12.157257543103448,1
114,23.0,1.0,0.0,1.0,22.0,11.0,6.0,18.0,21.0,0.0,0.0,1866.211891891892,1004.0,4.39907958984375,1
115,32.0,2.0,0.0,0.0,3.0,18.0,21.0,15.0,19.0,0.0,0.0,1992.485476963011,500.0,73.63143543956043,1
116,38.0,1.0,0.0,0.0,11.0,19.0,23.0,15.0,20.0,1.0,0.0,11227.316846153848,808.95,6.280625000000001,1
117,36.0,2.0,0.0,0.0,24.0,8.0,6.0,2.0,14.0,1.0,0.0,1874.636363636364,1324.0,0.8562803708439898,1
118,36.0,1.0,0.0,0.0,19.0,23.0,5.0,0.0,10.0,1.0,0.0,839.2472222222223,721.55,1.0145625,1
119,23.0,1.0,0.0,0.0,21.0,14.0,15.0,25.0,16.0,0.0,0.0,740.9147402597403,228.635,7.463819665605095,1
120,58.0,2.0,4.0,1.0,15.0,24.0,2.0,8.0,13.0,1.0,0.0,4877.787945823928,560.5,22.213403006589783,1
121,37.0,2.0,0.0,0.0,7.0,6.0,8.0,25.0,15.0,0.0,0.0,85428.57142857143,89900.0,30.436875,1
122,48.0,1.0,0.0,0.0,15.0,21.0,23.0,24.0,6.0,0.0,0.0,7799.668181818182,5249.35,3.188625,1
123,53.0,2.0,0.0,0.0,23.0,2.0,10.0,17.0,25.0,1.0,0.0,1829.664210526316,1047.1,1.0345270572450804,1
124,36.0,1.0,0.0,0.0,11.0,25.0,19.0,22.0,10.0,1.0,0.0,2681.180508474576,414.45,12.299833047945205,1
125,49.0,2.0,4.0,1.0,23.0,10.0,2.0,14.0,19.0,0.0,0.0,315.3394047619048,142.115,5.022981335952848,1
126,29.0,2.0,0.0,0.0,6.0,2.0,14.0,17.0,21.0,0.0,0.0,800.6119886363637,233.8,52.86404605263158,1
127,72.0,1.0,1.0,0.0,11.0,23.0,24.0,5.0,15.0,0.0,0.0,2646.492869565217,1042.0,16.641397583201268,1
128,27.0,1.0,0.0,0.0,8.0,15.0,21.0,23.0,3.0,0.0,0.0,616.4426213592234,200.0,6.450613425925926,1
129,38.0,1.0,0.0,0.0,10.0,19.0,17.0,8.0,4.0,1.0,0.0,1931.6077906976743,1361.3,4.208313906752412,1
130,38.0,2.0,0.0,1.0,20.0,25.0,14.0,15.0,5.0,1.0,0.0,1366.5923076923077,1357.0,2.552770161290322,1
131,25.0,1.0,0.0,0.0,6.0,18.0,1.0,5.0,14.0,0.0,0.0,3111.208333333333,225.0,7.161617647058823,1
132,31.0,2.0,0.0,0.0,14.0,15.0,23.0,21.0,6.0,0.0,0.0,29300.0,29300.0,2.0,1
133,39.0,2.0,0.0,0.0,15.0,22.0,23.0,24.0,19.0,1.0,0.0,1194.530606060606,880.0,1.7559735576923077,1
134,33.0,1.0,0.0,0.0,8.0,14.0,11.0,15.0,20.0,1.0,0.0,1372.6159463986598,846.5,28.525611263736263,1
135,41.0,2.0,0.0,0.0,8.0,24.0,25.0,2.0,7.0,0.0,0.0,8358.333333333334,9000.0,5.411,1
136,49.0,2.0,1.0,0.0,12.0,17.0,20.0,18.0,25.0,0.0,0.0,1373.9698465473143,500.6,29.02638567073171,1
137,38.0,1.0,0.0,0.0,11.0,10.0,20.0,4.0,16.0,1.0,0.0,4113.863382352941,620.0,9.82456091772152,1
138,69.0,1.0,1.0,0.0,11.0,9.0,5.0,4.0,22.0,0.0,0.0,2610.174,341.52,2.4745426829268293,1
139,31.0,1.0,0.0,0.0,6.0,0.0,5.0,23.0,16.0,1.0,0.0,6017.957324171382,544.0,79.59918472515857,1
140,38.0,1.0,0.0,0.0,19.0,16.0,5.0,0.0,15.0,1.0,0.0,5677.558253968256,389.8,9.204111,1
141,31.0,1.0,0.0,0.0,23.0,16.0,6.0,4.0,5.0,0.0,0.0,500.0,500.0,1.0,1
142,41.0,2.0,0.0,0.0,10.0,16.0,0.0,23.0,2.0,0.0,0.0,14500.0,14500.0,1.0,1
143,32.0,2.0,0.0,0.0,6.0,15.0,2.0,10.0,24.0,0.0,0.0,2801.222775800712,200.0,15.327530241935484,1
144,32.0,1.0,0.0,0.0,23.0,21.0,15.0,0.0,16.0,1.0,0.0,898.7210000000001,415.5,0.6211607142857142,1
145,26.0,2.0,0.0,0.0,23.0,6.0,16.0,15.0,8.0,1.0,0.0,1450.0099039615843,353.8,39.80206730769231,1
146,47.0,2.0,0.0,0.0,2.0,10.0,3.0,8.0,7.0,0.0,1.0,369.4715887025596,184.0,54.22166568396226,1
147,60.0,2.0,0.0,0.0,25.0,15.0,6.0,24.0,2.0,0.0,1.0,726.0877824858758,285.5,33.82936813186813,1
148,48.0,1.0,0.0,0.0,17.0,16.0,19.0,4.0,12.0,1.0,0.0,1440.1813454545452,487.0,13.119342672413794,1
149,22.0,1.0,0.0,0.0,6.0,0.0,20.0,25.0,19.0,0.0,0.0,500.0,500.0,1.0,1
150,33.0,2.0,0.0,0.0,8.0,15.0,23.0,24.0,6.0,0.0,0.0,405.46468631178703,240.43,50.26623626373627,1
151,30.0,1.0,0.0,0.0,0.0,6.0,19.0,14.0,25.0,1.0,0.0,3541.5437931034485,2709.85,2.353785,1
152,35.0,1.0,4.0,1.0,4.0,19.0,15.0,16.0,5.0,0.0,0.0,6801.58,6801.58,2.0,1
153,48.0,1.0,0.0,0.0,15.0,10.0,24.0,18.0,17.0,0.0,1.0,3534.559897260274,993.565,41.92248820754717,1
154,52.0,2.0,4.0,0.0,6.0,14.0,2.0,8.0,23.0,1.0,0.0,5333.449259259259,1513.73,9.08778732227488,1
155,40.0,1.0,0.0,0.0,11.0,10.0,19.0,5.0,18.0,1.0,0.0,1392.1651851851852,1091.5,4.150482954545455,1
156,45.0,1.0,0.0,1.0,21.0,14.0,15.0,16.0,23.0,0.0,0.0,3255.506198704104,791.0,22.33323791600634,1
157,61.0,1.0,0.0,0.0,6.0,1.0,23.0,3.0,24.0,0.0,0.0,2174.1890322580643,1342.97,4.888824481865285,1
158,38.0,1.0,0.0,1.0,11.0,15.0,21.0,4.0,25.0,1.0,0.0,995.6172469635628,282.0,15.597319761410787,1
159,23.0,1.0,0.0,0.0,6.0,0.0,14.0,11.0,18.0,0.0,1.0,610.4229896907217,308.0,6.881997377622378,1
160,37.0,2.0,0.0,0.0,10.0,8.0,6.0,7.0,11.0,1.0,0.0,1072.543307163886,251.55,48.68944368131868,1
161,29.0,1.0,0.0,0.0,0.0,12.0,11.0,19.0,20.0,1.0,0.0,915.9380769230768,815.5999999999999,3.8229891304347823,1
162,46.0,2.0,0.0,1.0,6.0,15.0,21.0,25.0,3.0,1.0,0.0,624.6666666666666,658.0,3.652425,1
163,30.0,2.0,0.0,0.0,6.0,21.0,14.0,2.0,16.0,0.0,0.0,1032.3402312775331,426.415,43.385686813186815,1
164,34.0,2.0,0.0,0.0,14.0,8.0,19.0,15.0,5.0,0.0,0.0,2511.7292899408285,670.0,56.614501768867925,1
165,28.0,2.0,0.0,0.0,6.0,2.0,8.0,18.0,7.0,0.0,0.0,4246.192105263158,264.0,7.710675,1
166,48.0,2.0,0.0,0.0,3.0,23.0,25.0,19.0,6.0,0.0,0.0,1414.3801278772378,315.01,18.62412852112676,1
167,23.0,1.0,0.0,0.0,11.0,20.0,4.0,9.0,25.0,0.0,0.0,3421.83875,1000.0,5.140969289827256,1
168,64.0,1.0,4.0,1.0,4.0,15.0,19.0,21.0,11.0,0.0,0.0,3136.67615819209,2000.0,8.52425138449367,1
169,23.0,1.0,0.0,0.0,25.0,1.0,0.0,23.0,11.0,1.0,0.0,748.0597448979593,345.25,26.2802973568282,1
170,36.0,2.0,0.0,0.0,23.0,2.0,15.0,14.0,18.0,1.0,0.0,2216.3394614443087,576.0,38.97637441222571,1
171,34.0,2.0,6.0,0.0,15.0,10.0,6.0,2.0,14.0,0.0,0.0,11459.863396226416,7000.0,3.1755007381889766,1
172,26.0,2.0,0.0,0.0,6.0,14.0,15.0,21.0,8.0,0.0,0.0,263.13560606060605,201.35,36.1952027027027,1
173,35.0,1.0,0.0,0.0,16.0,19.0,0.0,14.0,25.0,1.0,0.0,760.9293103448276,485.55,3.175069694244604,1
174,43.0,2.0,0.0,0.0,25.0,0.0,15.0,17.0,20.0,0.0,0.0,1809.1833333333327,254.94,12.315498554913294,1
175,47.0,2.0,0.0,0.0,1.0,3.0,24.0,21.0,6.0,0.0,0.0,2051.957620481928,444.32,15.888431603773585,1
176,62.0,2.0,0.0,0.0,24.0,15.0,10.0,7.0,6.0,0.0,0.0,10355.897959183674,7000.0,2.371076112877584,1
177,28.0,2.0,0.0,0.0,8.0,14.0,15.0,25.0,6.0,0.0,0.0,1579.435366972477,90.0,23.95393050541516,1
178,41.0,1.0,0.0,0.0,19.0,5.0,11.0,10.0,4.0,1.0,0.0,3966.4138333333335,1150.0,3.869094279661017,1
179,43.0,2.0,0.0,0.0,6.0,2.0,11.0,24.0,17.0,0.0,0.0,1096.947212121212,499.19,8.192633564437195,1
180,29.0,1.0,0.0,0.0,16.0,0.0,19.0,5.0,13.0,0.0,0.0,5721.945688073395,648.0,5.861518330388693,1
181,54.0,2.0,0.0,0.0,6.0,16.0,1.0,8.0,23.0,1.0,0.0,31229.838333333333,2439.675,3.3136920362903224,1
182,35.0,2.0,0.0,0.0,24.0,15.0,23.0,18.0,14.0,0.0,0.0,2398.1362291666665,379.0,45.79843260188088,1
183,27.0,1.0,0.0,1.0,0.0,16.0,23.0,15.0,14.0,0.0,0.0,772.0833333333334,72.0,2.240751533742331,1
184,23.0,1.0,0.0,1.0,8.0,6.0,11.0,18.0,15.0,0.0,0.0,409.7782967032967,164.8,8.723639763779529,1
185,25.0,2.0,0.0,0.0,14.0,6.0,8.0,22.0,12.0,0.0,0.0,66151.33333333333,99000.0,7.023894230769231,1
186,23.0,1.0,0.0,1.0,14.0,6.0,18.0,11.0,21.0,1.0,0.0,1657.5575167785234,499.0,7.141880905511812,1
187,65.0,1.0,0.0,0.0,11.0,21.0,4.0,15.0,20.0,0.0,0.0,2763.273829787234,2065.0,18.05089116719243,1
188,61.0,1.0,4.0,0.0,11.0,9.0,4.0,20.0,22.0,0.0,0.0,22071.22452830189,15000.0,2.589332865168539,1
189,30.0,1.0,0.0,0.0,0.0,19.0,17.0,5.0,15.0,1.0,0.0,1144.9036141304348,396.0,35.2780157480315,1
190,31.0,1.0,0.0,0.0,19.0,11.0,5.0,0.0,6.0,1.0,0.0,3263.404615384615,1067.05,7.48919952681388,1
191,25.0,1.0,0.0,0.0,15.0,0.0,8.0,10.0,21.0,0.0,0.0,2508.345757575757,431.0,3.34805625,1
192,45.0,2.0,1.0,1.0,3.0,10.0,18.0,23.0,15.0,0.0,0.0,26160.63036036036,23060.0,5.2788955078125,1
193,35.0,2.0,0.0,0.0,14.0,15.0,21.0,6.0,17.0,0.0,0.0,3384.435608108108,902.5,7.173021496815286,1
194,41.0,2.0,4.0,1.0,10.0,23.0,24.0,4.0,9.0,0.0,0.0,1006.7642857142856,746.0,19.368920454545453,1
195,56.0,2.0,0.0,0.0,24.0,15.0,23.0,21.0,3.0,0.0,0.0,6960.376000000001,1502.0,0.7045572916666667,1
196,37.0,2.0,4.0,1.0,14.0,15.0,16.0,23.0,6.0,1.0,0.0,2062.770524246396,908.64,36.34324823943662,1
197,53.0,1.0,4.0,1.0,2.0,3.0,1.0,6.0,21.0,1.0,0.0,5306.415131578947,2447.5,14.480140845070425,1
198,50.0,2.0,4.0,0.0,19.0,15.0,12.0,4.0,20.0,0.0,0.0,1898.768,500.0,6.269768258426967,1
199,64.0,2.0,0.0,0.0,6.0,9.0,17.0,3.0,5.0,0.0,0.0,890.9417135549874,427.0,18.77100650630915,1
200,42.0,1.0,0.0,0.0,14.0,15.0,17.0,0.0,19.0,0.0,0.0,68085.55571428571,60000.0,15.2184375,1
201,47.0,2.0,0.0,0.0,16.0,15.0,21.0,2.0,6.0,0.0,0.0,15738.99,2243.33,1.0717209507042254,1
202,52.0,1.0,0.0,0.0,11.0,9.0,10.0,15.0,0.0,0.0,0.0,3333.711298076923,522.75,9.985599369085174,1
203,35.0,1.0,0.0,0.0,19.0,0.0,15.0,23.0,5.0,1.0,0.0,3227.3630136986303,788.57,17.6340625,1
204,30.0,2.0,0.0,0.0,18.0,8.0,25.0,13.0,6.0,0.0,0.0,1646.5700192307693,501.8,34.63276805251641,1
205,23.0,2.0,0.0,0.0,24.0,10.0,23.0,18.0,15.0,0.0,0.0,655.3951162790698,297.5,4.263145358306189,1
206,42.0,1.0,4.0,0.0,16.0,14.0,24.0,10.0,6.0,1.0,0.0,10345.35768292683,2299.5,8.077099514563107,1
207,39.0,1.0,0.0,0.0,22.0,5.0,15.0,21.0,20.0,1.0,0.0,1877.7737638376384,900.0,13.030636848341231,1
208,28.0,1.0,0.0,0.0,14.0,6.0,15.0,5.0,23.0,1.0,0.0,747.9566393442624,502.5,6.047717833876222,1
209,33.0,2.0,0.0,0.0,4.0,18.0,8.0,14.0,12.0,1.0,0.0,4857.278644688645,1600.0,13.10609917192429,1
210,35.0,2.0,0.0,0.0,15.0,2.0,16.0,10.0,12.0,1.0,0.0,2160.538032520325,897.0,29.247934570312506,1
211,47.0,1.0,4.0,1.0,23.0,10.0,8.0,19.0,11.0,1.0,0.0,2137.938036809816,533.0,7.776192202194358,1
212,36.0,2.0,0.0,0.0,17.0,8.0,7.0,24.0,14.0,0.0,0.0,4020.68085106383,795.69,30.58705694901316,1
213,50.0,1.0,0.0,0.0,11.0,9.0,20.0,10.0,4.0,1.0,0.0,1319.432789473684,492.675,9.590391791044777,1
214,37.0,1.0,4.0,1.0,15.0,11.0,19.0,9.0,23.0,1.0,0.0,664.2903333333335,743.1949999999999,1.49444558101473,1
215,24.0,1.0,0.0,0.0,16.0,0.0,14.0,5.0,15.0,0.0,0.0,667.0615999999999,248.0,3.6005766955835963,1
216,29.0,1.0,1.0,1.0,20.0,5.0,0.0,14.0,19.0,1.0,0.0,1284.6940178571426,497.675,26.67394366197183,1
217,40.0,2.0,0.0,0.0,10.0,16.0,25.0,2.0,21.0,1.0,0.0,1102.1541219008263,350.5,46.471443217665616,1
218,41.0,2.0,4.0,1.0,10.0,8.0,16.0,15.0,13.0,0.0,0.0,12596.57,8600.0,2.590372340425532,1
219,34.0,1.0,4.0,1.0,0.0,10.0,20.0,3.0,5.0,1.0,0.0,1037.6387179487178,798.0,1.9145776209677416,1
220,43.0,2.0,0.0,0.0,6.0,10.0,2.0,17.0,1.0,1.0,0.0,1415.1049999999998,792.15,15.531971077654516,1
221,26.0,2.0,0.0,0.0,14.0,11.0,6.0,24.0,18.0,0.0,0.0,1167.8318636363638,229.0,16.656996268656716,1
222,37.0,2.0,0.0,0.0,19.0,5.0,22.0,6.0,8.0,0.0,0.0,5244.286666666667,237.745,8.682468304278922,1
223,33.0,1.0,0.0,0.0,6.0,5.0,8.0,15.0,21.0,1.0,0.0,1982.07608040201,600.0,20.39373106060605,1
224,25.0,1.0,0.0,0.0,6.0,16.0,0.0,15.0,5.0,1.0,1.0,495.1859090909091,140.0,57.016403465346535,1
225,27.0,2.0,0.0,0.0,25.0,23.0,19.0,7.0,16.0,0.0,0.0,5953.39484375,714.94,9.564451718494272,1
226,33.0,2.0,0.0,1.0,6.0,10.0,18.0,21.0,24.0,0.0,0.0,1532.337661971831,400.0,16.935878722570536,1
227,32.0,1.0,0.0,0.0,15.0,25.0,23.0,14.0,16.0,0.0,0.0,616.0517647058824,328.0,23.51940340909091,1
228,23.0,1.0,0.0,0.0,8.0,11.0,15.0,13.0,23.0,0.0,0.0,539.4350000000001,118.5,8.979661234991424,1
229,25.0,2.0,0.0,0.0,14.0,6.0,24.0,21.0,15.0,0.0,0.0,538.6513333333332,165.0,39.9483984375,1
230,38.0,1.0,0.0,0.0,5.0,19.0,0.0,17.0,11.0,1.0,0.0,2034.753484848485,446.1,15.99389928343949,1
231,47.0,2.0,0.0,0.0,24.0,15.0,6.0,0.0,8.0,0.0,0.0,3038.181818181818,705.0,0.754066722972973,1
232,44.0,1.0,4.0,0.0,5.0,19.0,11.0,0.0,23.0,0.0,0.0,3331.4531096196865,1650.0,21.425642716535435,1
233,26.0,2.0,0.0,0.0,6.0,18.0,19.0,9.0,1.0,1.0,0.0,837.9987612612612,169.0,42.56369291338583,1
234,35.0,2.0,0.0,0.0,17.0,8.0,9.0,14.0,0.0,0.0,0.0,1471.4708936170211,257.0,40.41054025423729,1
235,31.0,2.0,0.0,0.0,10.0,15.0,25.0,12.0,23.0,0.0,0.0,1439.708888888889,946.0,30.436875,1
236,43.0,2.0,0.0,0.0,17.0,3.0,19.0,14.0,15.0,1.0,0.0,509.5443027888446,188.0,71.95907967032967,1
237,46.0,2.0,0.0,0.0,19.0,15.0,18.0,6.0,24.0,0.0,0.0,856.9455445544554,495.775,30.13847426470588,1
238,43.0,1.0,0.0,0.0,11.0,15.0,4.0,0.0,9.0,1.0,0.0,2666.020966666667,1225.5,14.539908439490445,1
239,45.0,2.0,1.0,0.0,24.0,6.0,11.0,8.0,18.0,0.0,0.0,5923.69252688172,599.0,9.86282012195122,1
240,51.0,1.0,4.0,1.0,0.0,18.0,5.0,15.0,17.0,0.0,0.0,1020.821145038168,1024.0,12.119242021276596,1
241,36.0,1.0,0.0,0.0,11.0,9.0,15.0,19.0,6.0,1.0,0.0,4326.650798319327,900.92,11.702707996768982,1
242,37.0,1.0,0.0,0.0,11.0,15.0,0.0,4.0,9.0,1.0,0.0,1867.7434482758624,900.0,18.68843953583061,1
243,44.0,2.0,0.0,0.0,15.0,21.0,14.0,19.0,0.0,1.0,0.0,1098.9475,862.5,1.0586739130434784,1
244,36.0,1.0,0.0,0.0,11.0,15.0,12.0,19.0,4.0,1.0,0.0,3227.9520447284344,737.07,15.16997113853503,1
245,25.0,1.0,1.0,0.0,14.0,5.0,19.0,13.0,16.0,0.0,0.0,514.49,202.45,3.1705078125000004,1
246,27.0,2.0,0.0,1.0,8.0,6.0,7.0,0.0,19.0,0.0,0.0,443.9295977011494,268.975,11.389282258064515,1
247,53.0,2.0,1.0,0.0,19.0,24.0,22.0,7.0,25.0,0.0,0.0,28284.666666666668,29000.0,1.501819490131579,1
248,37.0,1.0,0.0,0.0,11.0,0.0,16.0,5.0,23.0,0.0,0.0,1178.782222222222,153.0,33.59541863207547,1
249,37.0,2.0,0.0,0.0,10.0,8.0,2.0,19.0,16.0,1.0,0.0,1341.4839268292685,496.77,26.1069429916318,1
250,41.0,1.0,1.0,1.0,1.0,22.0,11.0,25.0,3.0,0.0,0.0,1923.7639176626824,710.0,35.92314557210032,1
251,39.0,2.0,1.0,0.0,8.0,6.0,14.0,7.0,21.0,0.0,0.0,5715.4552,3000.0,4.770670062695925,1
252,34.0,2.0,0.0,0.0,21.0,15.0,1.0,6.0,24.0,0.0,0.0,1037.1176470588234,45.0,2.580682668329177,1
253,57.0,1.0,0.0,0.0,11.0,6.0,15.0,9.0,4.0,0.0,0.0,395.5415686274509,170.0,2.540557487725041,1
254,46.0,1.0,0.0,0.0,23.0,11.0,15.0,21.0,13.0,1.0,0.0,2309.251758957655,200.0,21.680094257540603,1
255,30.0,1.0,7.0,0.0,19.0,10.0,0.0,17.0,2.0,0.0,0.0,213.0411827956989,100.0,42.56585526315789,1
256,81.0,1.0,0.0,0.0,23.0,15.0,4.0,21.0,11.0,0.0,0.0,8427.103703703704,3500.0,3.87639445754717,1
257,49.0,1.0,4.0,0.0,4.0,12.0,18.0,5.0,23.0,0.0,0.0,1036.7692307692307,300.0,0.6497198275862069,1
258,54.0,1.0,4.0,0.0,4.0,5.0,3.0,9.0,15.0,0.0,0.0,18022.172413793105,11000.0,1.4785081658291457,1
259,30.0,2.0,0.0,0.0,6.0,8.0,2.0,18.0,24.0,1.0,0.0,946.673203125,426.55,6.184,1
260,22.0,1.0,0.0,0.0,6.0,21.0,1.0,5.0,3.0,0.0,0.0,1057.4620547945206,288.5,3.7342720588235294,1
261,30.0,1.0,0.0,0.0,19.0,16.0,8.0,23.0,3.0,1.0,0.0,1248.7079729729728,430.1,45.8938460031348,1
262,39.0,2.0,0.0,0.0,14.0,16.0,2.0,10.0,15.0,0.0,0.0,523.9972727272726,339.0,7.883962912087912,1
263,34.0,1.0,0.0,0.0,11.0,8.0,14.0,20.0,21.0,1.0,0.0,504.2987209302326,291.575,18.92220180722892,1
264,38.0,1.0,0.0,0.0,19.0,0.0,23.0,25.0,4.0,1.0,0.0,2468.4548805031445,773.4,37.98636675824176,1
265,30.0,1.0,0.0,0.0,0.0,19.0,5.0,16.0,14.0,1.0,0.0,1718.1178,1366.84,2.39283608490566,1
266,32.0,2.0,0.0,0.0,2.0,23.0,10.0,6.0,17.0,0.0,0.0,7999.849999999999,11500.0,0.504478591160221,1
267,33.0,2.0,0.0,0.0,2.0,6.0,23.0,14.0,3.0,0.0,0.0,1162.4539682539682,527.0,4.106045235546039,1
268,46.0,1.0,0.0,0.0,11.0,10.0,5.0,20.0,19.0,0.0,0.0,2126.956735395189,999.0,14.496122135842882,1
269,47.0,1.0,0.0,0.0,11.0,20.0,4.0,8.0,23.0,1.0,0.0,957.1114345114346,400.0,33.81093966512702,1
270,36.0,2.0,0.0,0.0,15.0,21.0,18.0,1.0,25.0,0.0,0.0,4007.975686274509,644.44,4.323901462395543,1
271,45.0,2.0,0.0,0.0,2.0,11.0,10.0,15.0,25.0,0.0,0.0,2163.583488943489,424.7,19.600962223101263,1
272,26.0,2.0,0.0,0.0,6.0,8.0,21.0,7.0,14.0,0.0,0.0,1185.278115942029,503.0,12.963854166666668,1
273,38.0,2.0,0.0,0.0,24.0,23.0,2.0,16.0,22.0,1.0,0.0,2391.033136094675,366.68,8.41871010638298,1
274,47.0,1.0,0.0,0.0,19.0,5.0,10.0,4.0,17.0,0.0,0.0,840.8633333333333,680.6,45.6553125,1
275,36.0,2.0,0.0,0.0,24.0,6.0,17.0,19.0,8.0,0.0,0.0,1036.6286073674753,315.0,53.348412401574805,1
276,22.0,2.0,0.0,1.0,8.0,18.0,15.0,14.0,6.0,0.0,0.0,2806.022391304348,451.5,4.659222129783694,1
277,31.0,1.0,0.0,0.0,14.0,5.0,19.0,18.0,11.0,0.0,0.0,5307.800882352941,2000.0,5.035784671532847,1
278,34.0,1.0,0.0,0.0,15.0,25.0,22.0,2.0,16.0,0.0,1.0,4510.623675213676,911.02,19.424260227272725,1
279,48.0,2.0,0.0,0.0,10.0,6.0,8.0,24.0,21.0,0.0,0.0,3078.773005008348,718.03,28.62117445054945,1
280,51.0,1.0,0.0,0.0,11.0,4.0,22.0,20.0,10.0,0.0,0.0,2334.6552259887007,1003.505,17.157091958598723,1
281,45.0,2.0,4.0,0.0,24.0,2.0,10.0,15.0,6.0,0.0,0.0,1723.4396153846153,580.25,13.02648148148148,1
282,32.0,2.0,0.0,0.0,10.0,8.0,7.0,4.0,25.0,0.0,0.0,2050.0,1500.0,1.7559735576923077,1
283,39.0,2.0,4.0,0.0,24.0,6.0,8.0,7.0,18.0,0.0,0.0,1108.431289537713,422.0,19.98331569488818,1
284,43.0,2.0,0.0,0.0,6.0,21.0,15.0,1.0,2.0,0.0,0.0,4639.2682051282045,2000.0,6.247569078947369,1
285,35.0,1.0,4.0,1.0,6.0,3.0,11.0,24.0,18.0,1.0,0.0,1479.5530176565007,400.0,31.55103681364393,1
286,55.0,2.0,4.0,0.0,14.0,4.0,1.0,11.0,8.0,0.0,0.0,1543.3788311688313,751.73,18.749115,1
287,51.0,2.0,4.0,1.0,23.0,17.0,8.0,15.0,10.0,0.0,0.0,6971.354615384615,1705.035,18.7229988170347,1
288,45.0,2.0,0.0,0.0,11.0,10.0,24.0,6.0,17.0,0.0,0.0,2470.141153846154,410.5,32.489802052785926,1
289,38.0,1.0,0.0,0.0,23.0,16.0,5.0,10.0,19.0,1.0,0.0,1486.9653513513515,587.77,35.52569006309148,1
290,44.0,1.0,0.0,0.0,11.0,4.0,10.0,23.0,15.0,1.0,0.0,2042.8822916666668,400.0,30.339632587859423,1
291,46.0,2.0,4.0,0.0,9.0,10.0,19.0,24.0,25.0,0.0,0.0,21551.92307692308,35000.0,0.7522421577946768,1
292,42.0,1.0,0.0,0.0,23.0,21.0,15.0,14.0,6.0,1.0,1.0,2965.6983870967742,992.84,10.4838125,1
293,25.0,2.0,6.0,0.0,6.0,14.0,8.0,7.0,16.0,0.0,0.0,1122.9138285714284,314.485,22.239887787056368,1
294,46.0,2.0,4.0,1.0,8.0,10.0,25.0,3.0,17.0,1.0,0.0,3649.4677284595305,1500.0,19.23650680693069,1
295,29.0,2.0,0.0,0.0,2.0,6.0,14.0,15.0,9.0,0.0,0.0,764.973823899371,189.0,45.2286273364486,1
296,29.0,2.0,0.0,0.0,14.0,2.0,8.0,24.0,16.0,0.0,0.0,1471.3333333333333,100.0,1.1706490384615384,1
297,46.0,1.0,4.0,1.0,5.0,19.0,23.0,6.0,0.0,1.0,0.0,2434.84155484558,474.36,45.008229330708666,1
298,51.0,2.0,0.0,0.0,12.0,4.0,23.0,24.0,11.0,0.0,0.0,571.8672321428572,168.125,53.264531250000005,1
299,26.0,2.0,0.0,0.0,18.0,3.0,16.0,15.0,21.0,0.0,0.0,1154.1303355704697,279.5,14.700467990275529,1
300,41.0,2.0,0.0,0.0,21.0,6.0,15.0,16.0,14.0,0.0,0.0,1042.2384031227823,446.0,67.3242651098901,1
301,44.0,1.0,0.0,0.0,21.0,14.0,15.0,6.0,23.0,0.0,0.0,3205.205696202532,900.0,22.863833201267827,1
302,48.0,1.0,0.0,0.0,11.0,19.0,5.0,10.0,20.0,0.0,0.0,1281.4998347107437,489.0,35.01928882725832,1
303,23.0,2.0,0.0,0.0,6.0,8.0,19.0,17.0,16.0,0.0,0.0,395.1230769230769,120.5,0.7194170454545454,1
304,37.0,2.0,0.0,0.0,23.0,6.0,21.0,24.0,15.0,1.0,0.0,2341.037083333333,1624.4,3.784896373056995,1
305,59.0,1.0,0.0,0.0,11.0,15.0,21.0,9.0,0.0,0.0,0.0,2110.030979827089,1217.0,16.580212912087912,1
306,34.0,2.0,0.0,0.0,23.0,17.0,10.0,0.0,19.0,1.0,0.0,31287.90017751479,4400.0,9.386554516423358,1
307,54.0,1.0,4.0,1.0,14.0,21.0,6.0,1.0,16.0,0.0,0.0,1791.4816230366491,384.0,16.284154411764707,1
308,59.0,2.0,1.0,1.0,24.0,6.0,23.0,8.0,14.0,0.0,0.0,3963.858140350877,736.3,14.727520161290322,1
309,33.0,1.0,0.0,0.0,11.0,16.0,5.0,4.0,15.0,1.0,0.0,4935.356939655173,948.05,15.350771739130437,1
310,38.0,1.0,4.0,0.0,11.0,4.0,10.0,15.0,19.0,1.0,0.0,1237.3956818181816,837.5,4.133402777777778,1
311,33.0,2.0,0.0,0.0,14.0,15.0,4.0,10.0,21.0,0.0,0.0,5725.094999999999,215.0,5.202884615384615,1
312,40.0,1.0,0.0,0.0,11.0,0.0,20.0,9.0,19.0,1.0,0.0,381.5226666666666,262.815,1.6878119223659889,1
313,34.0,2.0,4.0,1.0,21.0,6.0,11.0,24.0,10.0,1.0,0.0,883.2720510204082,332.975,46.89958726415094,1
314,52.0,2.0,0.0,0.0,23.0,24.0,12.0,21.0,15.0,0.0,0.0,864.3412230215827,249.5,13.304168632075472,1
315,36.0,2.0,0.0,0.0,14.0,10.0,2.0,6.0,18.0,1.0,0.0,873.0395348837209,754.72,2.149073275862069,1
316,57.0,2.0,0.0,0.0,6.0,14.0,21.0,2.0,19.0,0.0,0.0,11025.557692307691,4250.0,4.992799684542587,1
317,62.0,1.0,0.0,1.0,4.0,21.0,15.0,16.0,19.0,1.0,0.0,1324.3740494458657,806.0,56.2243375984252,1
318,47.0,2.0,0.0,0.0,8.0,6.0,13.0,14.0,1.0,0.0,0.0,10898.745398230089,3000.0,8.450532862407863,1
319,28.0,2.0,0.0,0.0,2.0,15.0,24.0,17.0,23.0,1.0,0.0,2876.9328000000005,233.75,16.541779891304348,1
320,36.0,1.0,0.0,0.0,11.0,19.0,4.0,5.0,17.0,1.0,1.0,1153.329326923077,522.39,24.84642857142857,1
321,34.0,2.0,0.0,0.0,8.0,23.0,15.0,3.0,19.0,1.0,0.0,3823.918493150685,1074.0,31.34330231191223,1
322,42.0,1.0,0.0,0.0,5.0,0.0,20.0,15.0,11.0,1.0,1.0,1171.3355294117648,500.0,16.27128537735849,1
323,51.0,2.0,0.0,0.0,18.0,8.0,9.0,6.0,17.0,1.0,0.0,1958.638911392405,393.0,37.80681014150943,1
324,35.0,1.0,4.0,0.0,11.0,15.0,0.0,21.0,20.0,0.0,0.0,16100.80894736842,944.075,5.095159691629956,1
325,39.0,2.0,0.0,0.0,10.0,4.0,25.0,21.0,5.0,1.0,0.0,1478.2965397170838,400.0,44.0495875984252,1
326,60.0,1.0,0.0,0.0,11.0,19.0,10.0,4.0,6.0,0.0,0.0,3166.7794444444444,1007.825,4.490686475409836,1
327,42.0,2.0,0.0,0.0,6.0,2.0,13.0,4.0,21.0,0.0,0.0,3056.355555555556,2500.0,11.91008152173913,1
328,38.0,2.0,0.0,1.0,14.0,21.0,15.0,6.0,24.0,1.0,0.0,2267.552874692875,450.0,19.72580911624204,1
329,40.0,1.0,4.0,1.0,11.0,5.0,10.0,4.0,19.0,0.0,0.0,1532.97,565.49,15.637293577981652,1
330,45.0,1.0,0.0,0.0,19.0,16.0,5.0,2.0,6.0,0.0,0.0,3519.988310344828,255.25,14.44630728314239,1
331,24.0,2.0,0.0,0.0,14.0,8.0,15.0,6.0,21.0,0.0,0.0,390.2799999999999,177.5,9.70303062080537,1
332,29.0,1.0,0.0,0.0,10.0,5.0,19.0,4.0,15.0,1.0,0.0,947.0393984962406,422.7,6.405228441455696,1
333,27.0,1.0,0.0,0.0,6.0,14.0,1.0,18.0,3.0,0.0,0.0,1767.3030303030305,1300.0,2.128001853813559,1
334,53.0,2.0,0.0,0.0,6.0,11.0,24.0,10.0,23.0,0.0,0.0,2675.7991358024688,1400.0,13.928739406779664,1
335,35.0,2.0,0.0,0.0,6.0,24.0,2.0,7.0,15.0,0.0,0.0,83715.12428571428,40000.0,0.765020197486535,1
336,28.0,1.0,0.0,0.0,19.0,5.0,6.0,17.0,11.0,0.0,0.0,1110.026842105263,349.92999999999995,6.884531249999999,1
337,31.0,2.0,1.0,1.0,7.0,6.0,8.0,11.0,14.0,1.0,0.0,583.3984905660376,139.0,88.50223503740648,1
338,36.0,1.0,0.0,0.0,19.0,5.0,11.0,15.0,4.0,1.0,0.0,1429.3484313725492,973.2,2.587134375,1
339,51.0,2.0,4.0,1.0,8.0,11.0,6.0,13.0,16.0,1.0,0.0,3111.8530710659898,662.4300000000001,112.60214788732394,1
340,47.0,2.0,0.0,0.0,10.0,19.0,16.0,8.0,6.0,0.0,0.0,8592.405833333332,2450.0,8.027307692307692,1
341,24.0,2.0,1.0,1.0,6.0,24.0,19.0,8.0,14.0,0.0,0.0,1478.4636030828517,298.0,24.75977762539185,1
342,40.0,1.0,0.0,0.0,15.0,10.0,6.0,3.0,11.0,0.0,0.0,1370.8258208955222,521.085,13.263548780487804,1
343,44.0,1.0,0.0,0.0,11.0,10.0,23.0,9.0,4.0,1.0,0.0,1323.813243243243,876.825,4.364978197674418,1
344,59.0,2.0,4.0,1.0,14.0,21.0,15.0,24.0,10.0,0.0,0.0,4697.853711340206,1462.46,9.284204009433962,1
345,43.0,1.0,0.0,0.0,23.0,18.0,11.0,19.0,5.0,0.0,0.0,3987.966,2270.95,2.448943965517241,1
346,69.0,1.0,0.0,0.0,17.0,12.0,2.0,5.0,0.0,0.0,0.0,11822.636825396825,9500.0,6.011044278996866,1
347,38.0,2.0,0.0,0.0,6.0,9.0,23.0,18.0,19.0,0.0,0.0,1561.506666666667,498.0,9.317410714285714,1
348,55.0,2.0,4.0,1.0,21.0,15.0,14.0,24.0,16.0,1.0,0.0,471.5143690851735,279.475,39.14194472616632,1
349,23.0,2.0,0.0,0.0,7.0,8.0,6.0,14.0,21.0,0.0,0.0,87000.0,87000.0,1.0,1
350,56.0,2.0,0.0,0.0,25.0,10.0,7.0,24.0,16.0,0.0,0.0,3083.776731234867,1349.0,19.76482606132076,1
351,28.0,2.0,0.0,0.0,2.0,25.0,6.0,3.0,18.0,1.0,0.0,1247.5,300.0,51.36521291208791,1
352,46.0,1.0,0.0,0.0,19.0,4.0,17.0,12.0,15.0,0.0,0.0,10445.238095238095,7150.0,2.048635817307692,1
353,57.0,2.0,0.0,0.0,6.0,19.0,5.0,4.0,17.0,0.0,0.0,905.238492773572,63.0,69.31783601097179,1
354,61.0,1.0,4.0,0.0,11.0,4.0,10.0,9.0,15.0,0.0,0.0,11933.333333333334,10000.0,0.2329352678571428,1
355,35.0,1.0,4.0,0.0,11.0,19.0,0.0,10.0,15.0,1.0,0.0,2374.752234042553,539.35,5.278720018450184,1
356,37.0,2.0,0.0,0.0,14.0,6.0,23.0,15.0,18.0,0.0,0.0,671.4025,179.5,1.6452364864864866,1
357,59.0,1.0,1.0,0.0,11.0,10.0,9.0,0.0,4.0,0.0,0.0,3273.98,412.94,22.82765625,1
358,27.0,1.0,0.0,0.0,14.0,6.0,15.0,16.0,21.0,0.0,0.0,660.3873308733088,275.0,39.21581517432647,1
359,40.0,2.0,0.0,0.0,10.0,6.0,24.0,1.0,18.0,0.0,0.0,11103.262222222222,925.36,1.929097711267605,1
360,43.0,2.0,0.0,0.0,6.0,20.0,21.0,18.0,10.0,0.0,0.0,1865.4369191919195,234.95,30.208026315789475,1
361,37.0,2.0,0.0,0.0,2.0,24.0,10.0,22.0,11.0,0.0,0.0,2424.865806451613,622.48,2.007538563829787,1
362,67.0,2.0,0.0,0.0,6.0,14.0,15.0,10.0,18.0,0.0,0.0,783.514183006536,347.75,21.31277745995424,1
363,42.0,2.0,4.0,0.0,10.0,23.0,24.0,2.0,17.0,0.0,0.0,8160.26,4000.0,3.146428006329114,1
364,33.0,2.0,0.0,0.0,10.0,2.0,25.0,19.0,18.0,1.0,0.0,1414.241938502674,463.5,71.48126373626374,1
365,61.0,2.0,0.0,0.0,17.0,5.0,6.0,15.0,24.0,0.0,0.0,1205.0956172839506,662.4549999999999,23.592218899521534,1
366,46.0,1.0,4.0,1.0,4.0,21.0,23.0,15.0,10.0,1.0,0.0,1864.339798319328,697.0,28.609700829383883,1
367,47.0,2.0,0.0,0.0,10.0,24.0,21.0,15.0,6.0,1.0,0.0,601.9071386861314,200.0,50.728125,1
368,26.0,1.0,0.0,0.0,0.0,11.0,4.0,9.0,5.0,1.0,0.0,7122.625862068965,1970.0,3.141172153024911,1
369,21.0,2.0,0.0,0.0,6.0,14.0,18.0,24.0,19.0,0.0,0.0,431.25,460.0,24.349500000000003,1
370,38.0,2.0,4.0,0.0,6.0,9.0,8.0,16.0,2.0,0.0,0.0,4565.680666666666,2000.0,5.636458333333334,1
371,28.0,2.0,0.0,0.0,6.0,7.0,8.0,10.0,18.0,0.0,0.0,1368.4330932203388,230.44,16.78294976635514,1
372,26.0,2.0,0.0,0.0,18.0,14.0,24.0,6.0,8.0,0.0,0.0,16308.043636363638,1384.64,2.7219969512195124,1
373,43.0,1.0,0.0,0.0,23.0,11.0,5.0,10.0,19.0,1.0,0.0,2052.9826984126985,289.235,24.11978773584905,1
374,47.0,1.0,0.0,0.0,10.0,15.0,2.0,13.0,23.0,0.0,0.0,4732.291454545453,480.0,31.25778656639004,1
375,37.0,2.0,0.0,0.0,14.0,6.0,8.0,3.0,15.0,0.0,0.0,442.595,251.8,38.04609375,1
376,54.0,1.0,0.0,0.0,11.0,23.0,10.0,22.0,15.0,0.0,0.0,9408.4990625,3350.0,3.1317684887459807,1
377,29.0,2.0,0.0,1.0,2.0,24.0,8.0,6.0,22.0,1.0,0.0,2175.011538461539,1485.0,3.0912451171875004,1
378,43.0,2.0,0.0,0.0,2.0,6.0,3.0,21.0,8.0,1.0,0.0,7051.948744769875,1199.0,14.695784090909092,1
379,31.0,1.0,0.0,0.0,0.0,5.0,20.0,19.0,10.0,1.0,0.0,1422.1036751269037,475.0,46.8442529296875,1
380,32.0,1.0,0.0,0.0,0.0,23.0,16.0,19.0,5.0,1.0,0.0,42007.696125,40000.0,3.94004854368932,1
381,34.0,1.0,4.0,1.0,15.0,21.0,1.0,16.0,19.0,1.0,1.0,1426.994801444043,530.0,14.12230213567839,1
382,64.0,2.0,0.0,0.0,11.0,10.0,15.0,23.0,4.0,0.0,1.0,1444.3885929648245,763.65,9.538485236220472,1
383,56.0,1.0,0.0,0.0,4.0,11.0,15.0,10.0,9.0,0.0,0.0,4432.020663507109,900.0,10.325049236334406,1
384,52.0,1.0,0.0,0.0,8.0,2.0,19.0,10.0,0.0,0.0,0.0,4590.305714285714,2261.55,2.4919078947368423,1
385,32.0,2.0,0.0,0.0,6.0,24.0,1.0,15.0,13.0,1.0,0.0,1830.4700000000005,1100.0,1.471673076923077,1
386,36.0,2.0,0.0,0.0,6.0,18.0,8.0,24.0,10.0,0.0,0.0,3524.804311926606,705.0,9.84456787833828,1
387,37.0,1.0,0.0,0.0,15.0,23.0,19.0,16.0,21.0,1.0,0.0,1147.68875,808.7,3.911566265060241,1
388,26.0,1.0,0.0,0.0,14.0,15.0,6.0,22.0,21.0,1.0,0.0,675.4114248366013,247.29,61.11341043307087,1
389,46.0,2.0,0.0,0.0,14.0,17.0,15.0,23.0,16.0,1.0,0.0,22062.17583333333,1309.785,0.618007614213198,1
390,45.0,1.0,0.0,0.0,15.0,21.0,0.0,19.0,5.0,0.0,0.0,5989.65284768212,1000.0,7.389016278135049,1
391,35.0,1.0,0.0,0.0,10.0,5.0,11.0,23.0,19.0,1.0,0.0,1848.4782142857143,1756.0,8.355220588235294,1
392,23.0,1.0,0.0,0.0,21.0,15.0,3.0,24.0,4.0,0.0,0.0,862.8859615384616,167.885,4.006879746835443,1
393,23.0,1.0,0.0,0.0,21.0,3.0,15.0,1.0,13.0,0.0,1.0,1096.3014285714285,326.5,6.145907451923077,1
394,47.0,2.0,4.0,1.0,8.0,10.0,2.0,15.0,24.0,0.0,0.0,21967.567567567567,11000.0,3.798193507588533,1
395,35.0,1.0,4.0,1.0,23.0,11.0,15.0,16.0,6.0,1.0,0.0,1359.1363636363635,1519.0,0.612076096892139,1
396,26.0,1.0,0.0,0.0,14.0,15.0,16.0,21.0,6.0,0.0,0.0,318.82363636363635,199.0,7.908794291338584,1
397,48.0,2.0,4.0,0.0,24.0,8.0,6.0,15.0,7.0,0.0,0.0,3705.609094650206,1100.0,11.68429798578199,1
398,44.0,1.0,0.0,0.0,0.0,10.0,5.0,11.0,19.0,0.0,0.0,1300.1260869565217,435.0,4.487487980769231,1
399,45.0,2.0,4.0,0.0,6.0,25.0,2.0,24.0,21.0,0.0,0.0,2521.93625,288.005,0.9188490566037736,1
400,39.0,2.0,0.0,0.0,6.0,10.0,24.0,3.0,11.0,1.0,0.0,4889.520596205963,850.0,17.742822867298578,1
401,41.0,1.0,0.0,0.0,0.0,15.0,12.0,13.0,19.0,0.0,0.0,17050.0,19850.0,1.9636693548387096,1
402,51.0,1.0,0.0,1.0,5.0,11.0,0.0,12.0,19.0,1.0,0.0,3158.5895333333337,400.39,7.223941851265823,1
403,72.0,2.0,0.0,0.0,21.0,16.0,15.0,14.0,4.0,0.0,0.0,3850.258696629214,502.0,21.262809065934068,1
404,26.0,1.0,0.0,1.0,10.0,15.0,6.0,21.0,18.0,1.0,0.0,823.2071742112483,342.35,34.7237588028169,1
405,23.0,1.0,0.0,0.0,11.0,16.0,10.0,0.0,13.0,0.0,0.0,1296.1432405566602,239.0,24.41746112440192,1
406,50.0,1.0,0.0,0.0,11.0,10.0,4.0,20.0,5.0,1.0,1.0,3380.2559192825115,548.0,10.7736875,1
407,60.0,2.0,0.0,0.0,15.0,24.0,10.0,25.0,4.0,0.0,0.0,1503.2768707482996,316.0,22.635180227655987,1
408,30.0,1.0,0.0,0.0,11.0,18.0,6.0,15.0,5.0,0.0,0.0,3112.619620253165,1392.74,26.42322115384616,1
409,58.0,1.0,0.0,0.0,23.0,21.0,15.0,3.0,4.0,0.0,0.0,2896.778484848485,748.0,3.92350341796875,1
410,71.0,2.0,0.0,0.0,14.0,6.0,8.0,21.0,18.0,0.0,0.0,728.0202702702703,300.0,23.4617578125,1
411,34.0,2.0,0.0,0.0,6.0,24.0,23.0,18.0,3.0,1.0,0.0,2525.6,2227.45,2.9455040322580643,1
412,37.0,2.0,0.0,0.0,6.0,23.0,14.0,3.0,24.0,1.0,0.0,894.4671428571429,917.0,0.512158954326923,1
413,38.0,1.0,0.0,0.0,11.0,6.0,5.0,19.0,22.0,1.0,0.0,6712.5142857142855,3495.0,1.4063242574257426,1
414,40.0,2.0,0.0,0.0,2.0,6.0,23.0,15.0,24.0,0.0,0.0,2383.803995485327,553.0,26.753046875,1
415,34.0,1.0,0.0,1.0,11.0,0.0,15.0,19.0,10.0,1.0,0.0,2151.924146341464,1109.33,4.1736183110367895,1
416,33.0,2.0,0.0,0.0,14.0,6.0,15.0,21.0,23.0,0.0,0.0,1277.2142004264392,327.0,33.352556950934584,1
417,32.0,2.0,0.0,0.0,23.0,2.0,16.0,8.0,21.0,0.0,0.0,1050.610344827586,261.8,4.711758229537367,1
418,25.0,1.0,0.0,0.0,14.0,16.0,15.0,21.0,5.0,0.0,0.0,291.4434117647059,199.0,32.748536392405065,1
419,34.0,2.0,0.0,0.0,14.0,6.0,21.0,8.0,7.0,1.0,0.0,858.9192322834647,199.5,24.19707746478873,1
420,23.0,1.0,0.0,0.0,0.0,19.0,16.0,12.0,5.0,0.0,0.0,1709.6556129032258,247.6,7.429473425196851,1
421,46.0,2.0,0.0,0.0,23.0,25.0,24.0,8.0,6.0,0.0,0.0,1029.6301149425287,545.0,8.446596889952154,1
422,63.0,2.0,0.0,0.0,14.0,15.0,7.0,6.0,21.0,0.0,0.0,6634.608604651163,5000.0,2.0840535429936304,1
423,61.0,1.0,4.0,0.0,5.0,6.0,23.0,19.0,16.0,0.0,0.0,7800.384333333332,1754.64,3.0436875,1
424,42.0,1.0,0.0,0.0,14.0,16.0,15.0,21.0,3.0,0.0,0.0,753.6844444444445,297.5,6.681265243902439,1
425,20.0,2.0,0.0,0.0,18.0,6.0,21.0,1.0,24.0,0.0,0.0,411.2173333333333,82.0,6.681265243902439,1
426,35.0,2.0,0.0,0.0,16.0,8.0,10.0,24.0,25.0,0.0,0.0,10395.6,7505.0,1.7904044117647058,1
427,26.0,1.0,0.0,0.0,6.0,21.0,15.0,11.0,5.0,0.0,0.0,2820.965882352941,500.0,2.082200704225352,1
428,56.0,2.0,4.0,1.0,23.0,3.0,19.0,15.0,5.0,0.0,0.0,7333.333333333333,1000.0,3.0436875000000003,1
429,29.0,2.0,0.0,0.0,14.0,6.0,8.0,22.0,1.0,0.0,0.0,947.8727064220184,318.0,18.43121875,1
430,39.0,2.0,0.0,0.0,12.0,10.0,6.0,24.0,1.0,0.0,0.0,21166.666666666668,25000.0,9.1310625,1
431,46.0,1.0,0.0,0.0,15.0,11.0,21.0,25.0,16.0,1.0,0.0,3738.437707006369,999.89,7.609218749999999,1
432,35.0,2.0,0.0,0.0,10.0,2.0,23.0,9.0,19.0,1.0,0.0,4656.965566037736,1299.0,15.486282,1
433,29.0,2.0,1.0,0.0,14.0,6.0,17.0,18.0,23.0,1.0,0.0,852.8954411764705,203.5,13.352951612903224,1
434,51.0,2.0,4.0,1.0,10.0,24.0,15.0,8.0,17.0,1.0,0.0,3222.2902046783624,296.0,32.8372594637224,1
435,31.0,2.0,1.0,1.0,25.0,21.0,15.0,16.0,14.0,0.0,0.0,367.9141536458333,139.0,46.84472945891783,1
436,36.0,2.0,0.0,0.0,6.0,14.0,18.0,15.0,11.0,0.0,0.0,1083.6419771863116,400.0,12.766982655502392,1
437,35.0,1.0,4.0,0.0,11.0,16.0,19.0,6.0,5.0,1.0,0.0,1100.4006976744186,967.0,2.0708633306962025,1
438,49.0,1.0,0.0,0.0,21.0,15.0,14.0,18.0,13.0,1.0,1.0,1358.829112709832,688.0,20.082558346518987,1
439,47.0,2.0,0.0,0.0,4.0,0.0,10.0,11.0,5.0,0.0,0.0,2513.827803030303,640.275,6.367143423137876,1
440,33.0,1.0,0.0,0.0,5.0,19.0,4.0,17.0,15.0,1.0,0.0,1259.6754166666667,546.5,9.410434782608696,1
441,38.0,2.0,0.0,0.0,24.0,18.0,13.0,1.0,23.0,0.0,0.0,1625.1993989071038,572.9,10.220088302752291,1
442,37.0,2.0,0.0,0.0,2.0,15.0,22.0,23.0,14.0,1.0,0.0,1364.0416091954023,1102.6,4.384119412251656,1
443,37.0,1.0,0.0,0.0,0.0,19.0,11.0,10.0,17.0,1.0,0.0,3423.3008061420346,720.0,24.93335200471698,1
444,39.0,1.0,0.0,0.0,19.0,5.0,14.0,12.0,0.0,0.0,0.0,1010.376484962406,500.0,25.419807692307693,1
445,23.0,2.0,0.0,0.0,6.0,24.0,20.0,14.0,9.0,1.0,0.0,774.023081570997,246.5,16.354879261363635,1
446,36.0,1.0,0.0,0.0,5.0,0.0,16.0,4.0,21.0,0.0,0.0,2256.0,1300.0,1.6815953038674032,1
447,57.0,2.0,0.0,0.0,6.0,21.0,15.0,2.0,23.0,0.0,0.0,15921.004772727272,14250.0,2.112338328075709,1
448,32.0,1.0,0.0,0.0,23.0,5.0,0.0,19.0,16.0,1.0,0.0,1904.1525119617224,346.73,43.496115384615386,1
449,32.0,1.0,0.0,0.0,19.0,14.0,4.0,11.0,16.0,1.0,0.0,715.7132191780821,309.45,6.987081367924528,1
450,37.0,2.0,0.0,0.0,21.0,14.0,15.0,6.0,16.0,1.0,0.0,2424.7003667481663,662.98,19.604223425196853,1
451,32.0,2.0,0.0,0.0,0.0,16.0,23.0,5.0,4.0,0.0,0.0,826.6500656455141,249.69,62.09666015625,1
452,26.0,2.0,1.0,1.0,6.0,24.0,25.0,8.0,14.0,0.0,0.0,3927.5,2400.0,2.7055,1
453,39.0,1.0,0.0,0.0,0.0,16.0,5.0,15.0,11.0,0.0,0.0,1694.465,938.5,5.7069140625,1
454,32.0,1.0,0.0,0.0,24.0,11.0,23.0,15.0,6.0,1.0,0.0,1823.8359649122808,450.2,2.7625826035031844,1
455,57.0,1.0,0.0,0.0,24.0,11.0,10.0,6.0,18.0,1.0,1.0,3220.2841494252875,1258.0,41.375126953125005,1
456,41.0,2.0,0.0,0.0,11.0,12.0,6.0,4.0,23.0,0.0,0.0,1285.711294642857,460.5,13.368352941176472,1
457,46.0,2.0,4.0,1.0,15.0,3.0,23.0,21.0,2.0,0.0,0.0,6389.7718309859165,1112.57,6.588469893292683,1
458,37.0,1.0,0.0,0.0,16.0,15.0,25.0,11.0,19.0,1.0,0.0,1712.6751020408165,840.0,2.7772939944134074,1
459,39.0,1.0,0.0,0.0,5.0,4.0,9.0,19.0,15.0,1.0,0.0,1368.2264285714284,1379.02,1.4133208955223882,1
460,24.0,1.0,0.0,0.0,11.0,14.0,8.0,7.0,5.0,0.0,0.0,2650.144649122807,220.0,5.578462620578779,1
461,51.0,2.0,4.0,0.0,16.0,19.0,10.0,21.0,2.0,0.0,1.0,788.3130361050329,507.875,87.34475274725276,1
462,43.0,2.0,0.0,0.0,14.0,21.0,15.0,16.0,6.0,1.0,0.0,3049.4301724137927,364.7,11.24419585987261,1
463,36.0,2.0,0.0,0.0,24.0,2.0,6.0,21.0,16.0,1.0,0.0,1589.7363054607508,404.225,55.73752734375,1
464,32.0,2.0,7.0,0.0,10.0,9.0,23.0,24.0,19.0,1.0,0.0,743.2706839186692,258.0,26.99401536885246,1
465,50.0,1.0,1.0,1.0,20.0,11.0,0.0,25.0,15.0,1.0,0.0,7177.7955555555545,1198.0,6.174693903688524,1
466,41.0,1.0,0.0,0.0,0.0,23.0,14.0,19.0,16.0,1.0,0.0,851.4994117647059,694.6949999999999,2.0906136363636367,1
467,33.0,1.0,0.0,0.0,19.0,16.0,23.0,25.0,15.0,1.0,0.0,1093.070294117647,709.9100000000001,1.861247751798561,1
468,45.0,1.0,0.0,0.0,11.0,4.0,10.0,23.0,14.0,0.0,0.0,2509.132978142077,923.0,17.460652429467086,1
469,49.0,1.0,1.0,1.0,11.0,19.0,6.0,23.0,22.0,0.0,1.0,1444.8965079365078,438.0,3.0729537259615385,1
470,56.0,2.0,4.0,0.0,10.0,4.0,6.0,8.0,11.0,0.0,0.0,20863.854166666668,13800.0,2.3338178913738017,1
471,34.0,1.0,0.0,0.0,5.0,4.0,11.0,19.0,17.0,1.0,0.0,1962.9335,1399.1,1.102785326086957,1
472,45.0,2.0,4.0,0.0,19.0,16.0,23.0,18.0,0.0,1.0,0.0,1779.0513576158942,417.75,14.49832216088328,1
473,41.0,2.0,0.0,0.0,8.0,7.0,6.0,10.0,18.0,1.0,0.0,1255.5025,826.895,3.591371681415929,1
474,33.0,2.0,5.0,1.0,24.0,6.0,8.0,7.0,25.0,0.0,0.0,1393.4476271186445,301.0,64.63668133802817,1
475,27.0,2.0,0.0,0.0,6.0,14.0,24.0,23.0,8.0,0.0,0.0,1471.4816500000002,325.0,9.63192246835443,1
476,31.0,1.0,0.0,0.0,0.0,19.0,14.0,16.0,15.0,1.0,0.0,1831.952023809524,235.84,8.052590551181103,1
477,55.0,2.0,4.0,0.0,3.0,19.0,15.0,8.0,22.0,0.0,0.0,1428.748594104308,524.58,21.071682692307693,1
478,54.0,2.0,4.0,0.0,21.0,6.0,15.0,14.0,24.0,0.0,1.0,1160.3263885714289,585.5,41.94057578740158,1
479,48.0,1.0,0.0,0.0,6.0,8.0,15.0,18.0,24.0,0.0,0.0,916.504120300752,322.97,32.33310203674122,1
480,33.0,1.0,4.0,1.0,19.0,5.0,14.0,15.0,17.0,1.0,0.0,2554.5986666666663,2399.18,4.0763671875,1
481,45.0,1.0,0.0,0.0,15.0,18.0,3.0,21.0,23.0,1.0,0.0,2778.3955472636817,900.0,19.5145514354067,1
482,27.0,2.0,4.0,1.0,23.0,8.0,15.0,6.0,18.0,0.0,0.0,1130.3690722822994,211.0,83.95225961538462,1
483,36.0,1.0,4.0,1.0,11.0,21.0,15.0,22.0,10.0,1.0,0.0,1629.154297188755,1073.0,35.748971108490565,1
484,41.0,1.0,0.0,0.0,11.0,10.0,22.0,19.0,4.0,0.0,0.0,22955.786274509806,14000.0,2.4717844347133755,1
485,47.0,2.0,4.0,0.0,10.0,4.0,17.0,21.0,15.0,0.0,0.0,17249.750569620253,661.0,22.936532193958666,1
486,26.0,1.0,0.0,1.0,11.0,23.0,12.0,0.0,16.0,0.0,0.0,844.5135897435898,300.0,16.04105574324324,1
487,31.0,2.0,4.0,1.0,10.0,6.0,1.0,23.0,16.0,0.0,0.0,1184.4822231204523,309.9,58.8287724609375,1
488,32.0,1.0,0.0,0.0,19.0,11.0,15.0,17.0,18.0,1.0,0.0,1214.3993129770993,520.0,18.80769162735849,1
489,81.0,1.0,0.0,1.0,6.0,8.0,24.0,23.0,18.0,0.0,0.0,3554.308121546961,1372.52,8.772411425159236,1
490,27.0,2.0,0.0,0.0,14.0,3.0,23.0,8.0,6.0,0.0,0.0,6000.0,6000.0,1.0,1
491,42.0,2.0,0.0,0.0,24.0,15.0,14.0,6.0,8.0,0.0,0.0,20666.666666666668,21000.0,30.436875,1
492,36.0,2.0,0.0,0.0,25.0,7.0,14.0,2.0,4.0,0.0,0.0,2359.1886363636368,300.0,19.75902049180328,1
493,49.0,2.0,0.0,0.0,16.0,23.0,4.0,18.0,25.0,0.0,0.0,11495.658,500.0,2.323425572519084,1
494,63.0,2.0,0.0,0.0,5.0,17.0,16.0,15.0,24.0,0.0,0.0,2174.810067567568,1228.88,15.015525,1
495,47.0,1.0,4.0,0.0,3.0,23.0,5.0,11.0,22.0,0.0,0.0,18888.636363636364,15800.0,2.139333067092652,1
496,38.0,2.0,4.0,0.0,6.0,2.0,10.0,9.0,17.0,0.0,0.0,4036.0,4036.0,1.0,1
497,44.0,2.0,0.0,0.0,8.0,23.0,10.0,2.0,16.0,0.0,1.0,777.5006896551724,259.0,27.951196875,1
498,50.0,1.0,1.0,1.0,11.0,23.0,6.0,10.0,25.0,0.0,0.0,5155.809292604501,1748.78,15.543297413793104,1
499,40.0,2.0,0.0,1.0,21.0,15.0,14.0,19.0,20.0,0.0,0.0,341.0,149.0,11.413828125,1
