,age,workclass,fnlwgt,education,education-num,marital-status,occupation,relationship,race,sex,capital-gain,capital-loss,hours-per-week,native-country,income,real_identifier
0,38,2,193442,10,11,3,9,2,2,0,0,0,42,39,0,0
1,59,7,141693,13,8,1,6,3,4,1,0,0,48,39,1,0
2,29,4,184764,12,10,5,2,1,4,0,0,0,40,39,0,0
3,47,0,251921,9,12,4,11,4,2,1,0,0,45,39,0,0
4,35,6,201491,11,9,2,8,0,4,0,0,0,40,39,0,0
5,23,4,123469,10,11,4,5,3,4,1,0,0,40,39,0,0
6,56,4,167956,15,10,2,10,1,4,0,0,0,40,39,1,0
7,43,2,149299,12,9,5,7,4,2,0,0,0,42,39,0,0
8,61,7,206439,11,9,4,3,1,4,1,0,0,40,39,0,0
9,39,4,114439,8,12,2,9,0,4,1,0,0,45,26,0,0
10,38,4,217419,12,10,1,9,4,4,1,0,0,42,39,0,0
11,29,4,45782,14,11,3,6,2,4,0,0,0,35,39,0,0
12,52,4,187046,9,13,5,11,1,4,1,0,0,50,39,1,0
13,25,4,293846,13,8,0,7,3,2,1,0,0,32,39,0,0
14,48,4,121356,10,12,2,5,0,4,0,0,0,40,39,0,0
15,59,4,64321,8,9,4,10,1,4,1,0,0,55,39,1,0
16,34,4,201940,11,10,3,9,4,4,1,0,0,38,39,0,0
17,46,4,147710,15,11,0,12,4,4,0,0,0,45,39,0,0
18,31,4,315444,9,13,1,8,2,4,1,0,0,42,39,0,0
19,42,4,258664,14,10,5,6,0,4,1,0,0,48,39,1,0
20,39,0,419141,10,12,3,2,1,4,1,0,0,38,39,0,0
21,25,4,137654,14,11,2,10,5,2,0,0,150,42,39,1,0
22,55,4,291716,12,10,4,5,0,4,1,0,0,36,39,0,0
23,31,0,479642,16,12,3,3,4,4,0,0,0,40,39,0,0
24,48,4,123141,13,9,2,11,1,4,1,3500,0,38,39,1,0
25,22,4,268421,15,11,4,6,3,2,0,0,0,35,39,0,0
26,51,4,394421,11,9,2,8,0,4,1,0,0,42,39,0,0
27,36,0,142517,9,13,3,1,5,4,0,0,1000,40,39,1,0
28,29,4,481956,12,10,4,9,4,4,0,0,0,38,39,0,0
29,41,4,278421,14,11,2,6,1,2,1,4000,0,40,39,1,0
30,38,4,201911,11,9,2,8,0,4,1,0,0,40,39,0,0
31,45,6,191736,9,13,2,10,0,4,1,10512,0,45,39,1,0
32,56,4,184942,11,9,0,12,1,4,1,0,0,55,39,0,0
33,25,6,221193,11,9,4,13,3,4,1,0,0,25,39,0,0
34,61,2,125893,9,13,6,1,4,1,0,0,0,30,30,0,0
35,48,4,267491,11,9,2,7,0,4,1,4881,0,43,39,1,0
36,29,0,36829,15,10,4,0,3,4,0,0,0,22,39,0,0
37,20,4,459101,1,7,4,12,3,4,0,0,0,9,26,0,0
38,40,6,208471,9,13,2,10,0,4,1,11688,0,42,39,1,0
39,52,4,194739,11,9,0,12,1,4,1,0,0,58,39,0,0
40,38,4,251234,12,8,2,11,0,4,1,0,0,42,39,0,0
41,29,4,329819,10,7,4,9,1,2,1,0,0,40,39,0,0
42,45,4,181945,14,11,2,12,0,4,1,0,1567,50,39,1,0
43,22,4,413982,13,9,4,5,1,4,1,0,0,40,39,0,0
44,51,4,298117,16,12,2,14,0,4,1,0,0,35,39,0,0
45,35,6,205830,8,12,0,4,4,1,1,0,0,45,20,0,0
46,43,4,140589,6,11,2,13,0,4,1,0,0,70,39,1,0
47,24,4,108512,11,8,4,11,3,2,1,0,0,40,39,0,0
48,31,5,124892,5,4,4,4,3,4,1,0,0,40,39,0,0
49,72,4,242857,15,10,2,15,0,4,1,0,0,20,39,0,0
50,41,4,201943,10,12,3,5,1,4,1,0,0,42,39,0,0
51,29,4,123456,14,8,1,9,0,4,0,0,0,36,39,1,0
52,52,2,321987,12,10,4,11,1,4,1,0,0,38,39,0,0
53,45,4,189654,9,13,2,4,0,4,1,0,0,48,39,0,0
54,31,4,145678,8,11,2,3,5,4,0,0,0,43,39,0,0
55,49,6,167890,11,9,2,3,0,4,1,0,0,37,39,0,0
56,55,4,223456,1,7,2,14,0,4,1,0,0,41,39,0,0
57,58,4,198765,1,7,0,12,1,4,0,0,0,39,39,0,0
58,51,4,278901,13,1,4,8,1,4,0,0,0,16,8,0,0
59,60,4,205432,11,9,2,6,0,4,1,0,0,46,39,0,0
60,38,2,234567,11,10,2,9,0,4,1,0,0,45,39,1,0
61,49,4,291011,7,9,6,5,1,4,1,0,0,40,26,0,0
62,55,2,201234,9,13,2,11,0,4,1,0,1500,40,39,1,0
63,19,4,320987,5,4,4,8,3,4,1,0,0,30,26,0,0
64,58,4,198765,12,14,2,10,5,4,0,0,0,15,39,0,0
65,35,4,251234,2,8,4,12,2,4,0,0,0,35,26,0,0
66,47,2,149234,9,13,0,10,4,4,0,0,0,55,39,0,0
67,22,4,42111,15,10,4,1,1,4,0,0,0,20,39,0,0
68,46,4,229567,8,11,2,3,0,4,1,0,0,35,39,1,0
69,40,4,240123,6,6,2,9,0,4,1,0,0,40,39,1,0
70,38,4,245612,10,12,3,11,2,3,0,0,0,55,39,0,0
71,42,4,182321,12,8,1,6,3,4,1,0,1500,40,39,1,0
72,50,4,298421,9,14,2,10,1,2,0,0,0,50,39,0,0
73,33,4,261734,11,10,4,2,2,4,1,0,1000,45,39,1,0
74,59,4,275891,10,11,3,9,0,4,1,0,0,35,39,0,0
75,45,4,191029,12,9,2,5,3,3,0,0,2000,60,39,1,0
76,36,4,219842,9,13,1,8,1,4,1,0,0,40,39,0,0
77,52,4,251110,11,10,4,1,2,2,0,0,1200,50,39,1,0
78,46,4,280765,10,12,3,6,0,4,1,0,0,45,39,0,0
79,35,4,201048,12,8,2,4,3,3,0,0,1800,55,39,1,0
80,38,5,283129,8,11,3,11,2,4,0,0,0,45,39,1,0
81,59,4,193423,10,12,1,9,1,4,1,0,0,35,39,0,0
82,27,4,242329,6,10,3,5,3,4,1,0,0,40,39,1,0
83,42,2,104368,14,15,0,12,4,4,0,0,0,50,39,1,0
84,31,5,151468,9,13,2,3,0,4,1,0,0,30,39,0,0
85,55,4,213585,11,9,2,8,0,4,1,0,0,45,39,0,0
86,46,4,274793,8,11,3,10,1,4,0,0,0,40,39,1,0
87,29,4,93572,12,14,2,9,3,4,1,0,0,35,39,0,0
88,34,5,187775,7,12,2,3,0,4,1,0,0,50,39,1,0
89,48,4,119843,10,12,1,11,2,4,0,0,0,45,39,0,0
90,38,4,201123,13,11,2,8,1,4,1,0,0,42,39,0,0
91,51,6,143857,10,12,0,5,3,4,0,0,0,45,39,0,0
92,29,4,268421,14,10,4,9,2,4,1,0,0,38,39,0,0
93,55,4,208765,11,9,2,6,0,4,1,0,0,48,39,1,0
94,33,7,134987,12,13,2,4,5,2,0,0,0,40,39,0,0
95,49,4,249876,9,14,0,10,4,4,1,0,0,42,39,0,0
96,43,6,191235,15,10,2,3,0,4,1,0,0,50,39,0,0
97,26,4,223456,13,11,4,8,3,4,1,0,0,40,39,0,0
98,59,4,176543,11,9,2,5,0,4,1,0,0,45,39,0,0
99,35,7,154321,12,14,2,4,5,2,0,0,0,40,39,0,0
100,32,4,215467,11,9,2,10,3,4,1,0,0,38,39,0,0
101,41,4,184321,11,9,4,9,1,4,0,0,0,45,39,0,0
102,29,4,233194,11,9,0,7,4,4,1,0,0,42,39,0,0
103,35,4,141117,11,9,2,5,3,4,1,0,0,50,39,0,0
104,44,4,259732,11,9,4,2,1,4,0,0,0,35,39,0,0
105,22,4,192040,11,9,4,8,3,4,1,0,0,48,39,0,0
106,50,4,221087,11,9,2,12,0,4,1,0,0,60,39,0,0
107,25,4,151377,11,9,4,6,1,4,1,0,0,40,39,0,0
108,48,4,278592,11,9,4,5,2,4,1,0,0,45,39,0,0
109,39,4,238893,11,9,0,10,1,4,1,0,0,50,39,0,0
110,38,6,189321,11,9,2,5,0,4,1,0,0,42,39,0,0
111,47,2,143219,8,11,4,1,1,4,0,0,0,36,39,0,0
112,41,4,206831,11,9,2,3,0,3,1,0,0,41,26,0,0
113,56,4,191382,11,9,0,1,1,4,0,0,0,40,39,0,0
114,27,4,173951,11,9,2,8,0,4,1,0,0,38,39,0,0
115,51,4,240801,11,9,2,10,0,4,1,0,1873,40,39,1,0
116,19,4,48319,1,7,4,8,3,4,1,0,0,4,39,0,0
117,58,4,203118,2,8,6,7,2,4,0,0,0,49,39,0,0
118,44,6,185923,11,9,2,5,0,4,1,0,0,43,39,0,0
119,50,2,149839,8,11,4,1,1,4,0,0,0,37,39,0,0
120,58,6,285191,10,12,2,9,5,4,1,0,0,45,39,0,0
121,42,4,229943,14,11,1,11,0,4,0,0,0,50,39,1,0
122,38,2,198439,12,9,4,6,1,4,1,0,0,40,39,0,0
123,29,6,247562,16,12,2,10,5,4,0,0,0,45,39,0,0
124,55,4,173634,11,10,6,3,1,4,1,0,0,32,39,0,0
125,48,7,208491,15,11,2,1,0,4,0,0,0,40,39,0,0
126,31,2,197419,13,10,4,8,1,4,1,0,0,45,39,0,0
127,51,6,261095,12,12,1,11,5,4,0,0,0,50,39,1,0
128,62,4,184594,14,11,6,4,1,4,1,0,0,32,39,0,0
129,46,2,235689,16,12,2,9,5,4,0,0,0,45,39,0,0
130,43,4,183921,10,8,3,11,3,3,0,0,0,38,39,0,0
131,38,4,261395,12,10,1,9,2,4,1,0,0,42,39,1,0
132,58,4,394118,8,12,5,7,0,2,0,0,0,40,39,0,0
133,49,4,107229,9,9,4,13,1,4,1,0,0,45,39,1,0
134,32,4,495893,11,8,2,10,3,3,0,0,0,38,39,0,0
135,51,4,264501,10,9,1,12,0,4,1,0,0,42,39,1,0
136,40,4,183921,9,8,3,7,3,3,0,0,0,38,39,0,0
137,47,4,261395,12,10,1,9,2,4,1,0,0,42,39,1,0
138,56,4,394118,8,12,5,5,0,2,0,0,0,40,39,0,0
139,44,4,107229,9,9,4,13,1,4,1,0,0,45,39,1,0
140,38,4,234567,12,14,2,10,0,4,1,0,0,42,39,1,0
141,29,4,187654,11,9,4,5,3,4,0,0,0,45,39,0,0
142,44,4,291011,11,9,2,11,0,4,1,0,0,50,39,1,0
143,35,4,201234,11,9,2,9,0,4,1,0,0,35,39,0,0
144,55,7,90123,11,9,2,3,0,4,1,0,1485,40,39,1,0
145,48,6,312345,11,9,2,14,0,4,1,0,0,55,39,1,0
146,42,4,189765,11,9,5,9,1,2,0,0,0,48,27,0,0
147,60,4,70123,11,9,6,12,1,4,0,0,0,40,39,0,0
148,25,4,412345,11,9,4,6,3,4,1,0,0,38,39,0,0
149,32,5,156789,7,12,2,12,0,4,1,0,0,42,39,0,0
150,38,6,214563,10,10,2,9,0,4,1,0,0,45,39,0,0
151,29,4,123456,12,11,4,10,3,4,1,0,0,42,29,0,0
152,51,7,98765,9,13,6,13,1,4,0,0,0,40,39,1,0
153,22,4,45678,6,6,4,12,3,4,1,0,0,10,39,0,0
154,49,0,234567,11,9,2,0,0,4,1,0,0,40,39,0,0
155,36,4,345678,10,10,4,6,3,4,1,0,0,45,39,0,0
156,44,6,123456,9,13,6,14,1,4,0,0,0,40,39,1,0
157,19,4,98765,8,8,4,12,3,4,1,0,0,12,39,0,0
158,33,7,45678,11,9,4,11,3,4,1,1000,0,40,39,0,0
159,42,4,234567,7,12,4,12,1,4,1,0,0,48,39,0,0
160,45,3,123456,10,12,1,9,3,4,1,0,0,45,39,1,0
161,25,4,98765,8,11,4,7,2,1,0,0,0,30,13,0,0
162,58,2,65432,14,16,3,5,1,4,1,0,0,50,39,1,0
163,38,4,321098,9,13,2,11,0,4,0,0,0,40,17,0,0
164,29,6,87654,11,9,4,6,5,1,1,0,0,55,39,1,0
165,67,4,143209,12,14,1,8,3,4,0,0,0,20,39,0,0
166,22,3,76543,6,10,4,4,2,1,1,0,0,35,13,0,0
167,51,2,198765,15,10,2,13,0,4,0,0,0,60,39,1,0
168,44,4,97654,8,11,3,9,1,4,1,0,0,45,39,1,0
169,35,6,123098,10,12,2,7,5,1,0,0,0,50,17,0,0
170,38,4,219827,14,11,2,9,0,4,1,0,0,38,39,0,0
171,25,4,302191,12,10,4,5,3,4,0,0,0,32,2,0,0
172,49,4,143851,10,14,2,8,5,1,0,0,0,29,36,1,0
173,36,4,98421,16,12,2,6,0,4,1,0,0,42,39,0,0
174,70,2,245693,6,5,2,10,0,4,1,0,0,40,39,0,0
175,20,0,109231,7,6,4,0,3,2,1,0,0,40,39,0,0
176,43,4,208302,10,14,2,8,0,4,1,0,0,40,39,1,0
177,33,4,275982,16,12,2,3,0,4,1,0,0,40,39,0,0
178,22,7,151074,16,12,4,1,3,4,0,0,0,12,39,0,0
179,61,6,36915,12,9,2,13,0,4,1,0,0,50,39,0,0
180,42,4,183919,12,11,2,5,4,4,0,0,0,38,39,0,0
181,35,0,49281,13,8,4,2,1,4,1,0,0,42,39,0,0
182,58,7,213421,9,14,2,10,0,4,1,0,0,40,39,1,0
183,28,4,142191,15,10,4,1,3,2,0,0,0,32,39,0,0
184,49,2,281919,11,9,2,4,0,4,1,0,0,40,39,0,0
185,39,4,193421,10,16,2,10,0,4,1,0,0,25,39,0,0
186,54,6,221813,12,11,2,7,5,4,0,0,0,40,39,1,0
187,29,0,42191,9,13,4,12,1,4,1,0,1602,10,39,0,0
188,46,4,244813,14,15,2,10,0,4,1,0,1902,40,39,1,0
189,33,4,183919,11,9,2,5,4,4,0,0,0,38,39,0,0
190,51,7,83829,12,14,2,12,0,1,0,0,0,38,39,0,0
191,31,4,124187,10,8,0,14,4,4,1,0,1200,55,39,0,0
192,46,2,219843,11,9,2,10,0,4,1,0,0,42,39,1,0
193,50,4,64392,9,13,0,13,1,4,0,0,0,50,39,0,0
194,35,1,201419,14,15,4,10,1,4,0,0,0,60,39,1,0
195,44,4,292671,9,13,2,10,0,4,1,0,0,85,39,0,0
196,32,4,109951,9,13,2,4,0,4,1,0,0,45,39,1,0
197,48,5,251895,14,15,2,10,0,4,1,99999,0,35,39,1,0
198,28,4,103251,9,13,4,10,1,4,1,0,0,40,39,0,0
199,52,7,73929,12,14,2,12,0,1,0,0,0,39,39,0,0
200,51,3,124855,10,15,2,9,0,4,1,0,0,50,39,1,0
201,29,4,109281,12,11,4,7,1,4,1,0,0,40,39,0,0
202,56,2,81939,8,13,0,10,1,1,1,0,0,48,39,1,0
203,35,4,134444,9,14,2,4,0,4,1,0,0,60,39,1,0
204,49,5,74317,11,9,2,12,0,1,1,0,0,40,19,1,0
205,27,4,117987,15,10,2,1,0,4,1,0,0,40,39,0,0
206,46,1,63451,9,13,2,1,0,4,1,5013,0,45,39,0,0
207,54,3,104439,10,15,2,9,0,4,1,0,0,50,39,1,0
208,31,4,125469,12,11,4,7,1,4,1,0,0,40,39,0,0
209,58,2,89517,8,13,0,10,1,1,1,0,0,48,39,1,0
210,38,4,142129,10,14,4,2,3,4,1,0,0,40,39,0,0
211,29,5,104447,12,11,2,9,0,4,0,0,0,40,39,1,0
212,42,4,127201,9,13,4,1,4,2,1,0,0,40,39,0,0
213,55,4,163656,11,9,2,5,0,4,1,0,0,40,39,1,0
214,31,1,138421,15,10,4,8,3,1,0,0,0,20,40,0,0
215,48,4,150964,9,13,2,10,0,4,1,0,0,40,39,1,0
216,23,4,118899,11,9,4,6,4,4,1,0,0,40,39,0,0
217,50,5,145813,14,15,2,12,0,4,1,0,0,40,39,1,0
218,36,4,124129,9,13,4,3,3,4,0,0,0,40,39,0,0
219,41,1,149702,12,11,2,10,0,4,1,0,0,40,39,1,0
220,38,4,143051,10,14,1,8,0,1,1,0,0,45,39,0,0
221,51,6,195135,9,12,2,4,1,4,0,0,0,35,39,0,0
222,29,4,235194,1,6,4,3,3,2,1,0,0,50,39,0,0
223,42,4,175151,11,10,2,10,0,4,1,15024,0,40,39,1,0
224,55,6,185193,9,13,0,10,1,4,0,0,0,30,39,0,0
225,31,4,201424,2,8,4,4,3,4,1,0,0,45,39,0,0
226,46,4,150135,10,14,1,8,0,1,1,0,0,50,39,0,0
227,53,6,220011,9,12,2,4,1,4,0,0,0,35,39,0,0
228,35,4,190194,1,6,4,3,3,2,1,0,0,40,39,0,0
229,48,4,210135,11,10,2,10,0,4,1,15024,0,40,39,1,0
230,42,4,305456,10,14,3,6,1,4,0,0,0,35,39,0,0
231,28,7,193454,12,11,4,9,3,2,1,0,0,25,23,0,0
232,51,4,394567,9,13,2,5,0,4,0,0,0,45,39,0,0
233,38,4,287654,11,9,4,7,1,4,1,0,0,30,39,1,0
234,24,4,156782,15,10,4,2,3,4,0,0,0,20,39,0,0
235,49,4,321095,10,14,2,10,0,4,1,0,0,40,39,0,0
236,31,7,249876,12,11,4,8,1,2,0,0,0,35,23,0,0
237,44,4,368219,9,13,3,6,1,4,0,0,0,45,39,0,0
238,26,4,198754,15,10,4,1,3,4,1,0,0,25,39,0,0
239,53,4,412567,11,9,2,4,0,4,0,0,0,40,39,1,0
240,41,4,219483,12,10,2,5,0,4,1,0,0,45,39,1,0
241,29,4,137301,10,12,4,8,3,2,0,0,0,35,39,0,0
242,52,1,193575,13,14,2,2,0,4,1,0,0,48,39,1,0
243,38,4,282011,11,9,2,6,0,4,1,0,0,42,39,1,0
244,50,4,158217,9,13,2,11,0,4,1,0,0,40,39,1,0
245,33,2,249201,12,10,2,1,5,4,0,0,0,38,39,1,0
246,59,4,179409,10,16,2,10,0,4,1,0,0,40,39,1,0
247,44,4,207689,11,9,2,7,0,4,1,0,0,45,39,1,0
248,25,4,117093,11,9,4,1,3,2,0,0,0,40,39,0,0
249,49,1,263199,14,15,2,10,0,4,1,0,0,50,39,1,0
250,29,4,134419,10,8,2,7,0,4,1,0,0,45,39,0,0
251,41,4,291854,12,10,4,9,3,4,1,0,0,35,39,0,0
252,27,4,220924,9,13,2,11,0,4,1,0,0,55,39,1,0
253,36,4,168342,11,9,2,3,0,4,1,0,0,40,39,0,0
254,49,4,306439,10,8,4,8,3,4,1,0,0,30,26,0,0
255,55,2,239855,11,9,2,4,0,4,1,0,0,65,39,0,0
256,32,4,198479,9,13,2,12,0,2,1,0,0,95,39,1,0
257,26,4,274919,11,9,2,5,0,4,1,0,0,50,39,0,0
258,35,6,49341,11,9,2,5,5,4,0,0,2191,15,39,0,0
259,33,4,169369,11,9,4,10,3,4,1,0,0,40,39,0,0
260,38,4,284171,10,8,3,9,1,4,1,0,0,45,39,0,0
261,42,4,457821,12,15,1,5,0,4,1,0,0,50,7,1,0
262,29,4,93471,11,9,5,11,1,4,1,0,0,55,39,0,0
263,35,4,192021,9,13,2,3,0,4,1,0,0,40,39,0,0
264,31,4,412562,11,9,2,7,0,4,1,0,0,44,39,0,0
265,40,4,502813,15,10,4,8,3,4,1,0,0,50,39,0,0
266,28,7,246469,9,13,4,10,1,4,1,0,0,30,39,0,0
267,44,4,275191,9,13,4,10,1,4,1,0,0,40,39,1,0
268,51,4,173059,6,5,6,7,4,4,0,0,0,40,39,0,0
269,33,4,140492,11,9,0,6,1,4,1,0,0,40,39,0,0
270,39,4,211145,10,8,2,5,3,4,1,0,0,45,39,1,0
271,29,4,261110,12,11,0,2,4,4,0,0,0,35,12,0,0
272,48,4,193021,9,13,5,1,0,4,1,4064,0,60,39,1,0
273,35,4,285144,15,10,2,6,3,2,1,0,0,50,39,0,0
274,42,4,168130,11,9,4,8,4,4,0,0,0,40,39,1,0
275,26,4,302144,15,10,2,3,0,4,1,14344,0,55,12,0,0
276,31,4,246110,10,8,0,12,3,4,0,0,0,45,39,1,0
277,45,4,181145,9,13,5,5,4,2,1,4064,0,60,39,1,0
278,24,4,275144,12,11,2,1,0,4,0,0,0,35,12,0,0
279,36,4,297021,11,9,4,6,3,4,1,0,0,50,39,1,0
280,43,7,282142,13,11,1,9,2,4,1,0,0,45,39,0,0
281,58,4,123421,9,13,3,11,4,4,0,0,0,35,39,1,0
282,29,4,219813,15,10,2,5,0,4,1,0,0,40,39,0,0
283,41,7,308421,11,9,2,8,5,4,0,0,0,30,39,0,0
284,34,4,193427,7,12,2,10,0,4,1,0,0,40,39,0,0
285,25,4,264138,7,12,2,3,0,4,1,0,0,40,39,0,0
286,55,4,145428,11,9,2,3,0,4,1,0,0,40,39,0,0
287,36,4,95154,15,10,2,13,0,4,1,0,0,20,39,0,0
288,32,4,322667,15,10,2,3,0,4,1,0,0,40,39,0,0
289,28,4,158298,11,9,4,4,1,4,0,0,0,50,39,0,0
290,58,4,284191,10,8,2,5,0,4,1,0,0,45,39,0,0
291,25,4,193485,12,9,4,2,1,2,0,0,0,40,39,0,0
292,49,4,235421,11,9,2,10,0,4,1,0,0,50,39,1,0
293,31,1,316823,9,13,4,11,1,2,0,0,0,40,39,0,0
294,44,4,208910,6,5,0,7,1,4,1,0,0,45,39,0,0
295,67,5,289375,15,10,2,12,0,4,1,0,0,40,39,0,0
296,35,4,243598,15,10,4,3,1,4,0,0,0,40,39,0,0
297,26,4,221421,11,9,2,6,0,4,1,0,0,35,39,0,0
298,50,4,195378,11,9,4,1,3,4,0,0,0,50,39,0,0
299,38,4,270429,9,13,4,13,1,2,0,0,0,40,39,0,0
300,38,4,182109,12,10,5,6,1,4,0,0,0,40,39,0,0
301,29,4,191919,11,9,4,5,0,2,1,0,0,40,39,0,0
302,50,0,402402,13,11,2,2,0,4,1,0,0,45,39,1,0
303,35,4,163177,15,10,0,9,4,4,0,0,0,50,39,0,0
304,44,4,201020,11,9,5,7,1,4,0,0,0,40,39,0,0
305,26,7,18106,8,13,4,1,1,4,0,0,0,40,11,0,0
306,48,4,219784,12,10,2,10,0,4,1,0,0,40,39,1,0
307,39,4,167510,15,10,0,4,4,4,0,3942,0,55,39,0,0
308,32,4,198198,11,9,4,8,1,4,0,0,0,40,39,0,0
309,46,0,384384,13,11,2,0,0,4,1,0,0,50,39,1,0
310,27,4,29123,10,14,3,9,2,4,1,0,0,42,39,0,0
311,50,1,123456,12,16,1,5,0,4,0,1000,0,48,39,1,0
312,31,2,65432,11,15,4,7,3,4,1,0,100,38,39,0,0
313,42,4,98765,9,12,2,11,1,4,0,500,0,45,39,1,0
314,35,4,43219,13,17,0,6,4,4,1,0,200,40,39,0,0
315,28,1,76543,8,10,3,9,2,4,0,0,0,42,39,0,0
316,49,4,21345,14,18,1,5,0,4,1,2000,0,50,39,1,0
317,24,2,98765,10,14,4,7,3,4,0,0,50,38,39,0,0
318,38,4,54321,12,16,2,11,1,4,1,1000,0,45,39,1,0
319,45,1,32198,9,13,0,6,4,4,0,0,100,40,39,0,0
320,49,4,283651,13,11,2,10,0,4,1,0,0,45,39,1,0
321,28,4,201942,14,12,4,5,3,3,0,0,0,38,39,0,0
322,44,7,245678,11,9,0,12,4,4,0,0,0,42,39,1,0
323,62,4,178654,10,8,2,3,0,4,1,0,0,50,39,0,0
324,35,4,302135,15,10,2,7,0,4,1,0,0,55,39,1,0
325,58,6,259812,12,14,2,10,4,1,1,0,0,60,39,0,0
326,46,4,221489,13,11,4,5,3,3,0,0,0,48,39,1,0
327,26,4,192831,14,12,2,12,0,4,1,0,0,40,39,0,0
328,51,7,278942,11,9,0,3,4,4,0,0,0,50,39,1,0
329,68,4,238421,10,8,2,7,0,4,1,0,0,45,39,0,0
330,58,2,182736,10,12,2,10,0,4,1,7362,0,48,39,0,0
331,39,1,134661,12,8,2,9,0,2,1,0,0,42,39,0,0
332,49,6,103940,11,9,2,5,0,4,1,0,0,55,39,0,0
333,62,4,203854,9,13,2,12,0,4,1,0,0,45,39,0,0
334,36,6,143491,10,12,2,4,0,4,1,0,0,52,39,0,0
335,54,2,191921,11,9,2,8,0,4,1,0,0,40,39,0,0
336,41,4,169225,12,8,2,3,1,2,1,0,0,44,39,0,0
337,51,4,205637,9,13,2,12,0,4,1,0,0,50,39,0,0
338,67,4,213464,11,9,6,1,1,4,0,0,0,15,39,0,0
339,29,4,184536,9,13,2,12,0,4,1,0,0,38,39,1,0
340,42,5,41256,12,10,3,9,5,1,1,0,0,60,39,0,0
341,35,3,28319,13,11,1,6,3,0,0,0,0,50,10,1,0
342,29,2,19223,14,12,4,11,2,2,1,0,0,30,39,0,0
343,40,6,41987,16,11,2,5,1,4,0,0,0,70,39,1,0
344,25,4,32198,12,10,5,8,4,1,1,0,0,45,39,0,0
345,38,5,49382,15,10,3,10,0,4,0,0,0,55,10,1,0
346,32,3,23419,11,9,1,7,5,0,1,0,0,35,39,0,0
347,45,6,49823,14,12,2,9,3,2,0,0,0,65,39,1,0
348,27,4,39123,13,11,4,6,2,1,1,0,0,40,39,0,0
349,36,5,46382,16,11,3,11,1,4,0,0,0,60,10,1,0
350,38,3,123456,10,8,1,11,0,3,1,0,0,50,40,0,0
351,29,5,98765,12,11,3,9,1,1,0,0,0,45,38,1,0
352,46,2,234567,9,12,0,10,0,4,1,0,0,55,41,0,0
353,39,4,145678,11,9,2,7,0,2,1,0,0,52,39,0,0
354,31,6,189012,10,8,1,13,1,3,0,0,0,48,42,1,0
355,44,3,278943,12,11,3,8,0,1,1,0,0,58,36,0,0
356,37,5,167890,9,12,0,5,1,4,0,0,0,50,39,0,0
357,40,4,249012,11,9,2,12,0,2,1,0,0,52,41,0,0
358,36,2,198765,10,8,1,9,1,3,0,0,0,48,38,1,0
359,45,6,312345,12,11,3,11,0,1,1,0,0,55,42,0,0
360,31,4,201911,10,7,3,5,2,3,1,0,0,45,24,0,0
361,45,4,282115,8,11,1,9,3,1,0,0,0,38,17,1,0
362,29,4,245632,12,8,4,6,1,4,1,0,0,42,31,0,0
363,41,4,191479,9,12,2,11,4,2,0,0,0,35,22,0,0
364,49,4,219847,7,10,5,3,2,3,1,0,0,48,20,0,0
365,36,4,261191,14,9,4,8,1,1,0,0,0,40,25,0,0
366,52,4,305419,5,6,3,10,3,4,1,0,0,30,28,0,0
367,44,4,275811,13,11,1,2,4,2,0,0,0,50,18,1,0
368,38,4,231419,6,7,4,13,2,3,1,0,0,45,23,0,0
369,50,4,294175,10,8,2,5,1,1,0,0,0,38,21,0,0
370,38,4,193467,10,8,2,6,0,4,1,0,0,60,39,1,0
371,29,1,123456,12,11,4,9,3,4,0,0,0,50,39,0,0
372,65,6,278912,8,6,2,11,5,4,1,0,0,30,39,1,0
373,22,7,98765,16,12,4,2,3,4,0,0,0,20,39,0,0
374,49,4,156789,14,16,2,7,0,4,1,0,0,55,39,0,0
375,35,1,145678,11,9,4,1,3,4,0,0,0,45,39,0,0
376,61,6,234567,7,5,2,10,5,4,1,0,0,25,39,1,0
377,42,4,167890,13,15,2,8,0,4,0,0,0,60,39,0,0
378,25,7,109876,9,7,4,4,3,4,1,0,0,40,39,0,0
379,56,1,201234,10,8,2,6,0,4,0,0,0,35,39,1,0
380,58,4,419921,10,12,2,11,0,4,1,0,0,40,39,0,0
381,24,4,181361,14,10,4,2,1,4,0,0,0,38,39,0,0
382,49,4,74219,8,7,3,9,4,4,1,0,0,45,39,0,0
383,62,4,194191,12,13,2,6,0,4,0,0,0,40,39,1,0
384,41,4,162621,9,11,2,5,0,4,1,0,0,42,39,0,0
385,70,0,73193,5,4,6,0,2,4,0,0,0,20,31,0,0
386,34,4,421813,11,9,4,8,3,4,1,0,0,35,39,0,0
387,44,4,163691,13,10,2,12,0,4,1,0,0,40,39,1,0
388,27,4,181361,10,12,4,3,1,4,0,0,0,38,39,0,0
389,67,4,419921,9,11,2,14,0,4,1,0,0,40,39,1,0
390,38,2,145678,10,14,3,9,2,3,1,0,0,42,38,0,0
391,55,3,213456,8,12,1,5,5,1,0,0,0,38,40,1,0
392,32,1,98765,12,16,4,11,3,2,1,0,0,48,39,0,0
393,41,5,167890,9,13,2,6,1,4,0,0,0,40,30,1,0
394,28,4,219876,11,9,5,8,4,3,1,0,0,45,39,0,0
395,63,6,109876,10,14,3,12,0,1,0,0,0,50,38,0,0
396,49,2,156789,8,12,1,10,2,4,1,0,0,42,40,1,0
397,35,3,198765,12,16,4,5,5,2,0,0,0,38,39,0,0
398,59,1,278943,9,13,2,6,1,3,1,0,0,40,30,1,0
399,25,4,349012,11,9,5,8,4,1,0,0,0,45,39,0,0
400,38,2,245632,8,11,4,11,1,4,1,0,0,42,39,0,0
401,29,4,182419,13,15,2,9,0,4,0,0,0,38,39,1,0
402,49,2,201943,10,12,4,13,4,4,1,0,0,45,39,0,0
403,35,4,259219,11,14,2,7,0,4,1,0,0,50,39,1,0
404,26,4,151851,9,13,4,6,3,4,0,0,0,32,39,0,0
405,43,2,221419,12,15,2,5,5,4,0,0,0,40,39,1,0
406,52,4,193021,7,10,4,10,1,4,1,0,0,48,39,0,0
407,31,4,270194,14,16,2,2,0,4,0,0,0,36,39,1,0
408,46,2,162331,11,13,4,12,4,4,1,0,0,42,39,0,0
409,39,4,243902,8,11,2,11,0,4,0,0,0,40,39,1,0
410,41,4,192110,12,8,3,9,1,4,1,0,0,45,39,1,0
411,28,5,411011,10,14,1,3,0,4,0,0,0,35,39,0,0
412,52,6,275644,16,12,5,11,1,4,1,10000,0,40,39,1,0
413,38,4,148464,9,13,0,5,1,4,1,0,0,40,39,0,0
414,59,5,349551,14,11,2,8,0,4,0,0,0,30,39,0,0
415,46,4,201499,11,9,4,12,1,4,1,0,0,50,39,1,0
416,34,7,482121,15,10,2,10,5,2,1,0,0,40,39,0,0
417,29,4,261111,8,11,3,6,1,4,0,5000,0,55,39,1,0
418,55,4,118529,13,7,6,13,1,4,0,0,0,20,39,0,0
419,44,5,291111,10,14,1,3,0,4,1,0,0,35,39,0,0
420,38,4,192111,10,10,2,12,1,4,1,0,0,45,39,0,0
421,41,4,201234,9,12,4,11,0,4,0,1234,0,40,22,1,0
422,48,4,184321,11,9,2,9,5,4,0,0,0,40,39,0,0
423,64,4,206789,1,6,2,2,0,4,1,0,0,25,39,0,0
424,39,4,219876,11,9,2,8,0,4,1,2345,0,50,39,0,0
425,47,4,191234,4,3,2,4,5,4,0,0,0,45,22,0,0
426,44,4,208765,12,14,4,10,1,4,0,0,0,40,39,0,0
427,33,4,189012,9,13,4,5,1,4,1,0,0,55,39,0,0
428,34,2,345678,7,12,2,3,0,4,1,0,0,40,39,1,0
429,58,4,175432,11,9,2,14,0,4,1,0,1987,40,39,1,0
430,25,4,74321,10,8,3,9,2,3,1,0,0,42,38,0,0
431,38,3,118921,12,11,1,6,4,2,0,0,0,38,40,1,0
432,49,5,215191,9,7,4,13,1,1,1,0,0,46,39,0,0
433,22,4,49219,13,12,2,5,3,4,1,0,0,39,11,0,0
434,35,2,80123,10,8,0,4,4,3,0,0,0,41,38,1,0
435,48,4,134931,11,9,4,10,0,4,1,0,0,44,39,0,0
436,29,4,107423,15,10,3,12,1,1,1,0,0,40,39,0,0
437,40,5,187395,11,9,4,8,2,4,1,0,0,43,39,1,0
438,31,4,64321,12,11,2,3,0,2,1,0,0,39,39,0,0
439,45,4,145921,10,8,4,7,3,4,1,0,0,42,39,0,0
440,27,4,185421,9,13,2,6,1,4,1,0,0,45,39,0,0
441,38,4,250321,11,9,0,10,4,4,0,0,0,35,39,0,0
442,41,6,170198,9,13,2,4,0,4,1,14000,0,40,39,1,0
443,22,4,150000,1,7,4,8,1,2,1,0,0,40,39,0,0
444,51,4,220000,15,10,2,3,0,4,1,0,0,40,39,0,0
445,29,4,190000,9,13,0,10,1,4,1,0,0,40,39,1,0
446,46,4,240000,9,13,3,14,4,4,1,0,0,30,4,0,0
447,25,4,160000,9,13,4,4,1,4,1,0,0,40,39,0,0
448,39,4,280000,11,9,0,6,4,4,0,0,0,35,39,0,0
449,58,4,210000,15,10,2,4,0,4,1,0,0,10,39,0,0
450,42,3,183921,10,8,3,5,2,3,1,0,0,45,39,0,0
451,28,6,249351,12,10,5,8,1,2,0,0,0,35,39,0,0
452,39,4,198321,9,7,4,2,3,4,1,0,0,42,39,0,0
453,55,1,123456,13,12,2,11,0,3,0,0,0,30,39,0,0
454,22,4,176321,16,11,4,6,2,2,0,0,0,25,39,0,0
455,48,4,219876,6,5,4,13,1,4,1,0,0,50,33,0,0
456,31,4,192456,10,8,5,3,3,3,0,0,0,40,39,0,0
457,44,3,206789,11,9,3,10,2,4,1,0,0,45,39,0,0
458,29,6,231456,14,13,5,9,1,2,0,0,0,35,39,0,0
459,52,1,145678,8,6,2,4,0,3,0,0,0,30,39,0,0
460,51,2,219898,10,8,2,6,0,4,1,0,0,42,39,0,0
461,28,4,129098,12,13,4,2,1,4,0,0,0,38,39,1,0
462,46,6,305501,9,12,2,11,0,4,1,0,0,48,39,0,0
463,39,4,183091,8,10,2,5,2,4,0,0,0,44,39,0,0
464,53,2,291010,1,6,2,9,0,4,1,0,0,90,39,0,0
465,31,4,401211,0,5,2,3,0,4,1,0,0,36,26,0,0
466,48,6,108501,11,9,2,8,5,4,0,0,0,10,0,0,0
467,26,7,143091,12,14,4,4,1,4,1,0,0,40,39,0,0
468,43,4,156740,8,11,2,13,0,4,1,0,0,46,39,0,0
469,52,2,269898,10,8,2,6,0,4,1,0,0,40,39,0,0
470,38,4,143942,10,8,2,6,0,4,1,0,0,45,39,0,0
471,42,1,201341,12,9,4,5,4,4,0,0,0,50,39,1,0
472,25,4,123456,14,11,2,3,0,4,1,0,0,40,39,0,0
473,58,0,182739,11,9,2,0,0,4,1,0,0,40,39,0,0
474,48,7,156201,16,11,2,8,0,4,1,0,0,70,39,1,0
475,22,0,302456,15,10,4,0,1,4,0,0,0,35,39,0,0
476,36,1,192716,2,8,2,2,0,4,1,0,0,40,39,0,0
477,27,4,117108,15,10,2,1,0,0,1,0,0,40,39,0,0
478,32,5,266362,9,13,2,12,0,4,1,3908,0,50,39,0,0
479,35,4,241826,5,4,2,7,0,4,1,0,0,40,26,0,0
480,38,5,215421,10,14,3,9,1,4,1,0,0,45,39,1,0
481,29,4,284671,12,11,2,10,0,4,0,0,0,35,39,0,0
482,42,1,193021,9,13,4,5,3,4,1,0,0,40,39,0,0
483,55,4,246315,15,10,2,12,0,4,1,0,0,50,39,1,0
484,31,5,301563,11,9,3,8,1,4,0,0,0,40,39,0,0
485,26,4,261421,10,14,2,9,0,4,1,0,0,35,39,0,0
486,44,1,225982,12,11,4,10,3,4,0,0,0,45,39,0,0
487,51,4,278315,9,13,2,5,0,4,1,0,0,50,39,1,0
488,36,5,232563,15,10,3,12,1,4,0,0,0,40,39,0,0
489,59,4,291421,11,9,2,8,0,4,1,0,0,45,39,0,0
490,45,4,287194,12,9,2,6,0,4,1,0,0,42,39,1,0
491,29,7,149892,11,10,4,10,1,4,1,0,0,38,39,0,0
492,38,4,214987,15,10,2,1,5,4,1,0,0,40,39,1,0
493,54,6,302187,9,13,2,3,0,4,1,0,0,45,39,1,0
494,49,7,167982,12,9,2,10,0,4,1,0,0,42,2,1,0
495,25,4,125943,11,10,4,6,1,2,0,0,0,35,14,0,0
496,32,4,201134,5,4,5,3,5,4,1,0,0,40,39,0,0
497,59,4,349817,15,10,2,1,5,4,0,9386,0,40,39,1,0
498,42,7,191982,9,13,4,10,3,4,1,6849,0,40,39,0,0
499,36,4,175943,15,10,2,12,0,4,1,0,0,45,39,1,0
0,24,4,162958,7,12,4,10,1,4,1,0,1980,50,39,0,1
1,49,4,129640,11,9,4,8,1,4,0,0,0,40,39,0,1
2,34,0,268127,2,8,5,0,4,2,0,0,0,40,39,0,1
3,22,6,269474,11,9,4,5,3,4,1,0,0,40,39,0,1
4,55,7,157639,15,10,2,11,0,4,1,0,0,40,39,1,1
5,20,4,115057,11,9,4,3,1,4,1,0,0,40,39,0,1
6,51,4,122109,9,13,0,4,4,4,0,0,0,50,39,0,1
7,41,2,174491,11,9,5,8,4,2,0,0,0,40,39,0,1
8,63,4,208862,11,9,4,3,1,4,1,0,0,40,39,0,1
9,40,4,109217,1,7,2,3,0,4,1,0,0,45,26,0,1
10,17,4,114420,1,7,4,12,3,4,0,0,0,30,39,0,1
11,36,4,51100,15,10,2,3,0,4,1,0,0,40,39,0,1
12,40,4,155767,11,9,5,7,4,4,1,0,0,40,39,0,1
13,44,4,403782,8,11,0,12,1,4,1,0,0,45,39,0,1
14,40,4,196344,11,9,2,3,0,4,1,0,1887,45,39,1,1
15,41,4,142717,15,10,0,13,4,2,0,0,0,36,39,0,1
16,55,4,50164,10,16,2,4,0,4,1,0,0,60,39,1,1
17,23,4,300275,11,9,4,12,1,4,1,0,0,48,39,0,1
18,47,4,104068,11,9,0,10,4,0,0,0,0,40,39,0,1
19,50,4,135339,2,8,2,12,0,1,1,0,0,40,1,1,1
20,28,4,66473,11,9,2,7,0,4,1,0,0,40,39,0,1
21,26,0,370727,9,13,2,0,5,4,0,0,1977,40,39,1,1
22,21,4,96844,15,10,4,1,1,4,0,0,0,20,39,0,1
23,66,4,313255,15,10,2,12,0,4,1,0,0,24,39,0,1
24,38,6,182416,11,9,4,12,4,2,0,0,0,42,39,0,1
25,42,4,282964,9,13,0,4,4,4,0,0,0,40,39,0,1
26,45,4,34419,15,10,2,4,0,4,1,7298,0,40,39,1,1
27,18,0,202516,11,9,4,0,3,4,0,0,0,35,39,0,1
28,47,4,184579,15,10,2,13,0,4,1,0,0,60,39,0,1
29,44,4,197389,11,9,3,7,4,4,0,0,0,40,39,0,1
30,35,7,210866,11,9,2,8,0,4,1,0,0,40,39,0,1
31,37,4,167613,11,9,2,8,0,4,1,0,0,40,39,0,1
32,49,4,177211,9,13,2,8,0,4,1,0,0,40,39,0,1
33,41,6,198196,14,15,2,10,0,4,1,15024,0,50,39,1,1
34,50,4,173630,11,9,0,12,1,4,1,0,0,60,39,0,1
35,19,6,215493,11,9,4,13,3,4,1,0,0,20,39,0,1
36,63,2,114752,9,13,6,1,4,1,0,0,0,35,30,0,1
37,42,4,255847,11,9,2,7,0,4,1,4386,0,48,39,1,1
38,22,0,34616,15,10,4,0,3,4,0,0,0,20,39,0,1
39,18,4,444822,1,7,4,12,3,4,0,0,0,8,26,0,1
40,26,4,284343,11,9,4,7,1,4,1,0,0,40,39,0,1
41,40,4,301359,15,10,2,10,0,4,1,0,0,60,39,0,1
42,67,0,34122,4,3,2,0,0,4,1,0,0,40,39,0,1
43,18,4,418176,15,10,4,4,1,2,1,0,0,40,39,0,1
44,54,4,308087,15,10,2,13,0,4,1,0,1977,18,39,1,1
45,32,6,180303,9,13,0,3,4,1,1,0,0,47,20,0,1
46,41,4,136419,7,12,2,13,0,4,1,0,0,75,39,1,1
47,27,4,104993,11,9,4,12,3,2,1,0,0,40,39,0,1
48,27,5,120126,6,5,4,3,3,4,1,0,0,40,39,0,1
49,75,4,239038,15,10,2,14,0,4,1,0,0,16,39,0,1
50,32,4,169240,11,9,0,7,1,4,0,0,0,38,39,0,1
51,22,4,114357,15,10,4,8,1,4,1,0,0,35,39,0,1
52,47,2,287320,12,14,4,10,1,4,1,0,0,40,39,0,1
53,38,4,58108,9,13,2,4,0,4,1,0,0,50,39,1,1
54,35,4,182467,8,11,2,3,5,4,0,0,0,44,39,0,1
55,47,6,149218,11,9,2,3,0,4,1,0,0,35,39,0,1
56,50,4,192203,1,7,2,14,0,4,1,0,0,40,39,0,1
57,56,4,444089,1,7,0,12,1,4,0,0,0,40,39,0,1
58,53,4,308082,13,1,4,8,1,4,0,0,0,15,8,0,1
59,59,4,184553,11,9,2,6,0,4,1,0,0,45,39,0,1
60,43,5,198316,9,13,2,4,0,4,1,0,0,50,39,1,1
61,42,4,33155,11,9,2,7,0,4,1,0,0,45,39,0,1
62,51,4,190762,3,2,6,3,1,4,1,0,0,40,26,0,1
63,50,2,283314,7,12,2,11,0,4,1,0,1977,40,39,1,1
64,17,4,310885,5,4,4,8,3,4,1,0,0,36,26,0,1
65,59,4,193375,12,14,2,10,5,4,0,0,0,10,39,0,1
66,33,4,252708,2,8,4,12,2,4,0,0,0,40,26,0,1
67,48,2,145886,9,13,0,10,4,4,0,0,0,60,39,0,1
68,20,4,41356,15,10,4,1,1,4,0,0,0,25,39,0,1
69,45,4,226081,8,11,2,3,0,4,1,0,0,40,39,1,1
70,21,4,273403,8,11,4,8,1,4,0,0,0,50,39,0,1
71,29,4,54932,15,10,0,3,4,4,1,0,0,35,39,1,1
72,34,4,180714,15,10,2,14,0,2,1,0,2179,40,39,0,1
73,43,4,206878,11,9,4,1,4,4,0,0,0,60,39,0,1
74,37,4,278576,11,9,2,7,0,4,1,0,0,60,39,1,1
75,40,4,115331,11,9,2,14,0,4,1,0,0,35,39,0,1
76,48,4,219565,11,9,2,3,0,4,1,0,0,40,39,0,1
77,31,4,201122,9,13,2,12,0,4,1,0,1902,45,39,1,1
78,56,4,213105,11,9,2,12,0,4,1,0,0,36,39,1,1
79,48,5,51579,9,13,2,4,0,4,1,0,0,60,39,1,1
80,22,4,374116,11,9,4,12,4,4,0,0,0,35,39,0,1
81,40,4,104196,9,13,2,10,0,4,1,0,1887,40,39,1,1
82,35,5,187693,7,12,2,3,0,4,1,0,0,80,39,1,1
83,28,4,86268,11,9,4,4,3,4,0,0,0,40,39,0,1
84,25,4,153932,1,7,2,3,3,4,1,2580,0,30,39,0,1
85,32,4,147654,11,9,2,3,0,4,1,0,1902,40,39,1,1
86,45,2,93535,12,14,0,10,4,4,0,0,0,40,39,0,1
87,50,4,27432,9,13,2,10,0,4,1,0,0,30,39,0,1
88,50,4,213296,15,10,2,3,0,4,1,0,0,48,39,1,1
89,61,4,119684,11,9,2,8,0,4,1,0,0,50,39,0,1
90,53,2,175897,11,9,2,3,0,4,1,0,0,40,39,0,1
91,46,4,214955,7,12,0,10,4,4,0,0,0,40,39,0,1
92,22,4,163519,15,10,4,6,3,4,1,0,0,25,39,0,1
93,58,6,49884,11,9,2,5,0,4,1,0,0,50,39,0,1
94,36,4,296999,15,10,0,3,1,4,0,0,0,37,39,0,1
95,21,4,180690,15,10,4,8,3,4,1,0,0,40,39,0,1
96,31,6,113752,15,10,2,3,0,4,1,0,0,50,39,0,1
97,48,4,164984,11,9,2,10,0,4,1,0,0,40,39,1,1
98,54,4,231482,9,13,2,4,0,4,1,0,0,40,39,0,1
99,41,7,110556,12,14,2,4,5,2,0,0,0,40,39,0,1
100,26,7,272986,7,12,4,1,3,2,0,0,0,8,39,0,1
101,20,4,138768,11,9,4,6,3,4,1,0,0,40,39,0,1
102,36,4,104772,11,9,0,3,4,4,1,0,0,48,39,0,1
103,61,6,45795,11,9,2,1,5,4,0,0,0,36,39,0,1
104,20,4,200967,11,9,4,8,3,4,0,0,0,30,39,0,1
105,18,4,336523,2,8,4,8,2,2,1,0,0,20,39,0,1
106,40,4,307767,11,9,2,12,0,4,1,0,0,60,39,0,1
107,30,4,103596,11,9,4,11,1,4,1,0,0,99,39,0,1
108,46,4,194431,11,9,4,13,2,4,1,0,0,40,39,0,1
109,38,4,161141,11,9,0,14,1,4,1,0,0,40,39,0,1
110,35,4,198841,11,9,2,5,0,4,1,0,0,40,39,0,1
111,49,6,233059,11,9,2,3,0,4,1,0,0,60,39,0,1
112,43,2,169203,8,11,4,1,1,4,0,0,0,35,39,0,1
113,36,2,130620,11,9,2,1,5,1,0,0,0,40,3,1,1
114,43,4,245487,11,9,2,3,0,3,1,0,0,40,26,0,1
115,53,4,195638,11,9,0,1,1,4,0,0,0,40,39,0,1
116,24,4,165474,11,9,2,8,0,4,1,0,0,39,39,0,1
117,54,4,236157,11,9,2,10,0,4,1,0,1887,40,39,1,1
118,17,4,46496,1,7,4,8,3,4,1,0,0,5,39,0,1
119,59,4,201159,2,8,6,7,2,4,0,0,0,48,39,0,1
120,24,4,165054,8,11,2,3,0,4,1,0,0,40,39,0,1
121,44,6,270495,15,10,2,8,5,4,0,0,0,50,39,0,1
122,19,4,38619,1,7,4,7,1,4,1,0,0,10,39,0,1
123,43,6,204235,9,13,2,12,0,4,1,0,0,50,39,1,1
124,40,6,26892,9,13,1,10,0,4,1,7298,0,50,39,1,1
125,63,7,216871,15,10,2,1,0,4,1,0,1740,40,39,0,1
126,60,4,140516,15,10,6,4,1,4,0,0,0,40,39,0,1
127,34,2,143699,15,10,2,8,5,4,0,0,0,40,39,0,1
128,57,4,173090,11,9,6,12,4,4,0,0,0,32,39,0,1
129,33,4,156464,0,6,4,5,1,4,1,0,0,40,39,0,1
130,50,4,112873,9,13,2,12,0,4,1,0,0,40,39,0,1
131,34,4,157165,15,10,0,8,4,4,0,0,0,40,39,0,1
132,52,4,157413,3,2,0,5,1,2,1,0,0,40,39,0,1
133,31,4,595000,11,9,4,6,2,2,0,0,0,35,39,0,1
134,48,4,138970,9,13,2,4,0,4,1,0,0,45,39,1,1
135,54,4,153486,11,9,0,14,1,4,1,0,0,56,39,1,1
136,41,4,239683,0,6,2,3,0,4,1,0,0,30,0,0,1
137,41,4,29591,8,11,4,3,1,4,1,0,0,42,39,0,1
138,35,4,422933,9,13,4,8,1,4,1,0,0,37,39,0,1
139,55,4,66356,11,9,5,6,4,4,1,0,0,40,39,0,1
140,41,4,198196,12,14,2,4,0,4,1,0,0,45,39,1,1
141,27,4,212622,12,14,4,4,3,4,0,0,0,40,39,0,1
142,31,4,323055,11,9,2,14,0,4,1,0,0,50,39,1,1
143,40,4,193995,11,9,2,8,0,4,1,0,0,30,39,0,1
144,50,7,78923,11,9,2,3,0,4,1,0,1485,40,39,1,1
145,51,6,323963,11,9,2,14,0,4,1,0,0,60,39,1,1
146,47,4,200734,11,9,5,9,1,2,0,0,0,50,27,0,1
147,62,4,65868,11,9,6,12,1,4,0,0,0,43,39,0,1
148,20,4,479296,11,9,4,6,3,4,1,0,0,40,39,0,1
149,31,5,136402,7,12,2,12,0,4,1,0,0,40,39,0,1
150,41,4,67339,9,13,2,7,0,4,1,0,0,40,0,0,1
151,35,6,32528,11,9,2,14,0,4,1,0,0,50,39,0,1
152,31,4,284395,9,13,2,12,0,4,1,0,0,40,39,0,1
153,41,4,176452,11,9,4,8,3,4,1,0,0,40,29,0,1
154,63,0,150389,9,13,6,0,1,4,0,0,0,40,39,1,1
155,17,4,46402,5,4,4,12,3,4,1,0,0,8,39,0,1
156,27,4,59068,11,9,2,6,0,4,1,0,0,40,39,0,1
157,28,4,166634,11,9,4,1,3,0,0,0,0,40,39,0,1
158,27,7,192257,11,9,4,11,3,4,1,2174,0,40,39,0,1
159,25,4,235795,7,12,4,12,1,4,1,0,0,48,39,0,1
160,19,4,197748,1,7,0,12,4,4,0,0,0,20,39,0,1
161,41,4,104196,12,14,2,4,0,4,1,0,0,50,39,1,1
162,27,4,587310,5,4,4,8,2,4,1,0,0,35,13,0,1
163,71,4,77253,11,9,4,6,1,4,1,0,0,17,39,0,1
164,28,4,330466,9,13,4,10,1,1,1,0,0,40,17,0,1
165,30,6,96480,12,14,2,10,5,4,0,0,0,60,39,1,1
166,31,2,190401,12,14,2,10,0,4,1,0,0,40,39,0,1
167,62,4,199021,11,9,3,3,1,4,1,0,0,54,39,0,1
168,42,4,139126,15,10,2,13,0,4,1,0,0,40,39,1,1
169,49,1,195437,7,12,2,1,0,4,1,0,0,60,39,1,1
170,28,4,188064,11,9,2,3,0,4,1,0,0,35,2,0,1
171,23,4,267471,2,8,4,12,3,4,0,0,0,25,39,0,1
172,42,4,157443,9,13,2,10,5,1,0,0,0,27,36,1,1
173,34,4,106541,15,10,2,7,0,4,1,0,0,40,39,0,1
174,74,2,214514,5,4,2,11,0,4,1,0,0,40,39,0,1
175,17,0,127003,6,5,4,0,3,2,1,0,0,40,39,0,1
176,39,4,184801,9,13,2,10,0,4,1,0,0,40,39,1,1
177,31,4,289731,15,10,2,3,0,4,1,0,0,40,39,0,1
178,19,7,135162,15,10,4,1,3,4,0,0,0,10,39,0,1
179,59,6,32552,11,9,2,14,0,4,1,0,0,48,39,0,1
180,31,4,133861,7,12,0,4,1,4,1,0,0,40,39,0,1
181,51,4,219599,11,9,2,7,5,4,0,0,0,40,39,0,1
182,22,0,61499,11,9,4,0,1,4,0,0,0,40,39,0,1
183,48,4,146919,15,10,0,1,4,4,0,0,0,45,39,0,1
184,22,4,229456,15,10,4,1,3,2,0,0,0,35,39,0,1
185,50,6,196504,10,16,2,10,0,4,1,0,0,23,39,0,1
186,56,7,165867,10,16,2,10,0,4,1,0,0,40,39,1,1
187,23,4,53245,9,13,4,12,1,4,1,0,1602,12,39,0,1
188,47,2,244813,11,9,2,4,0,4,1,0,0,40,39,0,1
189,55,2,258121,14,15,2,10,0,4,1,0,1902,40,39,1,1
190,48,4,44907,9,13,0,13,1,4,0,0,0,45,39,0,1
191,30,4,140790,11,9,2,12,0,4,1,0,0,45,39,0,1
192,47,7,72333,11,9,0,1,4,1,0,0,0,40,39,0,1
193,49,2,193960,12,14,2,10,0,4,1,0,1902,40,39,1,1
194,34,4,60567,1,7,0,14,4,4,1,0,880,60,39,0,1
195,42,4,273230,9,13,2,10,0,4,1,0,0,90,39,0,1
196,33,1,182714,14,15,4,10,1,4,0,0,0,65,39,1,1
197,29,4,100764,9,13,2,4,0,4,1,0,0,45,39,1,1
198,49,5,229737,14,15,2,10,0,4,1,99999,0,37,39,1,1
199,27,4,95108,9,13,4,10,1,4,1,0,0,40,39,0,1
200,64,7,143880,9,13,2,10,0,4,1,0,0,40,39,1,1
201,38,4,130007,9,13,4,8,1,4,1,0,0,40,39,0,1
202,41,4,244945,15,10,2,4,0,4,1,0,0,65,39,1,1
203,24,4,131230,11,9,4,1,1,4,1,0,0,40,39,0,1
204,42,2,69758,7,12,0,11,1,1,1,0,0,48,39,1,1
205,43,6,113211,11,9,2,4,5,4,0,0,0,40,39,0,1
206,38,4,117802,12,14,2,4,0,4,1,7688,0,60,39,1,1
207,53,5,69372,10,16,2,12,0,1,1,0,0,40,19,1,1
208,26,4,102460,15,10,2,1,0,4,1,0,0,40,39,0,1
209,45,1,56904,9,13,2,1,0,4,1,5013,0,45,39,0,1
210,46,1,83610,9,13,2,1,0,4,1,0,0,40,39,1,1
211,24,4,176389,9,13,4,3,3,4,1,0,0,40,39,0,1
212,53,4,81794,2,8,2,1,5,4,0,0,0,40,39,0,1
213,20,4,112668,15,10,4,8,3,4,0,0,0,20,39,0,1
214,44,4,117936,11,9,2,3,0,2,1,0,0,40,39,0,1
215,25,4,130302,11,9,4,6,4,4,1,0,0,40,39,0,1
216,52,5,81436,14,15,2,12,0,4,1,0,0,40,39,1,1
217,58,4,159008,9,13,2,10,0,4,1,0,1887,40,39,1,1
218,27,4,110622,4,3,4,12,3,1,0,0,0,20,40,0,1
219,34,1,149368,14,15,2,10,0,4,1,0,0,40,39,1,1
220,41,6,174395,10,16,2,10,0,4,1,15024,0,55,39,1,1
221,33,4,53042,2,8,4,3,3,2,1,0,0,40,39,0,1
222,25,4,211424,9,13,4,4,3,4,1,0,0,40,39,0,1
223,27,4,538193,1,7,4,10,1,1,0,0,0,50,39,0,1
224,58,6,163047,9,13,0,10,1,4,0,0,0,40,39,0,1
225,49,4,122066,11,9,2,4,0,4,1,0,0,30,18,0,1
226,57,4,182062,0,6,2,8,0,4,1,0,0,40,39,0,1
227,37,4,60548,11,9,6,7,4,4,0,0,0,20,39,0,1
228,37,6,202683,11,9,2,10,0,4,1,0,0,40,39,0,1
229,59,4,165922,9,13,2,10,0,4,1,15024,0,40,39,1,1
230,23,7,340605,9,13,4,1,1,4,0,0,0,12,39,0,1
231,29,4,262208,15,10,4,8,1,2,0,0,0,30,23,0,1
232,21,4,120326,15,10,4,1,3,4,0,0,0,40,39,0,1
233,65,4,118779,11,9,2,3,0,4,1,0,0,30,39,0,1
234,33,4,408813,9,13,4,1,1,4,0,0,0,50,39,0,1
235,46,4,163324,11,9,2,8,5,4,0,0,0,40,39,0,1
236,17,4,178953,2,8,4,12,3,4,0,0,0,20,39,0,1
237,55,4,277034,15,10,0,11,1,4,1,0,0,40,39,0,1
238,39,4,255503,9,13,4,4,1,4,1,0,0,40,39,1,1
239,57,2,22975,12,14,2,4,0,2,1,0,0,40,39,1,1
240,17,4,117549,1,7,4,12,3,2,0,0,0,35,39,0,1
241,57,4,204751,15,10,2,3,0,4,1,0,0,40,39,1,1
242,37,4,46385,11,9,2,7,0,4,1,0,0,40,39,0,1
243,34,4,289984,11,9,0,9,4,2,0,0,0,30,39,0,1
244,55,1,171870,11,9,2,1,0,4,1,0,0,46,39,1,1
245,46,4,344415,10,16,2,10,0,4,1,0,0,40,39,1,1
246,47,4,124973,8,11,2,4,0,4,1,15024,0,50,39,1,1
247,24,4,131220,11,9,4,1,3,2,0,0,0,40,39,0,1
248,43,7,345969,14,15,2,10,0,4,1,0,0,50,39,1,1
249,36,2,287821,9,13,2,1,5,4,0,0,0,40,39,1,1
250,18,4,78181,15,10,4,8,2,4,0,0,0,40,39,0,1
251,50,4,98975,9,13,2,1,0,4,1,15024,0,40,39,1,1
252,21,4,186849,11,9,4,6,3,4,1,0,0,40,39,0,1
253,31,4,81846,11,9,2,1,0,1,1,0,0,40,39,0,1
254,45,4,358701,2,8,4,8,3,4,1,0,0,10,26,0,1
255,53,2,204397,11,9,2,4,0,4,1,0,0,60,39,0,1
256,31,4,179186,9,13,2,12,0,2,1,0,0,90,39,1,1
257,25,4,259715,11,9,2,5,0,4,1,0,0,50,39,0,1
258,34,6,56460,11,9,2,5,5,4,0,0,2179,12,39,0,1
259,31,4,156493,11,9,4,10,3,4,1,0,0,40,39,0,1
260,45,4,168262,12,14,0,10,1,4,1,0,0,40,39,0,1
261,29,4,78261,11,9,5,11,1,4,1,0,0,55,39,0,1
262,26,4,57593,1,7,2,3,0,4,1,0,0,40,39,0,1
263,30,4,348592,11,9,2,7,0,4,1,0,0,44,39,0,1
264,37,4,221850,12,14,2,4,0,4,1,0,0,50,7,1,1
265,41,4,381510,15,10,4,8,3,4,1,0,0,50,39,0,1
266,27,7,208406,9,13,4,10,1,4,1,0,0,30,39,0,1
267,39,4,316211,9,13,4,10,1,4,1,0,0,40,39,1,1
268,56,4,149686,6,5,6,7,4,4,0,0,0,40,39,0,1
269,39,4,120074,11,9,0,6,1,4,1,0,0,40,39,0,1
270,43,4,27766,9,13,5,4,4,4,1,0,0,60,39,1,1
271,47,4,170850,11,9,2,6,0,4,1,4064,0,60,39,0,1
272,44,4,147110,15,10,0,1,3,4,1,14344,0,40,39,1,1
273,32,4,194740,15,10,2,3,0,4,1,0,0,55,12,0,1
274,38,4,186145,15,10,2,12,5,4,0,0,0,40,39,1,1
275,27,4,295289,15,10,4,8,3,2,0,0,0,30,39,0,1
276,23,4,325179,11,9,2,12,0,4,1,0,0,40,39,1,1
277,18,4,126021,11,9,4,3,3,4,0,0,0,20,39,0,1
278,41,4,144144,11,9,4,6,4,2,0,0,0,30,39,0,1
279,17,4,151799,1,7,4,8,3,4,0,0,0,20,39,0,1
280,19,4,170720,11,9,4,12,3,4,1,0,0,20,39,0,1
281,64,7,33342,15,10,0,1,1,4,0,0,0,40,39,0,1
282,33,4,102270,11,9,2,8,5,4,0,0,0,30,39,0,1
283,38,4,171150,7,12,2,10,0,4,1,0,0,40,39,1,1
284,24,4,174138,7,12,2,3,0,4,1,0,0,40,39,0,1
285,22,4,448626,15,10,4,12,3,4,1,0,0,40,39,0,1
286,54,4,105428,11,9,2,3,0,4,1,0,0,40,39,0,1
287,33,4,84154,15,10,2,13,0,4,1,0,0,20,39,0,1
288,30,4,312667,15,10,2,3,0,4,1,0,0,40,39,0,1
289,26,4,148298,11,9,4,4,1,4,0,0,0,50,39,0,1
290,60,4,241013,11,9,2,7,0,2,1,0,0,40,39,0,1
291,43,4,273230,15,10,2,4,0,4,1,0,0,50,39,1,1
292,22,4,119474,11,9,4,12,3,4,0,1055,0,25,39,0,1
293,65,5,338316,15,10,2,12,0,4,1,0,0,40,39,0,1
294,28,1,298661,9,13,4,13,1,2,0,0,0,40,39,0,1
295,39,4,215150,6,5,0,6,1,4,1,0,0,50,39,0,1
296,42,4,138662,15,10,5,1,3,4,0,0,0,40,39,0,1
297,29,4,253262,15,10,4,3,1,4,0,0,0,40,39,0,1
298,22,4,138542,15,10,2,6,0,4,1,0,0,35,39,0,1
299,40,4,110732,11,9,4,1,3,4,0,0,0,50,39,0,1
300,60,4,174486,11,9,6,7,1,4,0,0,0,40,39,0,1
301,23,4,99408,15,10,0,1,3,4,0,0,0,40,39,0,1
302,31,4,169240,11,9,4,8,1,4,0,0,0,40,39,0,1
303,24,4,148320,15,10,2,1,0,2,1,0,0,40,39,0,1
304,33,4,105974,11,9,4,3,1,4,1,0,0,41,39,0,1
305,55,0,389479,12,14,2,0,0,4,1,0,0,50,39,1,1
306,41,4,207779,11,9,5,8,1,4,0,0,0,40,39,0,1
307,42,4,204235,15,10,2,10,0,4,1,0,0,40,39,1,1
308,31,4,219117,15,10,0,4,4,4,0,5455,0,60,39,0,1
309,27,7,21306,7,12,4,1,1,4,0,0,0,40,11,0,1
310,36,4,32709,15,10,0,12,1,4,0,3325,0,45,39,0,1
311,20,4,162688,8,11,4,8,3,4,1,0,0,40,39,0,1
312,39,4,40955,14,15,0,10,1,4,1,0,0,45,39,1,1
313,29,4,445480,2,8,2,7,2,4,1,0,0,40,39,0,1
314,40,1,105119,9,13,2,11,0,4,1,0,0,40,39,0,1
315,48,4,187715,7,12,2,3,0,4,1,0,1848,46,39,1,1
316,25,2,366796,9,13,4,10,1,4,0,0,0,40,39,0,1
317,22,4,184756,15,10,4,12,3,4,0,0,0,30,39,0,1
318,36,4,135293,9,13,0,10,4,4,0,1506,0,45,0,0,1
319,43,4,331894,15,10,2,14,0,4,1,0,0,60,39,1,1
320,56,4,143266,15,10,2,4,0,4,1,0,0,40,39,1,1
321,23,4,166527,15,10,4,4,3,3,0,0,0,40,39,0,1
322,32,4,162572,12,14,2,4,0,4,1,0,1977,48,39,1,1
323,41,7,132551,12,14,0,10,4,4,0,0,0,35,39,0,1
324,39,4,312271,15,10,2,12,0,4,1,0,0,60,39,0,1
325,37,4,184456,9,13,2,12,0,4,1,0,0,40,39,1,1
326,53,4,290688,11,9,2,3,0,4,1,0,0,52,39,1,1
327,30,4,329425,15,10,2,7,0,4,1,0,0,40,39,0,1
328,55,6,79011,11,9,2,5,0,1,1,0,0,70,39,0,1
329,70,0,172652,12,14,2,0,0,4,1,0,0,8,39,0,1
330,63,4,108097,15,10,2,3,0,4,1,10566,0,45,39,0,1
331,60,2,119986,11,9,2,8,0,4,1,0,0,40,39,0,1
332,42,6,64632,11,9,2,4,0,4,1,0,0,50,39,0,1
333,25,1,339956,15,10,2,11,0,2,1,0,0,40,39,0,1
334,43,6,147230,9,13,2,4,0,4,1,0,0,60,39,0,1
335,30,4,345898,11,9,4,3,1,2,1,0,0,46,39,0,1
336,45,4,83064,9,13,2,12,0,4,1,0,0,50,39,0,1
337,44,4,173382,7,12,0,13,4,4,0,0,0,40,39,0,1
338,66,4,214469,11,9,6,1,1,4,0,0,0,13,39,0,1
339,31,4,177675,9,13,2,12,0,4,1,0,0,40,39,1,1
340,48,5,56975,11,9,0,12,4,1,0,0,0,84,0,0,1
341,37,4,22149,11,9,4,8,3,0,1,0,0,18,39,0,1
342,28,2,251854,15,10,4,1,4,2,0,0,0,40,39,0,1
343,44,6,190290,15,10,3,4,1,4,1,0,0,80,10,0,1
344,33,6,422960,15,10,2,10,5,4,0,0,0,60,39,1,1
345,18,4,332125,11,9,4,7,2,4,1,2176,0,25,39,0,1
346,39,4,33223,11,9,2,1,0,4,1,0,0,40,39,1,1
347,21,4,116234,15,10,4,7,1,4,1,0,0,44,39,0,1
348,30,4,149531,15,10,2,12,0,4,1,0,0,40,39,0,1
349,30,4,176871,15,10,5,1,4,2,0,0,0,40,39,0,1
350,42,6,29962,9,13,2,12,0,4,1,0,0,48,39,0,1
351,61,4,181200,11,9,0,14,1,4,1,0,1564,40,39,1,1
352,30,4,148524,11,9,2,14,0,4,1,0,2057,40,39,0,1
353,32,6,27939,15,10,2,12,0,0,1,0,0,60,39,0,1
354,33,4,226525,11,9,0,4,1,4,1,0,0,60,39,0,1
355,34,4,141058,15,10,2,8,0,4,1,0,0,62,26,0,1
356,35,0,169809,9,13,2,0,0,4,1,0,0,20,39,0,1
357,43,2,174491,11,9,0,13,1,2,0,0,0,40,39,0,1
358,41,4,282882,11,9,4,12,4,2,0,0,0,40,39,0,1
359,30,5,356689,11,9,2,6,0,4,1,0,0,60,39,0,1
360,21,4,355287,6,5,4,7,1,4,1,0,0,48,26,0,1
361,17,4,350995,2,8,4,8,3,4,1,0,0,16,39,0,1
362,51,4,312446,9,13,2,4,0,4,1,0,0,37,39,1,1
363,55,4,326297,11,9,5,1,1,4,0,0,0,25,39,0,1
364,53,4,157229,7,12,2,12,5,1,0,0,0,40,19,0,1
365,23,4,215624,15,10,4,7,4,1,1,0,0,40,40,0,1
366,27,4,133425,11,9,4,4,1,4,0,0,0,50,39,0,1
367,58,4,123886,11,9,4,12,2,2,0,0,0,40,39,0,1
368,53,4,295520,6,5,6,12,4,2,0,0,0,25,39,0,1
369,39,4,117381,15,10,0,14,1,4,1,0,0,65,39,0,1
370,63,6,344128,9,13,2,12,0,4,1,0,0,50,39,1,1
371,19,7,61710,15,10,4,8,3,4,0,0,0,12,39,0,1
372,45,1,90533,9,13,4,4,1,4,0,0,0,45,39,0,1
373,28,4,159623,11,9,2,3,0,4,1,0,0,40,39,0,1
374,73,6,252431,15,10,2,10,5,4,0,0,0,1,39,0,1
375,17,4,148522,1,7,4,8,3,4,1,0,1721,15,39,0,1
376,46,4,180695,15,10,4,1,3,4,0,0,0,40,39,0,1
377,58,4,152731,9,13,2,12,0,4,1,0,0,40,39,1,1
378,41,6,203451,15,10,0,10,1,4,0,0,0,15,39,0,1
379,53,6,168539,6,5,2,5,0,4,1,0,0,70,39,0,1
380,18,4,261720,11,9,4,1,1,4,0,0,0,40,39,0,1
381,56,4,76281,9,13,3,10,4,4,0,0,0,40,39,0,1
382,46,4,422813,15,10,2,1,0,4,1,0,0,40,39,1,1
383,53,4,73134,11,9,2,12,0,4,1,15024,0,60,39,1,1
384,37,4,170020,11,9,2,3,0,4,1,0,0,40,39,0,1
385,71,0,193863,5,4,6,0,2,4,0,0,0,16,31,0,1
386,60,4,71683,6,5,2,7,0,4,1,0,0,49,39,0,1
387,17,4,721712,0,6,4,8,3,4,1,0,0,15,39,0,1
388,54,4,161691,12,14,0,10,1,4,0,0,2559,40,39,1,1
389,51,4,163826,11,9,2,14,0,4,1,0,0,40,39,1,1
390,27,4,80165,15,10,5,1,4,4,0,0,0,20,39,0,1
391,45,1,109209,9,13,4,1,1,4,1,0,0,45,39,0,1
392,58,5,154537,11,9,2,4,5,4,0,0,0,20,39,1,1
393,48,2,93449,14,15,2,10,0,1,1,99999,0,40,30,1,1
394,29,4,259226,1,7,4,7,3,4,1,0,0,48,39,0,1
395,22,4,157332,11,9,4,8,3,4,0,0,0,35,39,0,1
396,27,4,310483,9,13,0,10,1,4,1,0,0,50,39,0,1
397,65,4,196174,0,6,0,6,1,4,0,0,0,28,39,0,1
398,46,4,126513,11,9,5,3,4,2,0,0,0,40,0,0,1
399,60,6,89884,11,9,2,12,0,4,1,0,0,50,39,0,1
400,41,4,220531,10,16,2,10,0,4,1,0,0,50,39,1,1
401,33,4,142383,7,12,4,12,1,3,1,0,0,36,39,0,1
402,37,4,172846,15,10,2,12,0,4,1,0,0,45,39,1,1
403,30,2,131776,12,14,4,1,1,4,0,0,0,40,39,0,1
404,90,4,313986,1,7,2,3,0,4,1,0,0,40,39,0,1
405,36,4,383566,9,13,2,4,0,4,1,15024,0,55,9,1,1
406,20,4,208117,15,10,4,8,3,4,0,0,0,18,39,0,1
407,41,6,171003,5,4,4,8,4,4,0,0,0,30,39,0,1
408,44,2,193425,12,14,2,10,5,4,0,4386,0,40,39,1,1
409,57,2,44273,11,9,6,14,1,4,0,0,0,40,39,0,1
410,66,6,58326,1,7,0,8,1,4,0,0,0,40,39,1,1
411,56,5,321529,15,10,2,4,0,4,1,15024,0,40,39,1,1
412,49,4,133729,15,10,2,8,0,4,1,0,0,17,39,0,1
413,35,4,188888,9,13,4,12,1,4,1,0,0,40,39,1,1
414,32,7,438711,15,10,2,10,5,2,0,0,0,40,39,0,1
415,26,4,241626,11,9,0,1,1,4,1,0,0,40,39,0,1
416,36,4,220696,11,9,0,7,1,4,1,0,0,40,39,0,1
417,30,4,306383,15,10,0,6,1,4,1,0,0,50,39,0,1
418,32,4,24529,8,11,2,12,0,4,1,5178,0,60,39,1,1
419,57,4,98926,15,10,6,13,1,4,0,0,0,16,39,0,1
420,35,4,214891,11,9,2,14,0,3,1,0,0,40,6,0,1
421,43,4,170525,9,13,0,10,1,4,0,14344,0,40,39,1,1
422,46,4,51618,11,9,2,8,5,4,0,0,0,40,39,0,1
423,69,4,185691,1,7,2,1,0,4,1,0,0,20,39,0,1
424,37,4,212512,11,9,2,7,0,4,1,3464,0,50,39,0,1
425,46,4,267107,4,3,2,3,5,4,0,0,0,45,22,0,1
426,45,4,240841,12,14,4,10,1,4,0,0,0,40,39,0,1
427,31,4,176969,9,13,4,4,1,4,1,0,0,55,39,0,1
428,32,2,349148,7,12,2,3,0,4,1,0,0,40,39,1,1
429,57,4,173796,11,9,2,14,0,4,1,0,1887,40,39,1,1
430,19,0,204441,11,9,4,0,2,2,1,0,0,20,39,0,1
431,41,2,133692,9,13,0,11,4,4,0,0,0,40,39,0,1
432,32,4,53135,11,9,4,7,1,4,1,0,0,40,39,0,1
433,29,4,82393,11,9,4,7,3,1,1,0,0,40,11,0,1
434,26,4,126829,15,10,4,12,1,4,1,0,0,40,39,0,1
435,36,4,99146,11,9,2,7,0,4,1,0,0,45,39,1,1
436,58,5,190541,11,9,4,12,1,4,1,0,0,47,39,0,1
437,32,4,335569,11,9,2,3,0,4,1,0,0,40,39,0,1
438,37,4,50837,12,14,2,10,0,4,1,0,0,45,39,1,1
439,44,4,167333,11,9,4,8,3,4,1,0,0,40,39,0,1
440,30,6,178255,9,13,2,12,0,4,1,0,0,70,0,0,1
441,19,4,164123,1,7,4,8,1,2,1,0,0,40,39,0,1
442,42,4,79036,11,9,0,6,4,4,1,0,0,40,39,0,1
443,36,4,297449,9,13,0,10,1,4,1,14084,0,40,39,1,1
444,55,4,80167,9,13,0,10,4,4,0,0,0,40,39,0,1
445,63,4,85420,15,10,2,4,0,4,1,0,0,10,39,0,1
446,32,4,200246,9,13,2,4,0,4,1,0,0,40,39,1,1
447,30,4,210851,15,10,2,3,0,4,1,0,0,40,39,0,1
448,49,4,402462,9,13,3,14,4,4,1,0,0,30,4,0,1
449,24,4,140001,9,13,4,4,1,4,1,0,0,40,39,0,1
450,36,4,219745,11,9,5,3,1,4,1,0,0,40,39,0,1
451,25,4,151810,11,9,4,7,1,2,1,0,0,28,39,0,1
452,27,7,431637,14,15,4,10,1,4,1,0,0,70,39,0,1
453,36,2,51424,11,9,0,1,4,4,0,0,0,40,39,0,1
454,77,0,152900,4,3,2,0,0,4,1,0,0,20,39,0,1
455,20,4,117109,15,10,4,1,2,2,0,0,0,24,39,0,1
456,33,4,213308,8,11,5,1,3,2,0,0,0,50,39,0,1
457,47,4,195963,5,4,4,14,1,3,1,0,0,48,33,0,1
458,35,4,166235,15,10,4,7,1,2,0,0,0,30,39,0,1
459,66,4,141085,11,9,6,9,1,4,0,0,0,8,39,0,1
460,49,6,171540,15,10,2,5,0,4,1,0,0,60,39,0,1
461,38,4,20308,11,9,2,1,0,4,1,0,0,40,39,1,1
462,35,4,101387,11,9,0,12,1,4,0,0,0,50,39,0,1
463,49,4,323773,1,7,2,9,2,4,0,0,0,40,39,0,1
464,44,6,315406,1,7,2,5,0,4,1,0,0,88,39,0,1
465,42,2,175674,6,5,2,8,0,4,1,0,0,40,39,0,1
466,30,4,433325,0,6,2,3,0,4,1,0,0,40,26,0,1
467,50,6,95577,11,9,2,8,5,4,0,0,0,12,0,0,1
468,25,7,104097,12,14,4,4,1,4,1,0,0,40,39,0,1
469,44,4,166740,8,11,2,13,0,4,1,0,0,45,39,0,1
470,28,4,96020,9,13,2,4,5,4,0,0,0,50,39,1,1
471,49,4,165937,11,9,2,8,0,4,1,0,0,40,39,0,1
472,30,4,81282,11,9,4,8,4,4,0,0,0,40,39,0,1
473,60,0,191024,11,9,2,0,0,4,1,0,0,40,39,0,1
474,49,7,139268,15,10,2,8,0,4,1,0,0,70,39,1,1
475,20,0,346341,15,10,4,0,1,4,0,0,0,35,39,0,1
476,34,1,172716,2,8,2,2,0,4,1,0,0,40,39,0,1
477,29,4,107108,15,10,2,1,0,0,1,0,0,40,39,0,1
478,31,5,256362,9,13,2,12,0,4,1,3908,0,50,39,0,1
479,33,4,231826,5,4,2,7,0,4,1,0,0,40,26,0,1
480,21,4,109667,15,10,4,8,3,4,1,0,0,40,39,0,1
481,35,4,105138,9,13,2,13,0,4,1,0,0,40,39,1,1
482,63,6,122442,15,10,2,8,0,4,1,0,0,48,39,0,1
483,27,4,153288,15,10,2,14,0,4,1,0,0,40,39,0,1
484,22,4,190916,1,7,0,12,2,4,0,0,0,25,39,0,1
485,23,4,330571,9,13,4,1,3,4,0,0,0,25,39,0,1
486,25,4,407714,11,9,4,7,1,4,1,0,0,40,39,0,1
487,49,5,187563,15,10,2,14,0,4,1,0,0,50,39,1,1
488,64,1,113570,7,12,2,11,0,2,1,0,0,40,39,0,1
489,47,4,183013,11,9,2,8,0,4,1,0,0,40,39,0,1
490,22,4,193089,11,9,4,6,1,4,1,0,0,43,39,0,1
491,50,4,215990,11,9,2,3,0,4,1,0,0,40,39,1,1
492,31,7,190305,12,14,2,10,0,4,1,0,0,50,39,0,1
493,53,6,263925,9,13,2,12,0,4,1,0,0,40,2,1,1
494,58,6,194733,15,10,2,10,0,4,1,0,0,45,39,0,1
495,41,4,174196,15,10,2,1,5,2,0,0,0,40,39,0,1
496,33,4,275369,5,4,5,6,1,2,1,0,0,35,14,0,1
497,57,4,334224,15,10,2,3,5,4,0,9386,0,40,39,1,1
498,28,7,38309,9,13,4,10,3,4,1,6849,0,40,39,0,1
499,35,4,61343,15,10,2,12,0,4,1,0,0,45,39,0,1
